INFO:     Will watch for changes in these directories: ['C:\\bi ye she ji\\backend']
INFO:     Uvicorn running on http://0.0.0.0:8000 (Press CTRL+C to quit)
INFO:     Started reloader process [12312] using WatchFiles
INFO:     Started server process [5564]
INFO:     Waiting for application startup.
[32m2026-09-06 11:44:27.132[0m | [1mINFO    [0m | [36msrc.infrastructure.database[0m:[36m54[0m - [1m数据库表结构同步完成（create_all）[0m
[32m2026-09-06 11:44:27.147[0m | [1mINFO    [0m | [36msrc.main[0m:[36m27[0m - [1mKnowledge Platform API v0.1.0 启动完成（环境：dev）[0m
INFO:     Application startup complete.
C:\bi ye she ji\backend\venv\Lib\site-packages\jwt\api_jwt.py:147: InsecureKeyLengthWarning: The HMAC key is 23 bytes long, which is below the minimum recommended length of 32 bytes for SHA256. See RFC 7518 Section 3.2.
  return self._jws.encode(
C:\bi ye she ji\backend\venv\Lib\site-packages\jwt\api_jwt.py:368: InsecureKeyLengthWarning: The HMAC key is 23 bytes long, which is below the minimum recommended length of 32 bytes for SHA256. See RFC 7518 Section 3.2.
  decoded = self.decode_complete(
[32m2026-09-06 11:45:05.725[0m | [1mINFO    [0m | [36msrc.application.index_runner[0m:[36m41[0m - [1m开始向量化文档 doc_id=5f87e25c-7565-4044-8e5a-0b5bfee4179f[0m
[32m2026-09-06 11:45:05.854[0m | [1mINFO    [0m | [36msrc.application.index_runner[0m:[36m41[0m - [1m开始向量化文档 doc_id=8dbaf1ef-66e4-4075-9726-8a4a31f16acd[0m
[32m2026-09-06 11:45:05.956[0m | [1mINFO    [0m | [36msrc.application.index_runner[0m:[36m41[0m - [1m开始向量化文档 doc_id=d6069fe2-ce10-461b-ae1f-ae6930f0120f[0m
[32m2026-09-06 11:45:06.209[0m | [1mINFO    [0m | [36msrc.application.index_runner[0m:[36m41[0m - [1m开始向量化文档 doc_id=8b99f300-2614-4d29-a410-8cfa3cb10d3b[0m
[32m2026-09-06 11:45:06.278[0m | [1mINFO    [0m | [36msrc.application.index_runner[0m:[36m41[0m - [1m开始向量化文档 doc_id=d28d0fe9-7eff-4b0b-90ac-4fadffa3aa78[0m
[32m2026-09-06 11:45:06.368[0m | [1mINFO    [0m | [36msrc.application.index_runner[0m:[36m41[0m - [1m开始向量化文档 doc_id=feb870ee-8b70-46ba-9b4f-ccf1af391c5d[0m
[32m2026-09-06 11:45:06.447[0m | [1mINFO    [0m | [36msrc.application.index_runner[0m:[36m41[0m - [1m开始向量化文档 doc_id=f93261c2-49e9-4865-8f9f-1668f34f7360[0m
C:\bi ye she ji\backend\venv\Lib\site-packages\jwt\api_jwt.py:368: InsecureKeyLengthWarning: The HMAC key is 23 bytes long, which is below the minimum recommended length of 32 bytes for SHA256. See RFC 7518 Section 3.2.
  decoded = self.decode_complete(
[32m2026-09-06 11:45:06.603[0m | [1mINFO    [0m | [36msrc.application.index_runner[0m:[36m41[0m - [1m开始向量化文档 doc_id=317e80c1-6f23-408d-a48b-486bca29a3fe[0m
[32m2026-09-06 11:45:06.684[0m | [1mINFO    [0m | [36msrc.application.index_runner[0m:[36m41[0m - [1m开始向量化文档 doc_id=c8eedada-92eb-4d39-abfe-39966b47a3ae[0m
[32m2026-09-06 11:45:06.764[0m | [1mINFO    [0m | [36msrc.application.index_runner[0m:[36m41[0m - [1m开始向量化文档 doc_id=a3386ef6-aa84-4059-9070-963676e19b99[0m
[32m2026-09-06 11:45:06.843[0m | [1mINFO    [0m | [36msrc.application.index_runner[0m:[36m41[0m - [1m开始向量化文档 doc_id=9666b889-929e-4298-baad-b6eb0f4d320b[0m
[32m2026-09-06 11:45:06.921[0m | [1mINFO    [0m | [36msrc.application.index_runner[0m:[36m41[0m - [1m开始向量化文档 doc_id=0dd8a847-2631-4096-80d9-2736655168b4[0m
[32m2026-09-06 11:45:06.996[0m | [1mINFO    [0m | [36msrc.application.index_runner[0m:[36m41[0m - [1m开始向量化文档 doc_id=711b037b-d798-419d-858f-a8e0aaa742ec[0m
[32m2026-09-06 11:45:07.073[0m | [1mINFO    [0m | [36msrc.application.index_runner[0m:[36m41[0m - [1m开始向量化文档 doc_id=a25d041d-8690-4252-b9b0-7b56e16fd593[0m
[32m2026-09-06 11:45:07.153[0m | [1mINFO    [0m | [36msrc.application.index_runner[0m:[36m41[0m - [1m开始向量化文档 doc_id=929b9d2d-ad1b-43b2-b8ee-a167a0c5661f[0m
C:\bi ye she ji\backend\venv\Lib\site-packages\jwt\api_jwt.py:368: InsecureKeyLengthWarning: The HMAC key is 23 bytes long, which is below the minimum recommended length of 32 bytes for SHA256. See RFC 7518 Section 3.2.
  decoded = self.decode_complete(
[32m2026-09-06 11:45:07.238[0m | [1mINFO    [0m | [36msrc.application.index_runner[0m:[36m41[0m - [1m开始向量化文档 doc_id=3b9d88b0-d343-40ac-a7a9-bb35346e0269[0m
[32m2026-09-06 11:45:07.314[0m | [1mINFO    [0m | [36msrc.application.index_runner[0m:[36m41[0m - [1m开始向量化文档 doc_id=58cce43d-d454-4bcf-b023-029ccbebd0c7[0m
[32m2026-09-06 11:45:07.390[0m | [1mINFO    [0m | [36msrc.application.index_runner[0m:[36m41[0m - [1m开始向量化文档 doc_id=f8c2473d-3ecf-4ca2-adbd-b2dca4c5d857[0m
[32m2026-09-06 11:45:07.467[0m | [1mINFO    [0m | [36msrc.application.index_runner[0m:[36m41[0m - [1m开始向量化文档 doc_id=9d82402c-3d4f-45d9-81c4-d7abec5a98cc[0m
[32m2026-09-06 11:45:07.545[0m | [1mINFO    [0m | [36msrc.application.index_runner[0m:[36m41[0m - [1m开始向量化文档 doc_id=dbd710dc-ca0d-4084-9002-e75ca90e4ba9[0m
C:\bi ye she ji\backend\venv\Lib\site-packages\jwt\api_jwt.py:368: InsecureKeyLengthWarning: The HMAC key is 23 bytes long, which is below the minimum recommended length of 32 bytes for SHA256. See RFC 7518 Section 3.2.
  decoded = self.decode_complete(
[32m2026-09-06 11:45:10.639[0m | [1mINFO    [0m | [36msrc.application.index_runner[0m:[36m41[0m - [1m开始向量化文档 doc_id=16f4c6d8-3414-4acf-8616-646c47f49b00[0m
[32m2026-09-06 11:45:10.732[0m | [1mINFO    [0m | [36msrc.application.index_runner[0m:[36m41[0m - [1m开始向量化文档 doc_id=001f1822-0b62-4a68-b26f-dfb2643b4f92[0m
[32m2026-09-06 11:45:10.808[0m | [1mINFO    [0m | [36msrc.application.index_runner[0m:[36m41[0m - [1m开始向量化文档 doc_id=43c40937-9c0b-4c08-b905-f2b8f959d27b[0m
[32m2026-09-06 11:45:10.883[0m | [1mINFO    [0m | [36msrc.application.index_runner[0m:[36m41[0m - [1m开始向量化文档 doc_id=a0841b7a-9edd-4415-9dc2-29d1ce967610[0m
[32m2026-09-06 11:45:10.956[0m | [1mINFO    [0m | [36msrc.application.index_runner[0m:[36m41[0m - [1m开始向量化文档 doc_id=07e59afa-47ed-47aa-887e-ba910c8e0ff5[0m
[32m2026-09-06 11:45:11.029[0m | [1mINFO    [0m | [36msrc.application.index_runner[0m:[36m41[0m - [1m开始向量化文档 doc_id=02d11d40-0e94-4dbb-9857-ea47b04a3a68[0m
[32m2026-09-06 11:45:11.106[0m | [1mINFO    [0m | [36msrc.application.index_runner[0m:[36m41[0m - [1m开始向量化文档 doc_id=61dd9c94-610c-46c4-93ff-32f3b1f9e129[0m
[32m2026-09-06 11:45:11.182[0m | [1mINFO    [0m | [36msrc.application.index_runner[0m:[36m41[0m - [1m开始向量化文档 doc_id=b82e1332-6497-4a20-9f2a-5076ffd100c6[0m
[32m2026-09-06 11:45:11.257[0m | [1mINFO    [0m | [36msrc.application.index_runner[0m:[36m41[0m - [1m开始向量化文档 doc_id=6477b08a-305f-4f27-82be-b3455d12901f[0m
[32m2026-09-06 11:45:11.333[0m | [1mINFO    [0m | [36msrc.application.index_runner[0m:[36m41[0m - [1m开始向量化文档 doc_id=54905853-95e9-4e4b-b007-6fbedaea64da[0m
[32m2026-09-06 11:45:11.408[0m | [1mINFO    [0m | [36msrc.application.index_runner[0m:[36m41[0m - [1m开始向量化文档 doc_id=75da6561-8289-4726-a2a2-74c8d8bc5c3c[0m
[32m2026-09-06 11:45:11.482[0m | [1mINFO    [0m | [36msrc.application.index_runner[0m:[36m41[0m - [1m开始向量化文档 doc_id=25d7a635-9143-4dff-b7c8-7e562c05bd92[0m
[32m2026-09-06 11:45:11.558[0m | [1mINFO    [0m | [36msrc.application.index_runner[0m:[36m41[0m - [1m开始向量化文档 doc_id=9caf6bac-8f63-4942-b483-f2934af9fb1c[0m
[32m2026-09-06 11:45:11.633[0m | [1mINFO    [0m | [36msrc.application.index_runner[0m:[36m41[0m - [1m开始向量化文档 doc_id=dfd022d3-67ea-442d-8d2b-8872fc97711e[0m
[32m2026-09-06 11:45:11.706[0m | [1mINFO    [0m | [36msrc.application.index_runner[0m:[36m41[0m - [1m开始向量化文档 doc_id=262bf202-6b71-4d17-b031-8c373b0ce302[0m
[32m2026-09-06 11:45:11.795[0m | [1mINFO    [0m | [36msrc.application.index_runner[0m:[36m41[0m - [1m开始向量化文档 doc_id=f8833a82-b4a5-40c6-b1ad-616515c29851[0m
[32m2026-09-06 11:45:11.867[0m | [1mINFO    [0m | [36msrc.application.index_runner[0m:[36m41[0m - [1m开始向量化文档 doc_id=84620cd2-23e8-45e8-b4c4-20a165d9615a[0m
[32m2026-09-06 11:45:11.944[0m | [1mINFO    [0m | [36msrc.application.index_runner[0m:[36m41[0m - [1m开始向量化文档 doc_id=087cdcb0-c559-4bdd-aa22-a687e780662d[0m
[32m2026-09-06 11:45:12.029[0m | [1mINFO    [0m | [36msrc.application.index_runner[0m:[36m41[0m - [1m开始向量化文档 doc_id=c239585a-ef50-465a-974f-1d85f431e101[0m
[32m2026-09-06 11:45:12.104[0m | [1mINFO    [0m | [36msrc.application.index_runner[0m:[36m41[0m - [1m开始向量化文档 doc_id=2c2e955f-c53c-4125-92ff-6eb7a5fedb98[0m
C:\bi ye she ji\backend\venv\Lib\site-packages\jwt\api_jwt.py:368: InsecureKeyLengthWarning: The HMAC key is 23 bytes long, which is below the minimum recommended length of 32 bytes for SHA256. See RFC 7518 Section 3.2.
  decoded = self.decode_complete(
C:\bi ye she ji\backend\venv\Lib\site-packages\jwt\api_jwt.py:368: InsecureKeyLengthWarning: The HMAC key is 23 bytes long, which is below the minimum recommended length of 32 bytes for SHA256. See RFC 7518 Section 3.2.
  decoded = self.decode_complete(
[32m2026-09-06 11:45:19.008[0m | [1mINFO    [0m | [36msrc.infrastructure.embedding[0m:[36m50[0m - [1m加载 BGE-M3 模型（device=cpu）…[0m
Loading weights:   0%|          | 0/391 [00:00<?, ?it/s]Loading weights: 100%|██████████| 391/391 [00:00<00:00, 21043.91it/s]
C:\bi ye she ji\backend\venv\Lib\site-packages\pymilvus\client\__init__.py:6: UserWarning: pkg_resources is deprecated as an API. See https://setuptools.pypa.io/en/latest/pkg_resources.html. The pkg_resources package is slated for removal as early as 2025-11-30. Refrain from using this package or pin to Setuptools<81.
  from pkg_resources import DistributionNotFound, get_distribution
2026-09-06 11:45:45,196 [ERROR][_create_connection]: Failed to create new connection using: a09620b90fa04f60aeb01e205397042c (milvus_client.py:852)
2026-09-06 11:45:45,197 [ERROR][_create_connection]: Failed to create new connection using: e219452739164249b7850536c75f92b1 (milvus_client.py:852)
[32m2026-09-06 11:45:45.197[0m | [31m[1mERROR   [0m | [36msrc.application.indexing_service[0m:[36m85[0m - [31m[1m文档向量化失败 doc_id=8dbaf1ef-66e4-4075-9726-8a4a31f16acd: Milvus 连接失败（http://localhost:19530）：<MilvusException: (code=2, message=Fail connecting to server on localhost:19530, illegal connection params or server unavailable)>[0m
[32m2026-09-06 11:45:45.198[0m | [31m[1mERROR   [0m | [36msrc.application.indexing_service[0m:[36m85[0m - [31m[1m文档向量化失败 doc_id=5f87e25c-7565-4044-8e5a-0b5bfee4179f: Milvus 连接失败（http://localhost:19530）：<MilvusException: (code=2, message=Fail connecting to server on localhost:19530, illegal connection params or server unavailable)>[0m
[32m2026-09-06 11:45:45.216[0m | [31m[1mERROR   [0m | [36msrc.api.routes.documents[0m:[36m133[0m - [31m[1m后台向量化任务执行失败 doc_id=8dbaf1ef-66e4-4075-9726-8a4a31f16acd[0m
[33m[1mTraceback (most recent call last):[0m

  File "[32mC:\bi ye she ji\backend\src\infrastructure\[0m[32m[1mmilvus_store.py[0m", line [33m93[0m, in [35m_get_client[0m
    [1mself[0m[35m[1m.[0m[1m_client[0m [35m[1m=[0m [1mMilvusClient[0m[1m([0m[1muri[0m[35m[1m=[0m[1mself[0m[35m[1m.[0m[1m_uri[0m[1m)[0m
    [36m│    │         │                │    └ [0m[36m[1m'http://localhost:19530'[0m
    [36m│    │         │                └ [0m[36m[1m<src.infrastructure.milvus_store.MilvusStore object at 0x0000028E69F91400>[0m
    [36m│    │         └ [0m[36m[1m<class 'pymilvus.milvus_client.milvus_client.MilvusClient'>[0m
    [36m│    └ [0m[36m[1mNone[0m
    [36m└ [0m[36m[1m<src.infrastructure.milvus_store.MilvusStore object at 0x0000028E69F91400>[0m

  File "C:\bi ye she ji\backend\venv\Lib\site-packages\pymilvus\milvus_client\milvus_client.py", line 65, in __init__
    self._using = self._create_connection(
    │             │    └ <function MilvusClient._create_connection at 0x0000028E60909260>
    │             └ <pymilvus.milvus_client.milvus_client.MilvusClient object at 0x0000028E604CD6D0>
    └ <pymilvus.milvus_client.milvus_client.MilvusClient object at 0x0000028E604CD6D0>
  File "C:\bi ye she ji\backend\venv\Lib\site-packages\pymilvus\milvus_client\milvus_client.py", line 853, in _create_connection
    raise ex from ex
  File "C:\bi ye she ji\backend\venv\Lib\site-packages\pymilvus\milvus_client\milvus_client.py", line 850, in _create_connection
    connections.connect(using, user, password, db_name, token, uri=uri, **kwargs)
    │           │       │      │     │         │        │          │      └ {'timeout': None}
    │           │       │      │     │         │        │          └ 'http://localhost:19530'
    │           │       │      │     │         │        └ ''
    │           │       │      │     │         └ ''
    │           │       │      │     └ ''
    │           │       │      └ ''
    │           │       └ 'a09620b90fa04f60aeb01e205397042c'
    │           └ <function Connections.connect at 0x0000028E6051A0C0>
    └ <pymilvus.orm.connections.Connections object at 0x0000028E604D12B0>
  File "C:\bi ye she ji\backend\venv\Lib\site-packages\pymilvus\orm\connections.py", line 461, in connect
    connect_milvus(**kwargs, user=user, password=password, token=token, db_name=db_name)
    │                │            │              │               │              └ ''
    │                │            │              │               └ ''
    │                │            │              └ ''
    │                │            └ ''
    │                └ {'timeout': None, 'address': 'localhost:19530'}
    └ <function Connections.connect.<locals>.connect_milvus at 0x0000028E60E0EDE0>
  File "C:\bi ye she ji\backend\venv\Lib\site-packages\pymilvus\orm\connections.py", line 411, in connect_milvus
    gh._wait_for_channel_ready(timeout=timeout)
    │  │                               └ 10.0
    │  └ <function GrpcHandler._wait_for_channel_ready at 0x0000028E604BFC40>
    └ <pymilvus.client.grpc_handler.GrpcHandler object at 0x0000028E604CDD10>
  File "C:\bi ye she ji\backend\venv\Lib\site-packages\pymilvus\client\grpc_handler.py", line 154, in _wait_for_channel_ready
    raise MilvusException(
          └ <class 'pymilvus.exceptions.MilvusException'>

[31m[1mpymilvus.exceptions.MilvusException[0m:[1m <MilvusException: (code=2, message=Fail connecting to server on localhost:19530, illegal connection params or server unavailable)>[0m


[1mThe above exception was the direct cause of the following exception:[0m


[33m[1mTraceback (most recent call last):[0m

  File "[32mC:\bi ye she ji\backend\src\application\[0m[32m[1mindexing_service.py[0m", line [33m83[0m, in [35mrun[0m
    [35m[1mawait[0m [1masyncio[0m[35m[1m.[0m[1mto_thread[0m[1m([0m[1mself[0m[35m[1m.[0m[1m_write_milvus[0m[1m,[0m [1mstr[0m[1m([0m[1mdoc[0m[35m[1m.[0m[1mid[0m[1m)[0m[1m,[0m [1mrows[0m[1m)[0m
    [36m      │       │         │    │                  │   │    └ [0m[36m[1m[VectorRow(id='44d17ebf-dcb5-4ee1-87a6-6fc5031723ac', doc_id='8dbaf1ef-66e4-4075-9726-8a4a31f16acd', kb_id='d739058a-3a16-452...[0m
    [36m      │       │         │    │                  │   └ [0m[36m[1m<sqlalchemy.orm.attributes.InstrumentedAttribute object at 0x0000028E68DDE660>[0m
    [36m      │       │         │    │                  └ [0m[36m[1m<src.domain.models.Document object at 0x0000028E69F8D440>[0m
    [36m      │       │         │    └ [0m[36m[1m<function IndexingService._write_milvus at 0x0000028E6A012A20>[0m
    [36m      │       │         └ [0m[36m[1m<src.application.indexing_service.IndexingService object at 0x0000028E6A070E10>[0m
    [36m      │       └ [0m[36m[1m<function to_thread at 0x0000028E659B4540>[0m
    [36m      └ [0m[36m[1m<module 'asyncio' from 'C:\\Users\\Administrator\\AppData\\Local\\Programs\\Python\\Python313\\Lib\\asyncio\\__init__.py'>[0m

  File "C:\Users\Administrator\AppData\Local\Programs\Python\Python313\Lib\asyncio\threads.py", line 26, in to_thread
    return await loop.run_in_executor(None, func_call)
                 │    │                     └ functools.partial(<built-in method run of _contextvars.Context object at 0x0000028E61043180>, <bound method IndexingService._...
                 │    └ <function BaseEventLoop.run_in_executor at 0x0000028E659AE2A0>
                 └ <ProactorEventLoop running=False closed=True debug=False>
  File "C:\Users\Administrator\AppData\Local\Programs\Python\Python313\Lib\concurrent\futures\thread.py", line 59, in run
    result = self.fn(*self.args, **self.kwargs)
             │        │            └ None
             │        └ None
             └ None

  File "[32mC:\bi ye she ji\backend\src\application\[0m[32m[1mindexing_service.py[0m", line [33m130[0m, in [35m_write_milvus[0m
    [1mself[0m[35m[1m.[0m[1mstore[0m[35m[1m.[0m[1mensure_collection[0m[1m([0m[1m)[0m
    [36m│    │     └ [0m[36m[1m<function MilvusStore.ensure_collection at 0x0000028E69436160>[0m
    [36m│    └ [0m[36m[1m<src.infrastructure.milvus_store.MilvusStore object at 0x0000028E69F91400>[0m
    [36m└ [0m[36m[1m<src.application.indexing_service.IndexingService object at 0x0000028E6A070E10>[0m

  File "[32mC:\bi ye she ji\backend\src\infrastructure\[0m[32m[1mmilvus_store.py[0m", line [33m99[0m, in [35mensure_collection[0m
    [1mclient[0m [35m[1m=[0m [1mself[0m[35m[1m.[0m[1m_get_client[0m[1m([0m[1m)[0m
    [36m         │    └ [0m[36m[1m<function MilvusStore._get_client at 0x0000028E694360C0>[0m
    [36m         └ [0m[36m[1m<src.infrastructure.milvus_store.MilvusStore object at 0x0000028E69F91400>[0m

  File "[32mC:\bi ye she ji\backend\src\infrastructure\[0m[32m[1mmilvus_store.py[0m", line [33m95[0m, in [35m_get_client[0m
    [35m[1mraise[0m [1mVectorStoreError[0m[1m([0m[36mf"[0m[36mMilvus 连接失败（[0m[1m{[0m[1mself[0m[35m[1m.[0m[1m_uri[0m[1m}[0m[36m）：[0m[1m{[0m[1mexc[0m[1m}[0m[36m"[0m[1m)[0m [35m[1mfrom[0m [1mexc[0m
    [36m      │                               │    └ [0m[36m[1m'http://localhost:19530'[0m
    [36m      │                               └ [0m[36m[1m<src.infrastructure.milvus_store.MilvusStore object at 0x0000028E69F91400>[0m
    [36m      └ [0m[36m[1m<class 'src.infrastructure.milvus_store.VectorStoreError'>[0m

[31m[1msrc.infrastructure.milvus_store.VectorStoreError[0m:[1m Milvus 连接失败（http://localhost:19530）：<MilvusException: (code=2, message=Fail connecting to server on localhost:19530, illegal connection params or server unavailable)>[0m


[1mThe above exception was the direct cause of the following exception:[0m


[33m[1mTraceback (most recent call last):[0m

  File "C:\Users\Administrator\AppData\Local\Programs\Python\Python313\Lib\threading.py", line 1015, in _bootstrap
    self._bootstrap_inner()
    │    └ <function Thread._bootstrap_inner at 0x0000028E636BD940>
    └ <WorkerThread(AnyIO worker thread, started 13028)>
  File "C:\Users\Administrator\AppData\Local\Programs\Python\Python313\Lib\threading.py", line 1044, in _bootstrap_inner
    self.run()
    │    └ <function WorkerThread.run at 0x0000028E6A001B20>
    └ <WorkerThread(AnyIO worker thread, started 13028)>
  File "C:\bi ye she ji\backend\venv\Lib\site-packages\anyio\_backends\_asyncio.py", line 1100, in run
    result = context.run(func, *args)
             │       │   │      └ ()
             │       │   └ functools.partial(<function _run_vectorize_safely at 0x0000028E6944EE80>, '8dbaf1ef-66e4-4075-9726-8a4a31f16acd')
             │       └ <method 'run' of '_contextvars.Context' objects>
             └ <_contextvars.Context object at 0x0000028E69ECA7C0>

> File "[32mC:\bi ye she ji\backend\src\api\routes\[0m[32m[1mdocuments.py[0m", line [33m131[0m, in [35m_run_vectorize_safely[0m
    [1mrun_vectorize[0m[1m([0m[1mdoc_id[0m[1m)[0m
    [36m│             └ [0m[36m[1m'8dbaf1ef-66e4-4075-9726-8a4a31f16acd'[0m
    [36m└ [0m[36m[1m<function run_vectorize at 0x0000028E6A012200>[0m

  File "[32mC:\bi ye she ji\backend\src\application\[0m[32m[1mindex_runner.py[0m", line [33m43[0m, in [35mrun_vectorize[0m
    [35m[1mreturn[0m [1masyncio[0m[35m[1m.[0m[1mrun[0m[1m([0m[1m_run[0m[1m([0m[1m)[0m[1m)[0m
    [36m       │       │   └ [0m[36m[1m<function run_vectorize.<locals>._run at 0x0000028E636BEE80>[0m
    [36m       │       └ [0m[36m[1m<function run at 0x0000028E655719E0>[0m
    [36m       └ [0m[36m[1m<module 'asyncio' from 'C:\\Users\\Administrator\\AppData\\Local\\Programs\\Python\\Python313\\Lib\\asyncio\\__init__.py'>[0m

  File "C:\Users\Administrator\AppData\Local\Programs\Python\Python313\Lib\asyncio\runners.py", line 196, in run
    return runner.run(main)
           │      │   └ <coroutine object run_vectorize.<locals>._run at 0x0000028E69EFF560>
           │      └ <function Runner.run at 0x0000028E659AFEC0>
           └ <asyncio.runners.Runner object at 0x0000028E6A070190>
  File "C:\Users\Administrator\AppData\Local\Programs\Python\Python313\Lib\asyncio\runners.py", line 119, in run
    return self._loop.run_until_complete(task)
           │    │                        └ <Task finished name='Task-20' coro=<run_vectorize.<locals>._run() done, defined at C:\bi ye she ji\backend\src\application\in...
           │    └ None
           └ <asyncio.runners.Runner object at 0x0000028E6A070190>
  File "C:\Users\Administrator\AppData\Local\Programs\Python\Python313\Lib\asyncio\base_events.py", line 725, in run_until_complete
    return future.result()
           │      └ <method 'result' of '_asyncio.Task' objects>
           └ <Task finished name='Task-20' coro=<run_vectorize.<locals>._run() done, defined at C:\bi ye she ji\backend\src\application\in...

  File "[32mC:\bi ye she ji\backend\src\application\[0m[32m[1mindex_runner.py[0m", line [33m32[0m, in [35m_run[0m
    [1mdoc[0m [35m[1m=[0m [35m[1mawait[0m [1mservice[0m[35m[1m.[0m[1mrun[0m[1m([0m[1muuid[0m[35m[1m.[0m[1mUUID[0m[1m([0m[1mdoc_id[0m[1m)[0m[1m)[0m
    [36m            │       │   │    │    └ [0m[36m[1m'8dbaf1ef-66e4-4075-9726-8a4a31f16acd'[0m
    [36m            │       │   │    └ [0m[36m[1m<class 'uuid.UUID'>[0m
    [36m            │       │   └ [0m[36m[1m<module 'uuid' from 'C:\\Users\\Administrator\\AppData\\Local\\Programs\\Python\\Python313\\Lib\\uuid.py'>[0m
    [36m            │       └ [0m[36m[1m<function IndexingService.run at 0x0000028E6A0128E0>[0m
    [36m            └ [0m[36m[1m<src.application.indexing_service.IndexingService object at 0x0000028E6A070E10>[0m

  File "[32mC:\bi ye she ji\backend\src\application\[0m[32m[1mindexing_service.py[0m", line [33m87[0m, in [35mrun[0m
    [35m[1mraise[0m [1mAppException[0m[1m([0m[34m[1m422[0m[1m,[0m [36mf"[0m[36m向量化失败：[0m[1m{[0m[1mexc[0m[1m}[0m[36m"[0m[1m)[0m [35m[1mfrom[0m [1mexc[0m
    [36m      └ [0m[36m[1m<class 'src.core.exceptions.AppException'>[0m

[31m[1msrc.core.exceptions.AppException[0m:[1m 向量化失败：Milvus 连接失败（http://localhost:19530）：<MilvusException: (code=2, message=Fail connecting to server on localhost:19530, illegal connection params or server unavailable)>[0m
[32m2026-09-06 11:45:45.220[0m | [31m[1mERROR   [0m | [36msrc.api.routes.documents[0m:[36m133[0m - [31m[1m后台向量化任务执行失败 doc_id=5f87e25c-7565-4044-8e5a-0b5bfee4179f[0m
[33m[1mTraceback (most recent call last):[0m

  File "[32mC:\bi ye she ji\backend\src\infrastructure\[0m[32m[1mmilvus_store.py[0m", line [33m93[0m, in [35m_get_client[0m
    [1mself[0m[35m[1m.[0m[1m_client[0m [35m[1m=[0m [1mMilvusClient[0m[1m([0m[1muri[0m[35m[1m=[0m[1mself[0m[35m[1m.[0m[1m_uri[0m[1m)[0m
    [36m│    │         │                │    └ [0m[36m[1m'http://localhost:19530'[0m
    [36m│    │         │                └ [0m[36m[1m<src.infrastructure.milvus_store.MilvusStore object at 0x0000028E69F91400>[0m
    [36m│    │         └ [0m[36m[1m<class 'pymilvus.milvus_client.milvus_client.MilvusClient'>[0m
    [36m│    └ [0m[36m[1mNone[0m
    [36m└ [0m[36m[1m<src.infrastructure.milvus_store.MilvusStore object at 0x0000028E69F91400>[0m

  File "C:\bi ye she ji\backend\venv\Lib\site-packages\pymilvus\milvus_client\milvus_client.py", line 65, in __init__
    self._using = self._create_connection(
    │             │    └ <function MilvusClient._create_connection at 0x0000028E60909260>
    │             └ <pymilvus.milvus_client.milvus_client.MilvusClient object at 0x0000028E604D23C0>
    └ <pymilvus.milvus_client.milvus_client.MilvusClient object at 0x0000028E604D23C0>
  File "C:\bi ye she ji\backend\venv\Lib\site-packages\pymilvus\milvus_client\milvus_client.py", line 853, in _create_connection
    raise ex from ex
  File "C:\bi ye she ji\backend\venv\Lib\site-packages\pymilvus\milvus_client\milvus_client.py", line 850, in _create_connection
    connections.connect(using, user, password, db_name, token, uri=uri, **kwargs)
    │           │       │      │     │         │        │          │      └ {'timeout': None}
    │           │       │      │     │         │        │          └ 'http://localhost:19530'
    │           │       │      │     │         │        └ ''
    │           │       │      │     │         └ ''
    │           │       │      │     └ ''
    │           │       │      └ ''
    │           │       └ 'e219452739164249b7850536c75f92b1'
    │           └ <function Connections.connect at 0x0000028E6051A0C0>
    └ <pymilvus.orm.connections.Connections object at 0x0000028E604D12B0>
  File "C:\bi ye she ji\backend\venv\Lib\site-packages\pymilvus\orm\connections.py", line 461, in connect
    connect_milvus(**kwargs, user=user, password=password, token=token, db_name=db_name)
    │                │            │              │               │              └ ''
    │                │            │              │               └ ''
    │                │            │              └ ''
    │                │            └ ''
    │                └ {'timeout': None, 'address': 'localhost:19530'}
    └ <function Connections.connect.<locals>.connect_milvus at 0x0000028E60E0FD80>
  File "C:\bi ye she ji\backend\venv\Lib\site-packages\pymilvus\orm\connections.py", line 411, in connect_milvus
    gh._wait_for_channel_ready(timeout=timeout)
    │  │                               └ 10.0
    │  └ <function GrpcHandler._wait_for_channel_ready at 0x0000028E604BFC40>
    └ <pymilvus.client.grpc_handler.GrpcHandler object at 0x0000028E604D2510>
  File "C:\bi ye she ji\backend\venv\Lib\site-packages\pymilvus\client\grpc_handler.py", line 154, in _wait_for_channel_ready
    raise MilvusException(
          └ <class 'pymilvus.exceptions.MilvusException'>

[31m[1mpymilvus.exceptions.MilvusException[0m:[1m <MilvusException: (code=2, message=Fail connecting to server on localhost:19530, illegal connection params or server unavailable)>[0m


[1mThe above exception was the direct cause of the following exception:[0m


[33m[1mTraceback (most recent call last):[0m

  File "[32mC:\bi ye she ji\backend\src\application\[0m[32m[1mindexing_service.py[0m", line [33m83[0m, in [35mrun[0m
    [35m[1mawait[0m [1masyncio[0m[35m[1m.[0m[1mto_thread[0m[1m([0m[1mself[0m[35m[1m.[0m[1m_write_milvus[0m[1m,[0m [1mstr[0m[1m([0m[1mdoc[0m[35m[1m.[0m[1mid[0m[1m)[0m[1m,[0m [1mrows[0m[1m)[0m
    [36m      │       │         │    │                  │   │    └ [0m[36m[1m[VectorRow(id='2a5b2b22-8be7-437d-86cf-1843d4ad6eb6', doc_id='5f87e25c-7565-4044-8e5a-0b5bfee4179f', kb_id='472c0919-6e1f-492...[0m
    [36m      │       │         │    │                  │   └ [0m[36m[1m<sqlalchemy.orm.attributes.InstrumentedAttribute object at 0x0000028E68DDE660>[0m
    [36m      │       │         │    │                  └ [0m[36m[1m<src.domain.models.Document object at 0x0000028E69F8CB50>[0m
    [36m      │       │         │    └ [0m[36m[1m<function IndexingService._write_milvus at 0x0000028E6A012A20>[0m
    [36m      │       │         └ [0m[36m[1m<src.application.indexing_service.IndexingService object at 0x0000028E69F912B0>[0m
    [36m      │       └ [0m[36m[1m<function to_thread at 0x0000028E659B4540>[0m
    [36m      └ [0m[36m[1m<module 'asyncio' from 'C:\\Users\\Administrator\\AppData\\Local\\Programs\\Python\\Python313\\Lib\\asyncio\\__init__.py'>[0m

  File "C:\Users\Administrator\AppData\Local\Programs\Python\Python313\Lib\asyncio\threads.py", line 26, in to_thread
    return await loop.run_in_executor(None, func_call)
                 │    │                     └ functools.partial(<built-in method run of _contextvars.Context object at 0x0000028E5C2CB2C0>, <bound method IndexingService._...
                 │    └ <function BaseEventLoop.run_in_executor at 0x0000028E659AE2A0>
                 └ <ProactorEventLoop running=False closed=True debug=False>
  File "C:\Users\Administrator\AppData\Local\Programs\Python\Python313\Lib\concurrent\futures\thread.py", line 59, in run
    result = self.fn(*self.args, **self.kwargs)
             │        │            └ None
             │        └ None
             └ None

  File "[32mC:\bi ye she ji\backend\src\application\[0m[32m[1mindexing_service.py[0m", line [33m130[0m, in [35m_write_milvus[0m
    [1mself[0m[35m[1m.[0m[1mstore[0m[35m[1m.[0m[1mensure_collection[0m[1m([0m[1m)[0m
    [36m│    │     └ [0m[36m[1m<function MilvusStore.ensure_collection at 0x0000028E69436160>[0m
    [36m│    └ [0m[36m[1m<src.infrastructure.milvus_store.MilvusStore object at 0x0000028E69F91400>[0m
    [36m└ [0m[36m[1m<src.application.indexing_service.IndexingService object at 0x0000028E69F912B0>[0m

  File "[32mC:\bi ye she ji\backend\src\infrastructure\[0m[32m[1mmilvus_store.py[0m", line [33m99[0m, in [35mensure_collection[0m
    [1mclient[0m [35m[1m=[0m [1mself[0m[35m[1m.[0m[1m_get_client[0m[1m([0m[1m)[0m
    [36m         │    └ [0m[36m[1m<function MilvusStore._get_client at 0x0000028E694360C0>[0m
    [36m         └ [0m[36m[1m<src.infrastructure.milvus_store.MilvusStore object at 0x0000028E69F91400>[0m

  File "[32mC:\bi ye she ji\backend\src\infrastructure\[0m[32m[1mmilvus_store.py[0m", line [33m95[0m, in [35m_get_client[0m
    [35m[1mraise[0m [1mVectorStoreError[0m[1m([0m[36mf"[0m[36mMilvus 连接失败（[0m[1m{[0m[1mself[0m[35m[1m.[0m[1m_uri[0m[1m}[0m[36m）：[0m[1m{[0m[1mexc[0m[1m}[0m[36m"[0m[1m)[0m [35m[1mfrom[0m [1mexc[0m
    [36m      │                               │    └ [0m[36m[1m'http://localhost:19530'[0m
    [36m      │                               └ [0m[36m[1m<src.infrastructure.milvus_store.MilvusStore object at 0x0000028E69F91400>[0m
    [36m      └ [0m[36m[1m<class 'src.infrastructure.milvus_store.VectorStoreError'>[0m

[31m[1msrc.infrastructure.milvus_store.VectorStoreError[0m:[1m Milvus 连接失败（http://localhost:19530）：<MilvusException: (code=2, message=Fail connecting to server on localhost:19530, illegal connection params or server unavailable)>[0m


[1mThe above exception was the direct cause of the following exception:[0m


[33m[1mTraceback (most recent call last):[0m

  File "C:\Users\Administrator\AppData\Local\Programs\Python\Python313\Lib\threading.py", line 1015, in _bootstrap
    self._bootstrap_inner()
    │    └ <function Thread._bootstrap_inner at 0x0000028E636BD940>
    └ <WorkerThread(AnyIO worker thread, started 324)>
  File "C:\Users\Administrator\AppData\Local\Programs\Python\Python313\Lib\threading.py", line 1044, in _bootstrap_inner
    self.run()
    │    └ <function WorkerThread.run at 0x0000028E6A001B20>
    └ <WorkerThread(AnyIO worker thread, started 324)>
  File "C:\bi ye she ji\backend\venv\Lib\site-packages\anyio\_backends\_asyncio.py", line 1100, in run
    result = context.run(func, *args)
             │       │   │      └ ()
             │       │   └ functools.partial(<function _run_vectorize_safely at 0x0000028E6944EE80>, '5f87e25c-7565-4044-8e5a-0b5bfee4179f')
             │       └ <method 'run' of '_contextvars.Context' objects>
             └ <_contextvars.Context object at 0x0000028E69EC9640>

> File "[32mC:\bi ye she ji\backend\src\api\routes\[0m[32m[1mdocuments.py[0m", line [33m131[0m, in [35m_run_vectorize_safely[0m
    [1mrun_vectorize[0m[1m([0m[1mdoc_id[0m[1m)[0m
    [36m│             └ [0m[36m[1m'5f87e25c-7565-4044-8e5a-0b5bfee4179f'[0m
    [36m└ [0m[36m[1m<function run_vectorize at 0x0000028E6A012200>[0m

  File "[32mC:\bi ye she ji\backend\src\application\[0m[32m[1mindex_runner.py[0m", line [33m43[0m, in [35mrun_vectorize[0m
    [35m[1mreturn[0m [1masyncio[0m[35m[1m.[0m[1mrun[0m[1m([0m[1m_run[0m[1m([0m[1m)[0m[1m)[0m
    [36m       │       │   └ [0m[36m[1m<function run_vectorize.<locals>._run at 0x0000028E6A012020>[0m
    [36m       │       └ [0m[36m[1m<function run at 0x0000028E655719E0>[0m
    [36m       └ [0m[36m[1m<module 'asyncio' from 'C:\\Users\\Administrator\\AppData\\Local\\Programs\\Python\\Python313\\Lib\\asyncio\\__init__.py'>[0m

  File "C:\Users\Administrator\AppData\Local\Programs\Python\Python313\Lib\asyncio\runners.py", line 196, in run
    return runner.run(main)
           │      │   └ <coroutine object run_vectorize.<locals>._run at 0x0000028E69EFD140>
           │      └ <function Runner.run at 0x0000028E659AFEC0>
           └ <asyncio.runners.Runner object at 0x0000028E69EE8190>
  File "C:\Users\Administrator\AppData\Local\Programs\Python\Python313\Lib\asyncio\runners.py", line 119, in run
    return self._loop.run_until_complete(task)
           │    │                        └ <Task finished name='Task-16' coro=<run_vectorize.<locals>._run() done, defined at C:\bi ye she ji\backend\src\application\in...
           │    └ None
           └ <asyncio.runners.Runner object at 0x0000028E69EE8190>
  File "C:\Users\Administrator\AppData\Local\Programs\Python\Python313\Lib\asyncio\base_events.py", line 725, in run_until_complete
    return future.result()
           │      └ <method 'result' of '_asyncio.Task' objects>
           └ <Task finished name='Task-16' coro=<run_vectorize.<locals>._run() done, defined at C:\bi ye she ji\backend\src\application\in...

  File "[32mC:\bi ye she ji\backend\src\application\[0m[32m[1mindex_runner.py[0m", line [33m32[0m, in [35m_run[0m
    [1mdoc[0m [35m[1m=[0m [35m[1mawait[0m [1mservice[0m[35m[1m.[0m[1mrun[0m[1m([0m[1muuid[0m[35m[1m.[0m[1mUUID[0m[1m([0m[1mdoc_id[0m[1m)[0m[1m)[0m
    [36m            │       │   │    │    └ [0m[36m[1m'5f87e25c-7565-4044-8e5a-0b5bfee4179f'[0m
    [36m            │       │   │    └ [0m[36m[1m<class 'uuid.UUID'>[0m
    [36m            │       │   └ [0m[36m[1m<module 'uuid' from 'C:\\Users\\Administrator\\AppData\\Local\\Programs\\Python\\Python313\\Lib\\uuid.py'>[0m
    [36m            │       └ [0m[36m[1m<function IndexingService.run at 0x0000028E6A0128E0>[0m
    [36m            └ [0m[36m[1m<src.application.indexing_service.IndexingService object at 0x0000028E69F912B0>[0m

  File "[32mC:\bi ye she ji\backend\src\application\[0m[32m[1mindexing_service.py[0m", line [33m87[0m, in [35mrun[0m
    [35m[1mraise[0m [1mAppException[0m[1m([0m[34m[1m422[0m[1m,[0m [36mf"[0m[36m向量化失败：[0m[1m{[0m[1mexc[0m[1m}[0m[36m"[0m[1m)[0m [35m[1mfrom[0m [1mexc[0m
    [36m      └ [0m[36m[1m<class 'src.core.exceptions.AppException'>[0m

[31m[1msrc.core.exceptions.AppException[0m:[1m 向量化失败：Milvus 连接失败（http://localhost:19530）：<MilvusException: (code=2, message=Fail connecting to server on localhost:19530, illegal connection params or server unavailable)>[0m
[32m2026-09-06 11:45:45.309[0m | [1mINFO    [0m | [36msrc.application.index_runner[0m:[36m41[0m - [1m开始向量化文档 doc_id=879a312e-8e7d-4ccd-a2c4-c49baed2d795[0m
[32m2026-09-06 11:45:45.311[0m | [1mINFO    [0m | [36msrc.application.index_runner[0m:[36m41[0m - [1m开始向量化文档 doc_id=849170bd-c5ad-4403-96ca-2adf5431b2cb[0m
C:\bi ye she ji\backend\venv\Lib\site-packages\jwt\api_jwt.py:368: InsecureKeyLengthWarning: The HMAC key is 23 bytes long, which is below the minimum recommended length of 32 bytes for SHA256. See RFC 7518 Section 3.2.
  decoded = self.decode_complete(
2026-09-06 11:46:07,365 [ERROR][_create_connection]: Failed to create new connection using: 6c1511a95ded41849aaba13b05b6298f (milvus_client.py:852)
2026-09-06 11:46:07,365 [ERROR][_create_connection]: Failed to create new connection using: 36892fae136744c5b6b5e039c10c5c35 (milvus_client.py:852)
[32m2026-09-06 11:46:07.368[0m | [31m[1mERROR   [0m | [36msrc.application.indexing_service[0m:[36m85[0m - [31m[1m文档向量化失败 doc_id=d6069fe2-ce10-461b-ae1f-ae6930f0120f: Milvus 连接失败（http://localhost:19530）：<MilvusException: (code=2, message=Fail connecting to server on localhost:19530, illegal connection params or server unavailable)>[0m
[32m2026-09-06 11:46:07.371[0m | [31m[1mERROR   [0m | [36msrc.application.indexing_service[0m:[36m85[0m - [31m[1m文档向量化失败 doc_id=8b99f300-2614-4d29-a410-8cfa3cb10d3b: Milvus 连接失败（http://localhost:19530）：<MilvusException: (code=2, message=Fail connecting to server on localhost:19530, illegal connection params or server unavailable)>[0m
[32m2026-09-06 11:46:07.392[0m | [31m[1mERROR   [0m | [36msrc.api.routes.documents[0m:[36m133[0m - [31m[1m后台向量化任务执行失败 doc_id=d6069fe2-ce10-461b-ae1f-ae6930f0120f[0m
[33m[1mTraceback (most recent call last):[0m

  File "[32mC:\bi ye she ji\backend\src\infrastructure\[0m[32m[1mmilvus_store.py[0m", line [33m93[0m, in [35m_get_client[0m
    [1mself[0m[35m[1m.[0m[1m_client[0m [35m[1m=[0m [1mMilvusClient[0m[1m([0m[1muri[0m[35m[1m=[0m[1mself[0m[35m[1m.[0m[1m_uri[0m[1m)[0m
    [36m│    │         │                │    └ [0m[36m[1m'http://localhost:19530'[0m
    [36m│    │         │                └ [0m[36m[1m<src.infrastructure.milvus_store.MilvusStore object at 0x0000028E69F91400>[0m
    [36m│    │         └ [0m[36m[1m<class 'pymilvus.milvus_client.milvus_client.MilvusClient'>[0m
    [36m│    └ [0m[36m[1mNone[0m
    [36m└ [0m[36m[1m<src.infrastructure.milvus_store.MilvusStore object at 0x0000028E69F91400>[0m

  File "C:\bi ye she ji\backend\venv\Lib\site-packages\pymilvus\milvus_client\milvus_client.py", line 65, in __init__
    self._using = self._create_connection(
    │             │    └ <function MilvusClient._create_connection at 0x0000028E60909260>
    │             └ <pymilvus.milvus_client.milvus_client.MilvusClient object at 0x0000028E69EEB390>
    └ <pymilvus.milvus_client.milvus_client.MilvusClient object at 0x0000028E69EEB390>
  File "C:\bi ye she ji\backend\venv\Lib\site-packages\pymilvus\milvus_client\milvus_client.py", line 853, in _create_connection
    raise ex from ex
  File "C:\bi ye she ji\backend\venv\Lib\site-packages\pymilvus\milvus_client\milvus_client.py", line 850, in _create_connection
    connections.connect(using, user, password, db_name, token, uri=uri, **kwargs)
    │           │       │      │     │         │        │          │      └ {'timeout': None}
    │           │       │      │     │         │        │          └ 'http://localhost:19530'
    │           │       │      │     │         │        └ ''
    │           │       │      │     │         └ ''
    │           │       │      │     └ ''
    │           │       │      └ ''
    │           │       └ '6c1511a95ded41849aaba13b05b6298f'
    │           └ <function Connections.connect at 0x0000028E6051A0C0>
    └ <pymilvus.orm.connections.Connections object at 0x0000028E604D12B0>
  File "C:\bi ye she ji\backend\venv\Lib\site-packages\pymilvus\orm\connections.py", line 461, in connect
    connect_milvus(**kwargs, user=user, password=password, token=token, db_name=db_name)
    │                │            │              │               │              └ ''
    │                │            │              │               └ ''
    │                │            │              └ ''
    │                │            └ ''
    │                └ {'timeout': None, 'address': 'localhost:19530'}
    └ <function Connections.connect.<locals>.connect_milvus at 0x0000028E60B10A40>
  File "C:\bi ye she ji\backend\venv\Lib\site-packages\pymilvus\orm\connections.py", line 411, in connect_milvus
    gh._wait_for_channel_ready(timeout=timeout)
    │  │                               └ 10.0
    │  └ <function GrpcHandler._wait_for_channel_ready at 0x0000028E604BFC40>
    └ <pymilvus.client.grpc_handler.GrpcHandler object at 0x0000028E69EEB4D0>
  File "C:\bi ye she ji\backend\venv\Lib\site-packages\pymilvus\client\grpc_handler.py", line 154, in _wait_for_channel_ready
    raise MilvusException(
          └ <class 'pymilvus.exceptions.MilvusException'>

[31m[1mpymilvus.exceptions.MilvusException[0m:[1m <MilvusException: (code=2, message=Fail connecting to server on localhost:19530, illegal connection params or server unavailable)>[0m


[1mThe above exception was the direct cause of the following exception:[0m


[33m[1mTraceback (most recent call last):[0m

  File "[32mC:\bi ye she ji\backend\src\application\[0m[32m[1mindexing_service.py[0m", line [33m83[0m, in [35mrun[0m
    [35m[1mawait[0m [1masyncio[0m[35m[1m.[0m[1mto_thread[0m[1m([0m[1mself[0m[35m[1m.[0m[1m_write_milvus[0m[1m,[0m [1mstr[0m[1m([0m[1mdoc[0m[35m[1m.[0m[1mid[0m[1m)[0m[1m,[0m [1mrows[0m[1m)[0m
    [36m      │       │         │    │                  │   │    └ [0m[36m[1m[VectorRow(id='7a05540f-0ea3-4810-94e5-2f4bb7cc49c6', doc_id='d6069fe2-ce10-461b-ae1f-ae6930f0120f', kb_id='11e16cff-27bd-4f0...[0m
    [36m      │       │         │    │                  │   └ [0m[36m[1m<sqlalchemy.orm.attributes.InstrumentedAttribute object at 0x0000028E68DDE660>[0m
    [36m      │       │         │    │                  └ [0m[36m[1m<src.domain.models.Document object at 0x0000028E178D59C0>[0m
    [36m      │       │         │    └ [0m[36m[1m<function IndexingService._write_milvus at 0x0000028E6A012A20>[0m
    [36m      │       │         └ [0m[36m[1m<src.application.indexing_service.IndexingService object at 0x0000028E69EEA710>[0m
    [36m      │       └ [0m[36m[1m<function to_thread at 0x0000028E659B4540>[0m
    [36m      └ [0m[36m[1m<module 'asyncio' from 'C:\\Users\\Administrator\\AppData\\Local\\Programs\\Python\\Python313\\Lib\\asyncio\\__init__.py'>[0m

  File "C:\Users\Administrator\AppData\Local\Programs\Python\Python313\Lib\asyncio\threads.py", line 26, in to_thread
    return await loop.run_in_executor(None, func_call)
                 │    │                     └ functools.partial(<built-in method run of _contextvars.Context object at 0x0000028E6A057E80>, <bound method IndexingService._...
                 │    └ <function BaseEventLoop.run_in_executor at 0x0000028E659AE2A0>
                 └ <ProactorEventLoop running=False closed=True debug=False>
  File "C:\Users\Administrator\AppData\Local\Programs\Python\Python313\Lib\concurrent\futures\thread.py", line 59, in run
    result = self.fn(*self.args, **self.kwargs)
             │        │            └ None
             │        └ None
             └ None

  File "[32mC:\bi ye she ji\backend\src\application\[0m[32m[1mindexing_service.py[0m", line [33m130[0m, in [35m_write_milvus[0m
    [1mself[0m[35m[1m.[0m[1mstore[0m[35m[1m.[0m[1mensure_collection[0m[1m([0m[1m)[0m
    [36m│    │     └ [0m[36m[1m<function MilvusStore.ensure_collection at 0x0000028E69436160>[0m
    [36m│    └ [0m[36m[1m<src.infrastructure.milvus_store.MilvusStore object at 0x0000028E69F91400>[0m
    [36m└ [0m[36m[1m<src.application.indexing_service.IndexingService object at 0x0000028E69EEA710>[0m

  File "[32mC:\bi ye she ji\backend\src\infrastructure\[0m[32m[1mmilvus_store.py[0m", line [33m99[0m, in [35mensure_collection[0m
    [1mclient[0m [35m[1m=[0m [1mself[0m[35m[1m.[0m[1m_get_client[0m[1m([0m[1m)[0m
    [36m         │    └ [0m[36m[1m<function MilvusStore._get_client at 0x0000028E694360C0>[0m
    [36m         └ [0m[36m[1m<src.infrastructure.milvus_store.MilvusStore object at 0x0000028E69F91400>[0m

  File "[32mC:\bi ye she ji\backend\src\infrastructure\[0m[32m[1mmilvus_store.py[0m", line [33m95[0m, in [35m_get_client[0m
    [35m[1mraise[0m [1mVectorStoreError[0m[1m([0m[36mf"[0m[36mMilvus 连接失败（[0m[1m{[0m[1mself[0m[35m[1m.[0m[1m_uri[0m[1m}[0m[36m）：[0m[1m{[0m[1mexc[0m[1m}[0m[36m"[0m[1m)[0m [35m[1mfrom[0m [1mexc[0m
    [36m      │                               │    └ [0m[36m[1m'http://localhost:19530'[0m
    [36m      │                               └ [0m[36m[1m<src.infrastructure.milvus_store.MilvusStore object at 0x0000028E69F91400>[0m
    [36m      └ [0m[36m[1m<class 'src.infrastructure.milvus_store.VectorStoreError'>[0m

[31m[1msrc.infrastructure.milvus_store.VectorStoreError[0m:[1m Milvus 连接失败（http://localhost:19530）：<MilvusException: (code=2, message=Fail connecting to server on localhost:19530, illegal connection params or server unavailable)>[0m


[1mThe above exception was the direct cause of the following exception:[0m


[33m[1mTraceback (most recent call last):[0m

  File "C:\Users\Administrator\AppData\Local\Programs\Python\Python313\Lib\threading.py", line 1015, in _bootstrap
    self._bootstrap_inner()
    │    └ <function Thread._bootstrap_inner at 0x0000028E636BD940>
    └ <WorkerThread(AnyIO worker thread, started 23752)>
  File "C:\Users\Administrator\AppData\Local\Programs\Python\Python313\Lib\threading.py", line 1044, in _bootstrap_inner
    self.run()
    │    └ <function WorkerThread.run at 0x0000028E6A001B20>
    └ <WorkerThread(AnyIO worker thread, started 23752)>
  File "C:\bi ye she ji\backend\venv\Lib\site-packages\anyio\_backends\_asyncio.py", line 1100, in run
    result = context.run(func, *args)
             │       │   │      └ ()
             │       │   └ functools.partial(<function _run_vectorize_safely at 0x0000028E6944EE80>, 'd6069fe2-ce10-461b-ae1f-ae6930f0120f')
             │       └ <method 'run' of '_contextvars.Context' objects>
             └ <_contextvars.Context object at 0x0000028E6A006040>

> File "[32mC:\bi ye she ji\backend\src\api\routes\[0m[32m[1mdocuments.py[0m", line [33m131[0m, in [35m_run_vectorize_safely[0m
    [1mrun_vectorize[0m[1m([0m[1mdoc_id[0m[1m)[0m
    [36m│             └ [0m[36m[1m'd6069fe2-ce10-461b-ae1f-ae6930f0120f'[0m
    [36m└ [0m[36m[1m<function run_vectorize at 0x0000028E6A012200>[0m

  File "[32mC:\bi ye she ji\backend\src\application\[0m[32m[1mindex_runner.py[0m", line [33m43[0m, in [35mrun_vectorize[0m
    [35m[1mreturn[0m [1masyncio[0m[35m[1m.[0m[1mrun[0m[1m([0m[1m_run[0m[1m([0m[1m)[0m[1m)[0m
    [36m       │       │   └ [0m[36m[1m<function run_vectorize.<locals>._run at 0x0000028E6A101D00>[0m
    [36m       │       └ [0m[36m[1m<function run at 0x0000028E655719E0>[0m
    [36m       └ [0m[36m[1m<module 'asyncio' from 'C:\\Users\\Administrator\\AppData\\Local\\Programs\\Python\\Python313\\Lib\\asyncio\\__init__.py'>[0m

  File "C:\Users\Administrator\AppData\Local\Programs\Python\Python313\Lib\asyncio\runners.py", line 196, in run
    return runner.run(main)
           │      │   └ <coroutine object run_vectorize.<locals>._run at 0x0000028E69EFF450>
           │      └ <function Runner.run at 0x0000028E659AFEC0>
           └ <asyncio.runners.Runner object at 0x0000028E696B9940>
  File "C:\Users\Administrator\AppData\Local\Programs\Python\Python313\Lib\asyncio\runners.py", line 119, in run
    return self._loop.run_until_complete(task)
           │    │                        └ <Task finished name='Task-125' coro=<run_vectorize.<locals>._run() done, defined at C:\bi ye she ji\backend\src\application\i...
           │    └ None
           └ <asyncio.runners.Runner object at 0x0000028E696B9940>
  File "C:\Users\Administrator\AppData\Local\Programs\Python\Python313\Lib\asyncio\base_events.py", line 725, in run_until_complete
    return future.result()
           │      └ <method 'result' of '_asyncio.Task' objects>
           └ <Task finished name='Task-125' coro=<run_vectorize.<locals>._run() done, defined at C:\bi ye she ji\backend\src\application\i...

  File "[32mC:\bi ye she ji\backend\src\application\[0m[32m[1mindex_runner.py[0m", line [33m32[0m, in [35m_run[0m
    [1mdoc[0m [35m[1m=[0m [35m[1mawait[0m [1mservice[0m[35m[1m.[0m[1mrun[0m[1m([0m[1muuid[0m[35m[1m.[0m[1mUUID[0m[1m([0m[1mdoc_id[0m[1m)[0m[1m)[0m
    [36m            │       │   │    │    └ [0m[36m[1m'd6069fe2-ce10-461b-ae1f-ae6930f0120f'[0m
    [36m            │       │   │    └ [0m[36m[1m<class 'uuid.UUID'>[0m
    [36m            │       │   └ [0m[36m[1m<module 'uuid' from 'C:\\Users\\Administrator\\AppData\\Local\\Programs\\Python\\Python313\\Lib\\uuid.py'>[0m
    [36m            │       └ [0m[36m[1m<function IndexingService.run at 0x0000028E6A0128E0>[0m
    [36m            └ [0m[36m[1m<src.application.indexing_service.IndexingService object at 0x0000028E69EEA710>[0m

  File "[32mC:\bi ye she ji\backend\src\application\[0m[32m[1mindexing_service.py[0m", line [33m87[0m, in [35mrun[0m
    [35m[1mraise[0m [1mAppException[0m[1m([0m[34m[1m422[0m[1m,[0m [36mf"[0m[36m向量化失败：[0m[1m{[0m[1mexc[0m[1m}[0m[36m"[0m[1m)[0m [35m[1mfrom[0m [1mexc[0m
    [36m      └ [0m[36m[1m<class 'src.core.exceptions.AppException'>[0m

[31m[1msrc.core.exceptions.AppException[0m:[1m 向量化失败：Milvus 连接失败（http://localhost:19530）：<MilvusException: (code=2, message=Fail connecting to server on localhost:19530, illegal connection params or server unavailable)>[0m
[32m2026-09-06 11:46:07.400[0m | [31m[1mERROR   [0m | [36msrc.api.routes.documents[0m:[36m133[0m - [31m[1m后台向量化任务执行失败 doc_id=8b99f300-2614-4d29-a410-8cfa3cb10d3b[0m
[33m[1mTraceback (most recent call last):[0m

  File "[32mC:\bi ye she ji\backend\src\infrastructure\[0m[32m[1mmilvus_store.py[0m", line [33m93[0m, in [35m_get_client[0m
    [1mself[0m[35m[1m.[0m[1m_client[0m [35m[1m=[0m [1mMilvusClient[0m[1m([0m[1muri[0m[35m[1m=[0m[1mself[0m[35m[1m.[0m[1m_uri[0m[1m)[0m
    [36m│    │         │                │    └ [0m[36m[1m'http://localhost:19530'[0m
    [36m│    │         │                └ [0m[36m[1m<src.infrastructure.milvus_store.MilvusStore object at 0x0000028E69F91400>[0m
    [36m│    │         └ [0m[36m[1m<class 'pymilvus.milvus_client.milvus_client.MilvusClient'>[0m
    [36m│    └ [0m[36m[1mNone[0m
    [36m└ [0m[36m[1m<src.infrastructure.milvus_store.MilvusStore object at 0x0000028E69F91400>[0m

  File "C:\bi ye she ji\backend\venv\Lib\site-packages\pymilvus\milvus_client\milvus_client.py", line 65, in __init__
    self._using = self._create_connection(
    │             │    └ <function MilvusClient._create_connection at 0x0000028E60909260>
    │             └ <pymilvus.milvus_client.milvus_client.MilvusClient object at 0x0000028E69EDBBB0>
    └ <pymilvus.milvus_client.milvus_client.MilvusClient object at 0x0000028E69EDBBB0>
  File "C:\bi ye she ji\backend\venv\Lib\site-packages\pymilvus\milvus_client\milvus_client.py", line 853, in _create_connection
    raise ex from ex
  File "C:\bi ye she ji\backend\venv\Lib\site-packages\pymilvus\milvus_client\milvus_client.py", line 850, in _create_connection
    connections.connect(using, user, password, db_name, token, uri=uri, **kwargs)
    │           │       │      │     │         │        │          │      └ {'timeout': None}
    │           │       │      │     │         │        │          └ 'http://localhost:19530'
    │           │       │      │     │         │        └ ''
    │           │       │      │     │         └ ''
    │           │       │      │     └ ''
    │           │       │      └ ''
    │           │       └ '36892fae136744c5b6b5e039c10c5c35'
    │           └ <function Connections.connect at 0x0000028E6051A0C0>
    └ <pymilvus.orm.connections.Connections object at 0x0000028E604D12B0>
  File "C:\bi ye she ji\backend\venv\Lib\site-packages\pymilvus\orm\connections.py", line 461, in connect
    connect_milvus(**kwargs, user=user, password=password, token=token, db_name=db_name)
    │                │            │              │               │              └ ''
    │                │            │              │               └ ''
    │                │            │              └ ''
    │                │            └ ''
    │                └ {'timeout': None, 'address': 'localhost:19530'}
    └ <function Connections.connect.<locals>.connect_milvus at 0x0000028E6097FBA0>
  File "C:\bi ye she ji\backend\venv\Lib\site-packages\pymilvus\orm\connections.py", line 411, in connect_milvus
    gh._wait_for_channel_ready(timeout=timeout)
    │  │                               └ 10.0
    │  └ <function GrpcHandler._wait_for_channel_ready at 0x0000028E604BFC40>
    └ <pymilvus.client.grpc_handler.GrpcHandler object at 0x0000028E69EDB950>
  File "C:\bi ye she ji\backend\venv\Lib\site-packages\pymilvus\client\grpc_handler.py", line 154, in _wait_for_channel_ready
    raise MilvusException(
          └ <class 'pymilvus.exceptions.MilvusException'>

[31m[1mpymilvus.exceptions.MilvusException[0m:[1m <MilvusException: (code=2, message=Fail connecting to server on localhost:19530, illegal connection params or server unavailable)>[0m


[1mThe above exception was the direct cause of the following exception:[0m


[33m[1mTraceback (most recent call last):[0m

  File "[32mC:\bi ye she ji\backend\src\application\[0m[32m[1mindexing_service.py[0m", line [33m83[0m, in [35mrun[0m
    [35m[1mawait[0m [1masyncio[0m[35m[1m.[0m[1mto_thread[0m[1m([0m[1mself[0m[35m[1m.[0m[1m_write_milvus[0m[1m,[0m [1mstr[0m[1m([0m[1mdoc[0m[35m[1m.[0m[1mid[0m[1m)[0m[1m,[0m [1mrows[0m[1m)[0m
    [36m      │       │         │    │                  │   │    └ [0m[36m[1m[VectorRow(id='5dddab4c-6091-4cda-a28f-c89e9eb21135', doc_id='8b99f300-2614-4d29-a410-8cfa3cb10d3b', kb_id='1f74609a-7bd2-4fd...[0m
    [36m      │       │         │    │                  │   └ [0m[36m[1m<sqlalchemy.orm.attributes.InstrumentedAttribute object at 0x0000028E68DDE660>[0m
    [36m      │       │         │    │                  └ [0m[36m[1m<src.domain.models.Document object at 0x0000028E604A6C50>[0m
    [36m      │       │         │    └ [0m[36m[1m<function IndexingService._write_milvus at 0x0000028E6A012A20>[0m
    [36m      │       │         └ [0m[36m[1m<src.application.indexing_service.IndexingService object at 0x0000028E60527490>[0m
    [36m      │       └ [0m[36m[1m<function to_thread at 0x0000028E659B4540>[0m
    [36m      └ [0m[36m[1m<module 'asyncio' from 'C:\\Users\\Administrator\\AppData\\Local\\Programs\\Python\\Python313\\Lib\\asyncio\\__init__.py'>[0m

  File "C:\Users\Administrator\AppData\Local\Programs\Python\Python313\Lib\asyncio\threads.py", line 26, in to_thread
    return await loop.run_in_executor(None, func_call)
                 │    │                     └ functools.partial(<built-in method run of _contextvars.Context object at 0x0000028E69ECA800>, <bound method IndexingService._...
                 │    └ <function BaseEventLoop.run_in_executor at 0x0000028E659AE2A0>
                 └ <ProactorEventLoop running=False closed=True debug=False>
  File "C:\Users\Administrator\AppData\Local\Programs\Python\Python313\Lib\concurrent\futures\thread.py", line 59, in run
    result = self.fn(*self.args, **self.kwargs)
             │        │            └ None
             │        └ None
             └ None

  File "[32mC:\bi ye she ji\backend\src\application\[0m[32m[1mindexing_service.py[0m", line [33m130[0m, in [35m_write_milvus[0m
    [1mself[0m[35m[1m.[0m[1mstore[0m[35m[1m.[0m[1mensure_collection[0m[1m([0m[1m)[0m
    [36m│    │     └ [0m[36m[1m<function MilvusStore.ensure_collection at 0x0000028E69436160>[0m
    [36m│    └ [0m[36m[1m<src.infrastructure.milvus_store.MilvusStore object at 0x0000028E69F91400>[0m
    [36m└ [0m[36m[1m<src.application.indexing_service.IndexingService object at 0x0000028E60527490>[0m

  File "[32mC:\bi ye she ji\backend\src\infrastructure\[0m[32m[1mmilvus_store.py[0m", line [33m99[0m, in [35mensure_collection[0m
    [1mclient[0m [35m[1m=[0m [1mself[0m[35m[1m.[0m[1m_get_client[0m[1m([0m[1m)[0m
    [36m         │    └ [0m[36m[1m<function MilvusStore._get_client at 0x0000028E694360C0>[0m
    [36m         └ [0m[36m[1m<src.infrastructure.milvus_store.MilvusStore object at 0x0000028E69F91400>[0m

  File "[32mC:\bi ye she ji\backend\src\infrastructure\[0m[32m[1mmilvus_store.py[0m", line [33m95[0m, in [35m_get_client[0m
    [35m[1mraise[0m [1mVectorStoreError[0m[1m([0m[36mf"[0m[36mMilvus 连接失败（[0m[1m{[0m[1mself[0m[35m[1m.[0m[1m_uri[0m[1m}[0m[36m）：[0m[1m{[0m[1mexc[0m[1m}[0m[36m"[0m[1m)[0m [35m[1mfrom[0m [1mexc[0m
    [36m      │                               │    └ [0m[36m[1m'http://localhost:19530'[0m
    [36m      │                               └ [0m[36m[1m<src.infrastructure.milvus_store.MilvusStore object at 0x0000028E69F91400>[0m
    [36m      └ [0m[36m[1m<class 'src.infrastructure.milvus_store.VectorStoreError'>[0m

[31m[1msrc.infrastructure.milvus_store.VectorStoreError[0m:[1m Milvus 连接失败（http://localhost:19530）：<MilvusException: (code=2, message=Fail connecting to server on localhost:19530, illegal connection params or server unavailable)>[0m


[1mThe above exception was the direct cause of the following exception:[0m


[33m[1mTraceback (most recent call last):[0m

  File "C:\Users\Administrator\AppData\Local\Programs\Python\Python313\Lib\threading.py", line 1015, in _bootstrap
    self._bootstrap_inner()
    │    └ <function Thread._bootstrap_inner at 0x0000028E636BD940>
    └ <WorkerThread(AnyIO worker thread, started 22364)>
  File "C:\Users\Administrator\AppData\Local\Programs\Python\Python313\Lib\threading.py", line 1044, in _bootstrap_inner
    self.run()
    │    └ <function WorkerThread.run at 0x0000028E6A001B20>
    └ <WorkerThread(AnyIO worker thread, started 22364)>
  File "C:\bi ye she ji\backend\venv\Lib\site-packages\anyio\_backends\_asyncio.py", line 1100, in run
    result = context.run(func, *args)
             │       │   │      └ ()
             │       │   └ functools.partial(<function _run_vectorize_safely at 0x0000028E6944EE80>, '8b99f300-2614-4d29-a410-8cfa3cb10d3b')
             │       └ <method 'run' of '_contextvars.Context' objects>
             └ <_contextvars.Context object at 0x0000028E6A133400>

> File "[32mC:\bi ye she ji\backend\src\api\routes\[0m[32m[1mdocuments.py[0m", line [33m131[0m, in [35m_run_vectorize_safely[0m
    [1mrun_vectorize[0m[1m([0m[1mdoc_id[0m[1m)[0m
    [36m│             └ [0m[36m[1m'8b99f300-2614-4d29-a410-8cfa3cb10d3b'[0m
    [36m└ [0m[36m[1m<function run_vectorize at 0x0000028E6A012200>[0m

  File "[32mC:\bi ye she ji\backend\src\application\[0m[32m[1mindex_runner.py[0m", line [33m43[0m, in [35mrun_vectorize[0m
    [35m[1mreturn[0m [1masyncio[0m[35m[1m.[0m[1mrun[0m[1m([0m[1m_run[0m[1m([0m[1m)[0m[1m)[0m
    [36m       │       │   └ [0m[36m[1m<function run_vectorize.<locals>._run at 0x0000028E6A13C540>[0m
    [36m       │       └ [0m[36m[1m<function run at 0x0000028E655719E0>[0m
    [36m       └ [0m[36m[1m<module 'asyncio' from 'C:\\Users\\Administrator\\AppData\\Local\\Programs\\Python\\Python313\\Lib\\asyncio\\__init__.py'>[0m

  File "C:\Users\Administrator\AppData\Local\Programs\Python\Python313\Lib\asyncio\runners.py", line 196, in run
    return runner.run(main)
           │      │   └ <coroutine object run_vectorize.<locals>._run at 0x0000028E69EFD8B0>
           │      └ <function Runner.run at 0x0000028E659AFEC0>
           └ <asyncio.runners.Runner object at 0x0000028E60526B10>
  File "C:\Users\Administrator\AppData\Local\Programs\Python\Python313\Lib\asyncio\runners.py", line 119, in run
    return self._loop.run_until_complete(task)
           │    │                        └ <Task finished name='Task-126' coro=<run_vectorize.<locals>._run() done, defined at C:\bi ye she ji\backend\src\application\i...
           │    └ None
           └ <asyncio.runners.Runner object at 0x0000028E60526B10>
  File "C:\Users\Administrator\AppData\Local\Programs\Python\Python313\Lib\asyncio\base_events.py", line 725, in run_until_complete
    return future.result()
           │      └ <method 'result' of '_asyncio.Task' objects>
           └ <Task finished name='Task-126' coro=<run_vectorize.<locals>._run() done, defined at C:\bi ye she ji\backend\src\application\i...

  File "[32mC:\bi ye she ji\backend\src\application\[0m[32m[1mindex_runner.py[0m", line [33m32[0m, in [35m_run[0m
    [1mdoc[0m [35m[1m=[0m [35m[1mawait[0m [1mservice[0m[35m[1m.[0m[1mrun[0m[1m([0m[1muuid[0m[35m[1m.[0m[1mUUID[0m[1m([0m[1mdoc_id[0m[1m)[0m[1m)[0m
    [36m            │       │   │    │    └ [0m[36m[1m'8b99f300-2614-4d29-a410-8cfa3cb10d3b'[0m
    [36m            │       │   │    └ [0m[36m[1m<class 'uuid.UUID'>[0m
    [36m            │       │   └ [0m[36m[1m<module 'uuid' from 'C:\\Users\\Administrator\\AppData\\Local\\Programs\\Python\\Python313\\Lib\\uuid.py'>[0m
    [36m            │       └ [0m[36m[1m<function IndexingService.run at 0x0000028E6A0128E0>[0m
    [36m            └ [0m[36m[1m<src.application.indexing_service.IndexingService object at 0x0000028E60527490>[0m

  File "[32mC:\bi ye she ji\backend\src\application\[0m[32m[1mindexing_service.py[0m", line [33m87[0m, in [35mrun[0m
    [35m[1mraise[0m [1mAppException[0m[1m([0m[34m[1m422[0m[1m,[0m [36mf"[0m[36m向量化失败：[0m[1m{[0m[1mexc[0m[1m}[0m[36m"[0m[1m)[0m [35m[1mfrom[0m [1mexc[0m
    [36m      └ [0m[36m[1m<class 'src.core.exceptions.AppException'>[0m

[31m[1msrc.core.exceptions.AppException[0m:[1m 向量化失败：Milvus 连接失败（http://localhost:19530）：<MilvusException: (code=2, message=Fail connecting to server on localhost:19530, illegal connection params or server unavailable)>[0m
[32m2026-09-06 11:46:07.420[0m | [1mINFO    [0m | [36msrc.application.index_runner[0m:[36m41[0m - [1m开始向量化文档 doc_id=30ec7c22-04d3-4ef4-beea-c42edb47e166[0m
[32m2026-09-06 11:46:07.421[0m | [1mINFO    [0m | [36msrc.application.index_runner[0m:[36m41[0m - [1m开始向量化文档 doc_id=eb6d1e4e-283e-43fe-b142-3f6a03cfa65f[0m
2026-09-06 11:46:28,428 [ERROR][_create_connection]: Failed to create new connection using: 8b7cec4927a741b59388b25aa6278071 (milvus_client.py:852)
[32m2026-09-06 11:46:28.429[0m | [31m[1mERROR   [0m | [36msrc.application.indexing_service[0m:[36m85[0m - [31m[1m文档向量化失败 doc_id=feb870ee-8b70-46ba-9b4f-ccf1af391c5d: Milvus 连接失败（http://localhost:19530）：<MilvusException: (code=2, message=Fail connecting to server on localhost:19530, illegal connection params or server unavailable)>[0m
[32m2026-09-06 11:46:28.443[0m | [31m[1mERROR   [0m | [36msrc.api.routes.documents[0m:[36m133[0m - [31m[1m后台向量化任务执行失败 doc_id=feb870ee-8b70-46ba-9b4f-ccf1af391c5d[0m
[33m[1mTraceback (most recent call last):[0m

  File "[32mC:\bi ye she ji\backend\src\infrastructure\[0m[32m[1mmilvus_store.py[0m", line [33m93[0m, in [35m_get_client[0m
    [1mself[0m[35m[1m.[0m[1m_client[0m [35m[1m=[0m [1mMilvusClient[0m[1m([0m[1muri[0m[35m[1m=[0m[1mself[0m[35m[1m.[0m[1m_uri[0m[1m)[0m
    [36m│    │         │                │    └ [0m[36m[1m'http://localhost:19530'[0m
    [36m│    │         │                └ [0m[36m[1m<src.infrastructure.milvus_store.MilvusStore object at 0x0000028E69F91400>[0m
    [36m│    │         └ [0m[36m[1m<class 'pymilvus.milvus_client.milvus_client.MilvusClient'>[0m
    [36m│    └ [0m[36m[1mNone[0m
    [36m└ [0m[36m[1m<src.infrastructure.milvus_store.MilvusStore object at 0x0000028E69F91400>[0m

  File "C:\bi ye she ji\backend\venv\Lib\site-packages\pymilvus\milvus_client\milvus_client.py", line 65, in __init__
    self._using = self._create_connection(
    │             │    └ <function MilvusClient._create_connection at 0x0000028E60909260>
    │             └ <pymilvus.milvus_client.milvus_client.MilvusClient object at 0x0000028E6A05BBB0>
    └ <pymilvus.milvus_client.milvus_client.MilvusClient object at 0x0000028E6A05BBB0>
  File "C:\bi ye she ji\backend\venv\Lib\site-packages\pymilvus\milvus_client\milvus_client.py", line 853, in _create_connection
    raise ex from ex
  File "C:\bi ye she ji\backend\venv\Lib\site-packages\pymilvus\milvus_client\milvus_client.py", line 850, in _create_connection
    connections.connect(using, user, password, db_name, token, uri=uri, **kwargs)
    │           │       │      │     │         │        │          │      └ {'timeout': None}
    │           │       │      │     │         │        │          └ 'http://localhost:19530'
    │           │       │      │     │         │        └ ''
    │           │       │      │     │         └ ''
    │           │       │      │     └ ''
    │           │       │      └ ''
    │           │       └ '8b7cec4927a741b59388b25aa6278071'
    │           └ <function Connections.connect at 0x0000028E6051A0C0>
    └ <pymilvus.orm.connections.Connections object at 0x0000028E604D12B0>
  File "C:\bi ye she ji\backend\venv\Lib\site-packages\pymilvus\orm\connections.py", line 461, in connect
    connect_milvus(**kwargs, user=user, password=password, token=token, db_name=db_name)
    │                │            │              │               │              └ ''
    │                │            │              │               └ ''
    │                │            │              └ ''
    │                │            └ ''
    │                └ {'timeout': None, 'address': 'localhost:19530'}
    └ <function Connections.connect.<locals>.connect_milvus at 0x0000028E60B49620>
  File "C:\bi ye she ji\backend\venv\Lib\site-packages\pymilvus\orm\connections.py", line 411, in connect_milvus
    gh._wait_for_channel_ready(timeout=timeout)
    │  │                               └ 10.0
    │  └ <function GrpcHandler._wait_for_channel_ready at 0x0000028E604BFC40>
    └ <pymilvus.client.grpc_handler.GrpcHandler object at 0x0000028E6A05BE10>
  File "C:\bi ye she ji\backend\venv\Lib\site-packages\pymilvus\client\grpc_handler.py", line 154, in _wait_for_channel_ready
    raise MilvusException(
          └ <class 'pymilvus.exceptions.MilvusException'>

[31m[1mpymilvus.exceptions.MilvusException[0m:[1m <MilvusException: (code=2, message=Fail connecting to server on localhost:19530, illegal connection params or server unavailable)>[0m


[1mThe above exception was the direct cause of the following exception:[0m


[33m[1mTraceback (most recent call last):[0m

  File "[32mC:\bi ye she ji\backend\src\application\[0m[32m[1mindexing_service.py[0m", line [33m83[0m, in [35mrun[0m
    [35m[1mawait[0m [1masyncio[0m[35m[1m.[0m[1mto_thread[0m[1m([0m[1mself[0m[35m[1m.[0m[1m_write_milvus[0m[1m,[0m [1mstr[0m[1m([0m[1mdoc[0m[35m[1m.[0m[1mid[0m[1m)[0m[1m,[0m [1mrows[0m[1m)[0m
    [36m      │       │         │    │                  │   │    └ [0m[36m[1m[VectorRow(id='2cabd414-0c0f-47e4-b468-2ab86a30bee9', doc_id='feb870ee-8b70-46ba-9b4f-ccf1af391c5d', kb_id='78207324-2a5c-426...[0m
    [36m      │       │         │    │                  │   └ [0m[36m[1m<sqlalchemy.orm.attributes.InstrumentedAttribute object at 0x0000028E68DDE660>[0m
    [36m      │       │         │    │                  └ [0m[36m[1m<src.domain.models.Document object at 0x0000028E604A73E0>[0m
    [36m      │       │         │    └ [0m[36m[1m<function IndexingService._write_milvus at 0x0000028E6A012A20>[0m
    [36m      │       │         └ [0m[36m[1m<src.application.indexing_service.IndexingService object at 0x0000028E60B404D0>[0m
    [36m      │       └ [0m[36m[1m<function to_thread at 0x0000028E659B4540>[0m
    [36m      └ [0m[36m[1m<module 'asyncio' from 'C:\\Users\\Administrator\\AppData\\Local\\Programs\\Python\\Python313\\Lib\\asyncio\\__init__.py'>[0m

  File "C:\Users\Administrator\AppData\Local\Programs\Python\Python313\Lib\asyncio\threads.py", line 26, in to_thread
    return await loop.run_in_executor(None, func_call)
                 │    │                     └ functools.partial(<built-in method run of _contextvars.Context object at 0x0000028E6A06F740>, <bound method IndexingService._...
                 │    └ <function BaseEventLoop.run_in_executor at 0x0000028E659AE2A0>
                 └ <ProactorEventLoop running=False closed=True debug=False>
  File "C:\Users\Administrator\AppData\Local\Programs\Python\Python313\Lib\concurrent\futures\thread.py", line 59, in run
    result = self.fn(*self.args, **self.kwargs)
             │        │            └ None
             │        └ None
             └ None

  File "[32mC:\bi ye she ji\backend\src\application\[0m[32m[1mindexing_service.py[0m", line [33m130[0m, in [35m_write_milvus[0m
    [1mself[0m[35m[1m.[0m[1mstore[0m[35m[1m.[0m[1mensure_collection[0m[1m([0m[1m)[0m
    [36m│    │     └ [0m[36m[1m<function MilvusStore.ensure_collection at 0x0000028E69436160>[0m
    [36m│    └ [0m[36m[1m<src.infrastructure.milvus_store.MilvusStore object at 0x0000028E69F91400>[0m
    [36m└ [0m[36m[1m<src.application.indexing_service.IndexingService object at 0x0000028E60B404D0>[0m

  File "[32mC:\bi ye she ji\backend\src\infrastructure\[0m[32m[1mmilvus_store.py[0m", line [33m99[0m, in [35mensure_collection[0m
    [1mclient[0m [35m[1m=[0m [1mself[0m[35m[1m.[0m[1m_get_client[0m[1m([0m[1m)[0m
    [36m         │    └ [0m[36m[1m<function MilvusStore._get_client at 0x0000028E694360C0>[0m
    [36m         └ [0m[36m[1m<src.infrastructure.milvus_store.MilvusStore object at 0x0000028E69F91400>[0m

  File "[32mC:\bi ye she ji\backend\src\infrastructure\[0m[32m[1mmilvus_store.py[0m", line [33m95[0m, in [35m_get_client[0m
    [35m[1mraise[0m [1mVectorStoreError[0m[1m([0m[36mf"[0m[36mMilvus 连接失败（[0m[1m{[0m[1mself[0m[35m[1m.[0m[1m_uri[0m[1m}[0m[36m）：[0m[1m{[0m[1mexc[0m[1m}[0m[36m"[0m[1m)[0m [35m[1mfrom[0m [1mexc[0m
    [36m      │                               │    └ [0m[36m[1m'http://localhost:19530'[0m
    [36m      │                               └ [0m[36m[1m<src.infrastructure.milvus_store.MilvusStore object at 0x0000028E69F91400>[0m
    [36m      └ [0m[36m[1m<class 'src.infrastructure.milvus_store.VectorStoreError'>[0m

[31m[1msrc.infrastructure.milvus_store.VectorStoreError[0m:[1m Milvus 连接失败（http://localhost:19530）：<MilvusException: (code=2, message=Fail connecting to server on localhost:19530, illegal connection params or server unavailable)>[0m


[1mThe above exception was the direct cause of the following exception:[0m


[33m[1mTraceback (most recent call last):[0m

  File "C:\Users\Administrator\AppData\Local\Programs\Python\Python313\Lib\threading.py", line 1015, in _bootstrap
    self._bootstrap_inner()
    │    └ <function Thread._bootstrap_inner at 0x0000028E636BD940>
    └ <WorkerThread(AnyIO worker thread, started 16620)>
  File "C:\Users\Administrator\AppData\Local\Programs\Python\Python313\Lib\threading.py", line 1044, in _bootstrap_inner
    self.run()
    │    └ <function WorkerThread.run at 0x0000028E6A001B20>
    └ <WorkerThread(AnyIO worker thread, started 16620)>
  File "C:\bi ye she ji\backend\venv\Lib\site-packages\anyio\_backends\_asyncio.py", line 1100, in run
    result = context.run(func, *args)
             │       │   │      └ ()
             │       │   └ functools.partial(<function _run_vectorize_safely at 0x0000028E6944EE80>, 'feb870ee-8b70-46ba-9b4f-ccf1af391c5d')
             │       └ <method 'run' of '_contextvars.Context' objects>
             └ <_contextvars.Context object at 0x0000028E6E842940>

> File "[32mC:\bi ye she ji\backend\src\api\routes\[0m[32m[1mdocuments.py[0m", line [33m131[0m, in [35m_run_vectorize_safely[0m
    [1mrun_vectorize[0m[1m([0m[1mdoc_id[0m[1m)[0m
    [36m│             └ [0m[36m[1m'feb870ee-8b70-46ba-9b4f-ccf1af391c5d'[0m
    [36m└ [0m[36m[1m<function run_vectorize at 0x0000028E6A012200>[0m

  File "[32mC:\bi ye she ji\backend\src\application\[0m[32m[1mindex_runner.py[0m", line [33m43[0m, in [35mrun_vectorize[0m
    [35m[1mreturn[0m [1masyncio[0m[35m[1m.[0m[1mrun[0m[1m([0m[1m_run[0m[1m([0m[1m)[0m[1m)[0m
    [36m       │       │   └ [0m[36m[1m<function run_vectorize.<locals>._run at 0x0000028E7CA080E0>[0m
    [36m       │       └ [0m[36m[1m<function run at 0x0000028E655719E0>[0m
    [36m       └ [0m[36m[1m<module 'asyncio' from 'C:\\Users\\Administrator\\AppData\\Local\\Programs\\Python\\Python313\\Lib\\asyncio\\__init__.py'>[0m

  File "C:\Users\Administrator\AppData\Local\Programs\Python\Python313\Lib\asyncio\runners.py", line 196, in run
    return runner.run(main)
           │      │   └ <coroutine object run_vectorize.<locals>._run at 0x0000028E60982130>
           │      └ <function Runner.run at 0x0000028E659AFEC0>
           └ <asyncio.runners.Runner object at 0x0000028E609819D0>
  File "C:\Users\Administrator\AppData\Local\Programs\Python\Python313\Lib\asyncio\runners.py", line 119, in run
    return self._loop.run_until_complete(task)
           │    │                        └ <Task finished name='Task-140' coro=<run_vectorize.<locals>._run() done, defined at C:\bi ye she ji\backend\src\application\i...
           │    └ None
           └ <asyncio.runners.Runner object at 0x0000028E609819D0>
  File "C:\Users\Administrator\AppData\Local\Programs\Python\Python313\Lib\asyncio\base_events.py", line 725, in run_until_complete
    return future.result()
           │      └ <method 'result' of '_asyncio.Task' objects>
           └ <Task finished name='Task-140' coro=<run_vectorize.<locals>._run() done, defined at C:\bi ye she ji\backend\src\application\i...

  File "[32mC:\bi ye she ji\backend\src\application\[0m[32m[1mindex_runner.py[0m", line [33m32[0m, in [35m_run[0m
    [1mdoc[0m [35m[1m=[0m [35m[1mawait[0m [1mservice[0m[35m[1m.[0m[1mrun[0m[1m([0m[1muuid[0m[35m[1m.[0m[1mUUID[0m[1m([0m[1mdoc_id[0m[1m)[0m[1m)[0m
    [36m            │       │   │    │    └ [0m[36m[1m'feb870ee-8b70-46ba-9b4f-ccf1af391c5d'[0m
    [36m            │       │   │    └ [0m[36m[1m<class 'uuid.UUID'>[0m
    [36m            │       │   └ [0m[36m[1m<module 'uuid' from 'C:\\Users\\Administrator\\AppData\\Local\\Programs\\Python\\Python313\\Lib\\uuid.py'>[0m
    [36m            │       └ [0m[36m[1m<function IndexingService.run at 0x0000028E6A0128E0>[0m
    [36m            └ [0m[36m[1m<src.application.indexing_service.IndexingService object at 0x0000028E60B404D0>[0m

  File "[32mC:\bi ye she ji\backend\src\application\[0m[32m[1mindexing_service.py[0m", line [33m87[0m, in [35mrun[0m
    [35m[1mraise[0m [1mAppException[0m[1m([0m[34m[1m422[0m[1m,[0m [36mf"[0m[36m向量化失败：[0m[1m{[0m[1mexc[0m[1m}[0m[36m"[0m[1m)[0m [35m[1mfrom[0m [1mexc[0m
    [36m      └ [0m[36m[1m<class 'src.core.exceptions.AppException'>[0m

[31m[1msrc.core.exceptions.AppException[0m:[1m 向量化失败：Milvus 连接失败（http://localhost:19530）：<MilvusException: (code=2, message=Fail connecting to server on localhost:19530, illegal connection params or server unavailable)>[0m
[32m2026-09-06 11:46:28.456[0m | [1mINFO    [0m | [36msrc.application.index_runner[0m:[36m41[0m - [1m开始向量化文档 doc_id=bd241065-7105-485d-a04d-08e99f9432c0[0m
2026-09-06 11:46:28,644 [ERROR][_create_connection]: Failed to create new connection using: 5c7055207cd94d92843442786431c7d3 (milvus_client.py:852)
[32m2026-09-06 11:46:28.645[0m | [31m[1mERROR   [0m | [36msrc.application.indexing_service[0m:[36m85[0m - [31m[1m文档向量化失败 doc_id=d28d0fe9-7eff-4b0b-90ac-4fadffa3aa78: Milvus 连接失败（http://localhost:19530）：<MilvusException: (code=2, message=Fail connecting to server on localhost:19530, illegal connection params or server unavailable)>[0m
[32m2026-09-06 11:46:28.666[0m | [31m[1mERROR   [0m | [36msrc.api.routes.documents[0m:[36m133[0m - [31m[1m后台向量化任务执行失败 doc_id=d28d0fe9-7eff-4b0b-90ac-4fadffa3aa78[0m
[33m[1mTraceback (most recent call last):[0m

  File "[32mC:\bi ye she ji\backend\src\infrastructure\[0m[32m[1mmilvus_store.py[0m", line [33m93[0m, in [35m_get_client[0m
    [1mself[0m[35m[1m.[0m[1m_client[0m [35m[1m=[0m [1mMilvusClient[0m[1m([0m[1muri[0m[35m[1m=[0m[1mself[0m[35m[1m.[0m[1m_uri[0m[1m)[0m
    [36m│    │         │                │    └ [0m[36m[1m'http://localhost:19530'[0m
    [36m│    │         │                └ [0m[36m[1m<src.infrastructure.milvus_store.MilvusStore object at 0x0000028E69F91400>[0m
    [36m│    │         └ [0m[36m[1m<class 'pymilvus.milvus_client.milvus_client.MilvusClient'>[0m
    [36m│    └ [0m[36m[1mNone[0m
    [36m└ [0m[36m[1m<src.infrastructure.milvus_store.MilvusStore object at 0x0000028E69F91400>[0m

  File "C:\bi ye she ji\backend\venv\Lib\site-packages\pymilvus\milvus_client\milvus_client.py", line 65, in __init__
    self._using = self._create_connection(
    │             │    └ <function MilvusClient._create_connection at 0x0000028E60909260>
    │             └ <pymilvus.milvus_client.milvus_client.MilvusClient object at 0x0000028E6A0D16D0>
    └ <pymilvus.milvus_client.milvus_client.MilvusClient object at 0x0000028E6A0D16D0>
  File "C:\bi ye she ji\backend\venv\Lib\site-packages\pymilvus\milvus_client\milvus_client.py", line 853, in _create_connection
    raise ex from ex
  File "C:\bi ye she ji\backend\venv\Lib\site-packages\pymilvus\milvus_client\milvus_client.py", line 850, in _create_connection
    connections.connect(using, user, password, db_name, token, uri=uri, **kwargs)
    │           │       │      │     │         │        │          │      └ {'timeout': None}
    │           │       │      │     │         │        │          └ 'http://localhost:19530'
    │           │       │      │     │         │        └ ''
    │           │       │      │     │         └ ''
    │           │       │      │     └ ''
    │           │       │      └ ''
    │           │       └ '5c7055207cd94d92843442786431c7d3'
    │           └ <function Connections.connect at 0x0000028E6051A0C0>
    └ <pymilvus.orm.connections.Connections object at 0x0000028E604D12B0>
  File "C:\bi ye she ji\backend\venv\Lib\site-packages\pymilvus\orm\connections.py", line 461, in connect
    connect_milvus(**kwargs, user=user, password=password, token=token, db_name=db_name)
    │                │            │              │               │              └ ''
    │                │            │              │               └ ''
    │                │            │              └ ''
    │                │            └ ''
    │                └ {'timeout': None, 'address': 'localhost:19530'}
    └ <function Connections.connect.<locals>.connect_milvus at 0x0000028E60B49BC0>
  File "C:\bi ye she ji\backend\venv\Lib\site-packages\pymilvus\orm\connections.py", line 411, in connect_milvus
    gh._wait_for_channel_ready(timeout=timeout)
    │  │                               └ 10.0
    │  └ <function GrpcHandler._wait_for_channel_ready at 0x0000028E604BFC40>
    └ <pymilvus.client.grpc_handler.GrpcHandler object at 0x0000028E60B41EB0>
  File "C:\bi ye she ji\backend\venv\Lib\site-packages\pymilvus\client\grpc_handler.py", line 154, in _wait_for_channel_ready
    raise MilvusException(
          └ <class 'pymilvus.exceptions.MilvusException'>

[31m[1mpymilvus.exceptions.MilvusException[0m:[1m <MilvusException: (code=2, message=Fail connecting to server on localhost:19530, illegal connection params or server unavailable)>[0m


[1mThe above exception was the direct cause of the following exception:[0m


[33m[1mTraceback (most recent call last):[0m

  File "[32mC:\bi ye she ji\backend\src\application\[0m[32m[1mindexing_service.py[0m", line [33m83[0m, in [35mrun[0m
    [35m[1mawait[0m [1masyncio[0m[35m[1m.[0m[1mto_thread[0m[1m([0m[1mself[0m[35m[1m.[0m[1m_write_milvus[0m[1m,[0m [1mstr[0m[1m([0m[1mdoc[0m[35m[1m.[0m[1mid[0m[1m)[0m[1m,[0m [1mrows[0m[1m)[0m
    [36m      │       │         │    │                  │   │    └ [0m[36m[1m[VectorRow(id='bd7cf15a-9c0f-45d1-b7dd-9e9095432a4d', doc_id='d28d0fe9-7eff-4b0b-90ac-4fadffa3aa78', kb_id='c66d3fe5-8d25-474...[0m
    [36m      │       │         │    │                  │   └ [0m[36m[1m<sqlalchemy.orm.attributes.InstrumentedAttribute object at 0x0000028E68DDE660>[0m
    [36m      │       │         │    │                  └ [0m[36m[1m<src.domain.models.Document object at 0x0000028E69F8C940>[0m
    [36m      │       │         │    └ [0m[36m[1m<function IndexingService._write_milvus at 0x0000028E6A012A20>[0m
    [36m      │       │         └ [0m[36m[1m<src.application.indexing_service.IndexingService object at 0x0000028E605268B0>[0m
    [36m      │       └ [0m[36m[1m<function to_thread at 0x0000028E659B4540>[0m
    [36m      └ [0m[36m[1m<module 'asyncio' from 'C:\\Users\\Administrator\\AppData\\Local\\Programs\\Python\\Python313\\Lib\\asyncio\\__init__.py'>[0m

  File "C:\Users\Administrator\AppData\Local\Programs\Python\Python313\Lib\asyncio\threads.py", line 26, in to_thread
    return await loop.run_in_executor(None, func_call)
                 │    │                     └ functools.partial(<built-in method run of _contextvars.Context object at 0x0000028E696F1E40>, <bound method IndexingService._...
                 │    └ <function BaseEventLoop.run_in_executor at 0x0000028E659AE2A0>
                 └ <ProactorEventLoop running=False closed=True debug=False>
  File "C:\Users\Administrator\AppData\Local\Programs\Python\Python313\Lib\concurrent\futures\thread.py", line 59, in run
    result = self.fn(*self.args, **self.kwargs)
             │        │            └ None
             │        └ None
             └ None

  File "[32mC:\bi ye she ji\backend\src\application\[0m[32m[1mindexing_service.py[0m", line [33m130[0m, in [35m_write_milvus[0m
    [1mself[0m[35m[1m.[0m[1mstore[0m[35m[1m.[0m[1mensure_collection[0m[1m([0m[1m)[0m
    [36m│    │     └ [0m[36m[1m<function MilvusStore.ensure_collection at 0x0000028E69436160>[0m
    [36m│    └ [0m[36m[1m<src.infrastructure.milvus_store.MilvusStore object at 0x0000028E69F91400>[0m
    [36m└ [0m[36m[1m<src.application.indexing_service.IndexingService object at 0x0000028E605268B0>[0m

  File "[32mC:\bi ye she ji\backend\src\infrastructure\[0m[32m[1mmilvus_store.py[0m", line [33m99[0m, in [35mensure_collection[0m
    [1mclient[0m [35m[1m=[0m [1mself[0m[35m[1m.[0m[1m_get_client[0m[1m([0m[1m)[0m
    [36m         │    └ [0m[36m[1m<function MilvusStore._get_client at 0x0000028E694360C0>[0m
    [36m         └ [0m[36m[1m<src.infrastructure.milvus_store.MilvusStore object at 0x0000028E69F91400>[0m

  File "[32mC:\bi ye she ji\backend\src\infrastructure\[0m[32m[1mmilvus_store.py[0m", line [33m95[0m, in [35m_get_client[0m
    [35m[1mraise[0m [1mVectorStoreError[0m[1m([0m[36mf"[0m[36mMilvus 连接失败（[0m[1m{[0m[1mself[0m[35m[1m.[0m[1m_uri[0m[1m}[0m[36m）：[0m[1m{[0m[1mexc[0m[1m}[0m[36m"[0m[1m)[0m [35m[1mfrom[0m [1mexc[0m
    [36m      │                               │    └ [0m[36m[1m'http://localhost:19530'[0m
    [36m      │                               └ [0m[36m[1m<src.infrastructure.milvus_store.MilvusStore object at 0x0000028E69F91400>[0m
    [36m      └ [0m[36m[1m<class 'src.infrastructure.milvus_store.VectorStoreError'>[0m

[31m[1msrc.infrastructure.milvus_store.VectorStoreError[0m:[1m Milvus 连接失败（http://localhost:19530）：<MilvusException: (code=2, message=Fail connecting to server on localhost:19530, illegal connection params or server unavailable)>[0m


[1mThe above exception was the direct cause of the following exception:[0m


[33m[1mTraceback (most recent call last):[0m

  File "C:\Users\Administrator\AppData\Local\Programs\Python\Python313\Lib\threading.py", line 1015, in _bootstrap
    self._bootstrap_inner()
    │    └ <function Thread._bootstrap_inner at 0x0000028E636BD940>
    └ <WorkerThread(AnyIO worker thread, started 17860)>
  File "C:\Users\Administrator\AppData\Local\Programs\Python\Python313\Lib\threading.py", line 1044, in _bootstrap_inner
    self.run()
    │    └ <function WorkerThread.run at 0x0000028E6A001B20>
    └ <WorkerThread(AnyIO worker thread, started 17860)>
  File "C:\bi ye she ji\backend\venv\Lib\site-packages\anyio\_backends\_asyncio.py", line 1100, in run
    result = context.run(func, *args)
             │       │   │      └ ()
             │       │   └ functools.partial(<function _run_vectorize_safely at 0x0000028E6944EE80>, 'd28d0fe9-7eff-4b0b-90ac-4fadffa3aa78')
             │       └ <method 'run' of '_contextvars.Context' objects>
             └ <_contextvars.Context object at 0x0000028E6A082700>

> File "[32mC:\bi ye she ji\backend\src\api\routes\[0m[32m[1mdocuments.py[0m", line [33m131[0m, in [35m_run_vectorize_safely[0m
    [1mrun_vectorize[0m[1m([0m[1mdoc_id[0m[1m)[0m
    [36m│             └ [0m[36m[1m'd28d0fe9-7eff-4b0b-90ac-4fadffa3aa78'[0m
    [36m└ [0m[36m[1m<function run_vectorize at 0x0000028E6A012200>[0m

  File "[32mC:\bi ye she ji\backend\src\application\[0m[32m[1mindex_runner.py[0m", line [33m43[0m, in [35mrun_vectorize[0m
    [35m[1mreturn[0m [1masyncio[0m[35m[1m.[0m[1mrun[0m[1m([0m[1m_run[0m[1m([0m[1m)[0m[1m)[0m
    [36m       │       │   └ [0m[36m[1m<function run_vectorize.<locals>._run at 0x0000028E66AFF880>[0m
    [36m       │       └ [0m[36m[1m<function run at 0x0000028E655719E0>[0m
    [36m       └ [0m[36m[1m<module 'asyncio' from 'C:\\Users\\Administrator\\AppData\\Local\\Programs\\Python\\Python313\\Lib\\asyncio\\__init__.py'>[0m

  File "C:\Users\Administrator\AppData\Local\Programs\Python\Python313\Lib\asyncio\runners.py", line 196, in run
    return runner.run(main)
           │      │   └ <coroutine object run_vectorize.<locals>._run at 0x0000028E60981250>
           │      └ <function Runner.run at 0x0000028E659AFEC0>
           └ <asyncio.runners.Runner object at 0x0000028E69ECC710>
  File "C:\Users\Administrator\AppData\Local\Programs\Python\Python313\Lib\asyncio\runners.py", line 119, in run
    return self._loop.run_until_complete(task)
           │    │                        └ <Task finished name='Task-139' coro=<run_vectorize.<locals>._run() done, defined at C:\bi ye she ji\backend\src\application\i...
           │    └ None
           └ <asyncio.runners.Runner object at 0x0000028E69ECC710>
  File "C:\Users\Administrator\AppData\Local\Programs\Python\Python313\Lib\asyncio\base_events.py", line 725, in run_until_complete
    return future.result()
           │      └ <method 'result' of '_asyncio.Task' objects>
           └ <Task finished name='Task-139' coro=<run_vectorize.<locals>._run() done, defined at C:\bi ye she ji\backend\src\application\i...

  File "[32mC:\bi ye she ji\backend\src\application\[0m[32m[1mindex_runner.py[0m", line [33m32[0m, in [35m_run[0m
    [1mdoc[0m [35m[1m=[0m [35m[1mawait[0m [1mservice[0m[35m[1m.[0m[1mrun[0m[1m([0m[1muuid[0m[35m[1m.[0m[1mUUID[0m[1m([0m[1mdoc_id[0m[1m)[0m[1m)[0m
    [36m            │       │   │    │    └ [0m[36m[1m'd28d0fe9-7eff-4b0b-90ac-4fadffa3aa78'[0m
    [36m            │       │   │    └ [0m[36m[1m<class 'uuid.UUID'>[0m
    [36m            │       │   └ [0m[36m[1m<module 'uuid' from 'C:\\Users\\Administrator\\AppData\\Local\\Programs\\Python\\Python313\\Lib\\uuid.py'>[0m
    [36m            │       └ [0m[36m[1m<function IndexingService.run at 0x0000028E6A0128E0>[0m
    [36m            └ [0m[36m[1m<src.application.indexing_service.IndexingService object at 0x0000028E605268B0>[0m

  File "[32mC:\bi ye she ji\backend\src\application\[0m[32m[1mindexing_service.py[0m", line [33m87[0m, in [35mrun[0m
    [35m[1mraise[0m [1mAppException[0m[1m([0m[34m[1m422[0m[1m,[0m [36mf"[0m[36m向量化失败：[0m[1m{[0m[1mexc[0m[1m}[0m[36m"[0m[1m)[0m [35m[1mfrom[0m [1mexc[0m
    [36m      └ [0m[36m[1m<class 'src.core.exceptions.AppException'>[0m

[31m[1msrc.core.exceptions.AppException[0m:[1m 向量化失败：Milvus 连接失败（http://localhost:19530）：<MilvusException: (code=2, message=Fail connecting to server on localhost:19530, illegal connection params or server unavailable)>[0m
[32m2026-09-06 11:46:28.689[0m | [1mINFO    [0m | [36msrc.application.index_runner[0m:[36m41[0m - [1m开始向量化文档 doc_id=e68b1d03-a673-4d79-a000-e064d8a903b0[0m
2026-09-06 11:46:50,277 [ERROR][_create_connection]: Failed to create new connection using: 3a22843fefe84da1b41d564e4804c931 (milvus_client.py:852)
[32m2026-09-06 11:46:50.278[0m | [31m[1mERROR   [0m | [36msrc.application.indexing_service[0m:[36m85[0m - [31m[1m文档向量化失败 doc_id=f93261c2-49e9-4865-8f9f-1668f34f7360: Milvus 连接失败（http://localhost:19530）：<MilvusException: (code=2, message=Fail connecting to server on localhost:19530, illegal connection params or server unavailable)>[0m
[32m2026-09-06 11:46:50.293[0m | [31m[1mERROR   [0m | [36msrc.api.routes.documents[0m:[36m133[0m - [31m[1m后台向量化任务执行失败 doc_id=f93261c2-49e9-4865-8f9f-1668f34f7360[0m
[33m[1mTraceback (most recent call last):[0m

  File "[32mC:\bi ye she ji\backend\src\infrastructure\[0m[32m[1mmilvus_store.py[0m", line [33m93[0m, in [35m_get_client[0m
    [1mself[0m[35m[1m.[0m[1m_client[0m [35m[1m=[0m [1mMilvusClient[0m[1m([0m[1muri[0m[35m[1m=[0m[1mself[0m[35m[1m.[0m[1m_uri[0m[1m)[0m
    [36m│    │         │                │    └ [0m[36m[1m'http://localhost:19530'[0m
    [36m│    │         │                └ [0m[36m[1m<src.infrastructure.milvus_store.MilvusStore object at 0x0000028E69F91400>[0m
    [36m│    │         └ [0m[36m[1m<class 'pymilvus.milvus_client.milvus_client.MilvusClient'>[0m
    [36m│    └ [0m[36m[1mNone[0m
    [36m└ [0m[36m[1m<src.infrastructure.milvus_store.MilvusStore object at 0x0000028E69F91400>[0m

  File "C:\bi ye she ji\backend\venv\Lib\site-packages\pymilvus\milvus_client\milvus_client.py", line 65, in __init__
    self._using = self._create_connection(
    │             │    └ <function MilvusClient._create_connection at 0x0000028E60909260>
    │             └ <pymilvus.milvus_client.milvus_client.MilvusClient object at 0x0000028E6A0CACF0>
    └ <pymilvus.milvus_client.milvus_client.MilvusClient object at 0x0000028E6A0CACF0>
  File "C:\bi ye she ji\backend\venv\Lib\site-packages\pymilvus\milvus_client\milvus_client.py", line 853, in _create_connection
    raise ex from ex
  File "C:\bi ye she ji\backend\venv\Lib\site-packages\pymilvus\milvus_client\milvus_client.py", line 850, in _create_connection
    connections.connect(using, user, password, db_name, token, uri=uri, **kwargs)
    │           │       │      │     │         │        │          │      └ {'timeout': None}
    │           │       │      │     │         │        │          └ 'http://localhost:19530'
    │           │       │      │     │         │        └ ''
    │           │       │      │     │         └ ''
    │           │       │      │     └ ''
    │           │       │      └ ''
    │           │       └ '3a22843fefe84da1b41d564e4804c931'
    │           └ <function Connections.connect at 0x0000028E6051A0C0>
    └ <pymilvus.orm.connections.Connections object at 0x0000028E604D12B0>
  File "C:\bi ye she ji\backend\venv\Lib\site-packages\pymilvus\orm\connections.py", line 461, in connect
    connect_milvus(**kwargs, user=user, password=password, token=token, db_name=db_name)
    │                │            │              │               │              └ ''
    │                │            │              │               └ ''
    │                │            │              └ ''
    │                │            └ ''
    │                └ {'timeout': None, 'address': 'localhost:19530'}
    └ <function Connections.connect.<locals>.connect_milvus at 0x0000028E60B81440>
  File "C:\bi ye she ji\backend\venv\Lib\site-packages\pymilvus\orm\connections.py", line 411, in connect_milvus
    gh._wait_for_channel_ready(timeout=timeout)
    │  │                               └ 10.0
    │  └ <function GrpcHandler._wait_for_channel_ready at 0x0000028E604BFC40>
    └ <pymilvus.client.grpc_handler.GrpcHandler object at 0x0000028E6A0CB8A0>
  File "C:\bi ye she ji\backend\venv\Lib\site-packages\pymilvus\client\grpc_handler.py", line 154, in _wait_for_channel_ready
    raise MilvusException(
          └ <class 'pymilvus.exceptions.MilvusException'>

[31m[1mpymilvus.exceptions.MilvusException[0m:[1m <MilvusException: (code=2, message=Fail connecting to server on localhost:19530, illegal connection params or server unavailable)>[0m


[1mThe above exception was the direct cause of the following exception:[0m


[33m[1mTraceback (most recent call last):[0m

  File "[32mC:\bi ye she ji\backend\src\application\[0m[32m[1mindexing_service.py[0m", line [33m83[0m, in [35mrun[0m
    [35m[1mawait[0m [1masyncio[0m[35m[1m.[0m[1mto_thread[0m[1m([0m[1mself[0m[35m[1m.[0m[1m_write_milvus[0m[1m,[0m [1mstr[0m[1m([0m[1mdoc[0m[35m[1m.[0m[1mid[0m[1m)[0m[1m,[0m [1mrows[0m[1m)[0m
    [36m      │       │         │    │                  │   │    └ [0m[36m[1m[VectorRow(id='31504f3b-5b75-416c-ba9d-bce90d9afa54', doc_id='f93261c2-49e9-4865-8f9f-1668f34f7360', kb_id='8bbf6fbd-472d-4c5...[0m
    [36m      │       │         │    │                  │   └ [0m[36m[1m<sqlalchemy.orm.attributes.InstrumentedAttribute object at 0x0000028E68DDE660>[0m
    [36m      │       │         │    │                  └ [0m[36m[1m<src.domain.models.Document object at 0x0000028E69F8F540>[0m
    [36m      │       │         │    └ [0m[36m[1m<function IndexingService._write_milvus at 0x0000028E6A012A20>[0m
    [36m      │       │         └ [0m[36m[1m<src.application.indexing_service.IndexingService object at 0x0000028E60982250>[0m
    [36m      │       └ [0m[36m[1m<function to_thread at 0x0000028E659B4540>[0m
    [36m      └ [0m[36m[1m<module 'asyncio' from 'C:\\Users\\Administrator\\AppData\\Local\\Programs\\Python\\Python313\\Lib\\asyncio\\__init__.py'>[0m

  File "C:\Users\Administrator\AppData\Local\Programs\Python\Python313\Lib\asyncio\threads.py", line 26, in to_thread
    return await loop.run_in_executor(None, func_call)
                 │    │                     └ functools.partial(<built-in method run of _contextvars.Context object at 0x0000028E6E840700>, <bound method IndexingService._...
                 │    └ <function BaseEventLoop.run_in_executor at 0x0000028E659AE2A0>
                 └ <ProactorEventLoop running=False closed=True debug=False>
  File "C:\Users\Administrator\AppData\Local\Programs\Python\Python313\Lib\concurrent\futures\thread.py", line 59, in run
    result = self.fn(*self.args, **self.kwargs)
             │        │            └ None
             │        └ None
             └ None

  File "[32mC:\bi ye she ji\backend\src\application\[0m[32m[1mindexing_service.py[0m", line [33m130[0m, in [35m_write_milvus[0m
    [1mself[0m[35m[1m.[0m[1mstore[0m[35m[1m.[0m[1mensure_collection[0m[1m([0m[1m)[0m
    [36m│    │     └ [0m[36m[1m<function MilvusStore.ensure_collection at 0x0000028E69436160>[0m
    [36m│    └ [0m[36m[1m<src.infrastructure.milvus_store.MilvusStore object at 0x0000028E69F91400>[0m
    [36m└ [0m[36m[1m<src.application.indexing_service.IndexingService object at 0x0000028E60982250>[0m

  File "[32mC:\bi ye she ji\backend\src\infrastructure\[0m[32m[1mmilvus_store.py[0m", line [33m99[0m, in [35mensure_collection[0m
    [1mclient[0m [35m[1m=[0m [1mself[0m[35m[1m.[0m[1m_get_client[0m[1m([0m[1m)[0m
    [36m         │    └ [0m[36m[1m<function MilvusStore._get_client at 0x0000028E694360C0>[0m
    [36m         └ [0m[36m[1m<src.infrastructure.milvus_store.MilvusStore object at 0x0000028E69F91400>[0m

  File "[32mC:\bi ye she ji\backend\src\infrastructure\[0m[32m[1mmilvus_store.py[0m", line [33m95[0m, in [35m_get_client[0m
    [35m[1mraise[0m [1mVectorStoreError[0m[1m([0m[36mf"[0m[36mMilvus 连接失败（[0m[1m{[0m[1mself[0m[35m[1m.[0m[1m_uri[0m[1m}[0m[36m）：[0m[1m{[0m[1mexc[0m[1m}[0m[36m"[0m[1m)[0m [35m[1mfrom[0m [1mexc[0m
    [36m      │                               │    └ [0m[36m[1m'http://localhost:19530'[0m
    [36m      │                               └ [0m[36m[1m<src.infrastructure.milvus_store.MilvusStore object at 0x0000028E69F91400>[0m
    [36m      └ [0m[36m[1m<class 'src.infrastructure.milvus_store.VectorStoreError'>[0m

[31m[1msrc.infrastructure.milvus_store.VectorStoreError[0m:[1m Milvus 连接失败（http://localhost:19530）：<MilvusException: (code=2, message=Fail connecting to server on localhost:19530, illegal connection params or server unavailable)>[0m


[1mThe above exception was the direct cause of the following exception:[0m


[33m[1mTraceback (most recent call last):[0m

  File "C:\Users\Administrator\AppData\Local\Programs\Python\Python313\Lib\threading.py", line 1015, in _bootstrap
    self._bootstrap_inner()
    │    └ <function Thread._bootstrap_inner at 0x0000028E636BD940>
    └ <WorkerThread(AnyIO worker thread, started 10184)>
  File "C:\Users\Administrator\AppData\Local\Programs\Python\Python313\Lib\threading.py", line 1044, in _bootstrap_inner
    self.run()
    │    └ <function WorkerThread.run at 0x0000028E6A001B20>
    └ <WorkerThread(AnyIO worker thread, started 10184)>
  File "C:\bi ye she ji\backend\venv\Lib\site-packages\anyio\_backends\_asyncio.py", line 1100, in run
    result = context.run(func, *args)
             │       │   │      └ ()
             │       │   └ functools.partial(<function _run_vectorize_safely at 0x0000028E6944EE80>, 'f93261c2-49e9-4865-8f9f-1668f34f7360')
             │       └ <method 'run' of '_contextvars.Context' objects>
             └ <_contextvars.Context object at 0x0000028E7CA86400>

> File "[32mC:\bi ye she ji\backend\src\api\routes\[0m[32m[1mdocuments.py[0m", line [33m131[0m, in [35m_run_vectorize_safely[0m
    [1mrun_vectorize[0m[1m([0m[1mdoc_id[0m[1m)[0m
    [36m│             └ [0m[36m[1m'f93261c2-49e9-4865-8f9f-1668f34f7360'[0m
    [36m└ [0m[36m[1m<function run_vectorize at 0x0000028E6A012200>[0m

  File "[32mC:\bi ye she ji\backend\src\application\[0m[32m[1mindex_runner.py[0m", line [33m43[0m, in [35mrun_vectorize[0m
    [35m[1mreturn[0m [1masyncio[0m[35m[1m.[0m[1mrun[0m[1m([0m[1m_run[0m[1m([0m[1m)[0m[1m)[0m
    [36m       │       │   └ [0m[36m[1m<function run_vectorize.<locals>._run at 0x0000028E7CB72A20>[0m
    [36m       │       └ [0m[36m[1m<function run at 0x0000028E655719E0>[0m
    [36m       └ [0m[36m[1m<module 'asyncio' from 'C:\\Users\\Administrator\\AppData\\Local\\Programs\\Python\\Python313\\Lib\\asyncio\\__init__.py'>[0m

  File "C:\Users\Administrator\AppData\Local\Programs\Python\Python313\Lib\asyncio\runners.py", line 196, in run
    return runner.run(main)
           │      │   └ <coroutine object run_vectorize.<locals>._run at 0x0000028E60980370>
           │      └ <function Runner.run at 0x0000028E659AFEC0>
           └ <asyncio.runners.Runner object at 0x0000028E609829C0>
  File "C:\Users\Administrator\AppData\Local\Programs\Python\Python313\Lib\asyncio\runners.py", line 119, in run
    return self._loop.run_until_complete(task)
           │    │                        └ <Task finished name='Task-150' coro=<run_vectorize.<locals>._run() done, defined at C:\bi ye she ji\backend\src\application\i...
           │    └ None
           └ <asyncio.runners.Runner object at 0x0000028E609829C0>
  File "C:\Users\Administrator\AppData\Local\Programs\Python\Python313\Lib\asyncio\base_events.py", line 725, in run_until_complete
    return future.result()
           │      └ <method 'result' of '_asyncio.Task' objects>
           └ <Task finished name='Task-150' coro=<run_vectorize.<locals>._run() done, defined at C:\bi ye she ji\backend\src\application\i...

  File "[32mC:\bi ye she ji\backend\src\application\[0m[32m[1mindex_runner.py[0m", line [33m32[0m, in [35m_run[0m
    [1mdoc[0m [35m[1m=[0m [35m[1mawait[0m [1mservice[0m[35m[1m.[0m[1mrun[0m[1m([0m[1muuid[0m[35m[1m.[0m[1mUUID[0m[1m([0m[1mdoc_id[0m[1m)[0m[1m)[0m
    [36m            │       │   │    │    └ [0m[36m[1m'f93261c2-49e9-4865-8f9f-1668f34f7360'[0m
    [36m            │       │   │    └ [0m[36m[1m<class 'uuid.UUID'>[0m
    [36m            │       │   └ [0m[36m[1m<module 'uuid' from 'C:\\Users\\Administrator\\AppData\\Local\\Programs\\Python\\Python313\\Lib\\uuid.py'>[0m
    [36m            │       └ [0m[36m[1m<function IndexingService.run at 0x0000028E6A0128E0>[0m
    [36m            └ [0m[36m[1m<src.application.indexing_service.IndexingService object at 0x0000028E60982250>[0m

  File "[32mC:\bi ye she ji\backend\src\application\[0m[32m[1mindexing_service.py[0m", line [33m87[0m, in [35mrun[0m
    [35m[1mraise[0m [1mAppException[0m[1m([0m[34m[1m422[0m[1m,[0m [36mf"[0m[36m向量化失败：[0m[1m{[0m[1mexc[0m[1m}[0m[36m"[0m[1m)[0m [35m[1mfrom[0m [1mexc[0m
    [36m      └ [0m[36m[1m<class 'src.core.exceptions.AppException'>[0m

[31m[1msrc.core.exceptions.AppException[0m:[1m 向量化失败：Milvus 连接失败（http://localhost:19530）：<MilvusException: (code=2, message=Fail connecting to server on localhost:19530, illegal connection params or server unavailable)>[0m
[32m2026-09-06 11:46:50.305[0m | [1mINFO    [0m | [36msrc.application.index_runner[0m:[36m41[0m - [1m开始向量化文档 doc_id=3428d80a-22e4-43ac-8f47-c7ecfaadf8d9[0m
2026-09-06 11:46:50,694 [ERROR][_create_connection]: Failed to create new connection using: 4aec79ded60946d1b5d24e27d3c83ab1 (milvus_client.py:852)
[32m2026-09-06 11:46:50.695[0m | [31m[1mERROR   [0m | [36msrc.application.indexing_service[0m:[36m85[0m - [31m[1m文档向量化失败 doc_id=317e80c1-6f23-408d-a48b-486bca29a3fe: Milvus 连接失败（http://localhost:19530）：<MilvusException: (code=2, message=Fail connecting to server on localhost:19530, illegal connection params or server unavailable)>[0m
[32m2026-09-06 11:46:50.719[0m | [31m[1mERROR   [0m | [36msrc.api.routes.documents[0m:[36m133[0m - [31m[1m后台向量化任务执行失败 doc_id=317e80c1-6f23-408d-a48b-486bca29a3fe[0m
[33m[1mTraceback (most recent call last):[0m

  File "[32mC:\bi ye she ji\backend\src\infrastructure\[0m[32m[1mmilvus_store.py[0m", line [33m93[0m, in [35m_get_client[0m
    [1mself[0m[35m[1m.[0m[1m_client[0m [35m[1m=[0m [1mMilvusClient[0m[1m([0m[1muri[0m[35m[1m=[0m[1mself[0m[35m[1m.[0m[1m_uri[0m[1m)[0m
    [36m│    │         │                │    └ [0m[36m[1m'http://localhost:19530'[0m
    [36m│    │         │                └ [0m[36m[1m<src.infrastructure.milvus_store.MilvusStore object at 0x0000028E69F91400>[0m
    [36m│    │         └ [0m[36m[1m<class 'pymilvus.milvus_client.milvus_client.MilvusClient'>[0m
    [36m│    └ [0m[36m[1mNone[0m
    [36m└ [0m[36m[1m<src.infrastructure.milvus_store.MilvusStore object at 0x0000028E69F91400>[0m

  File "C:\bi ye she ji\backend\venv\Lib\site-packages\pymilvus\milvus_client\milvus_client.py", line 65, in __init__
    self._using = self._create_connection(
    │             │    └ <function MilvusClient._create_connection at 0x0000028E60909260>
    │             └ <pymilvus.milvus_client.milvus_client.MilvusClient object at 0x0000028E60983F00>
    └ <pymilvus.milvus_client.milvus_client.MilvusClient object at 0x0000028E60983F00>
  File "C:\bi ye she ji\backend\venv\Lib\site-packages\pymilvus\milvus_client\milvus_client.py", line 853, in _create_connection
    raise ex from ex
  File "C:\bi ye she ji\backend\venv\Lib\site-packages\pymilvus\milvus_client\milvus_client.py", line 850, in _create_connection
    connections.connect(using, user, password, db_name, token, uri=uri, **kwargs)
    │           │       │      │     │         │        │          │      └ {'timeout': None}
    │           │       │      │     │         │        │          └ 'http://localhost:19530'
    │           │       │      │     │         │        └ ''
    │           │       │      │     │         └ ''
    │           │       │      │     └ ''
    │           │       │      └ ''
    │           │       └ '4aec79ded60946d1b5d24e27d3c83ab1'
    │           └ <function Connections.connect at 0x0000028E6051A0C0>
    └ <pymilvus.orm.connections.Connections object at 0x0000028E604D12B0>
  File "C:\bi ye she ji\backend\venv\Lib\site-packages\pymilvus\orm\connections.py", line 461, in connect
    connect_milvus(**kwargs, user=user, password=password, token=token, db_name=db_name)
    │                │            │              │               │              └ ''
    │                │            │              │               └ ''
    │                │            │              └ ''
    │                │            └ ''
    │                └ {'timeout': None, 'address': 'localhost:19530'}
    └ <function Connections.connect.<locals>.connect_milvus at 0x0000028E60B94180>
  File "C:\bi ye she ji\backend\venv\Lib\site-packages\pymilvus\orm\connections.py", line 411, in connect_milvus
    gh._wait_for_channel_ready(timeout=timeout)
    │  │                               └ 10.0
    │  └ <function GrpcHandler._wait_for_channel_ready at 0x0000028E604BFC40>
    └ <pymilvus.client.grpc_handler.GrpcHandler object at 0x0000028E60983DF0>
  File "C:\bi ye she ji\backend\venv\Lib\site-packages\pymilvus\client\grpc_handler.py", line 154, in _wait_for_channel_ready
    raise MilvusException(
          └ <class 'pymilvus.exceptions.MilvusException'>

[31m[1mpymilvus.exceptions.MilvusException[0m:[1m <MilvusException: (code=2, message=Fail connecting to server on localhost:19530, illegal connection params or server unavailable)>[0m


[1mThe above exception was the direct cause of the following exception:[0m


[33m[1mTraceback (most recent call last):[0m

  File "[32mC:\bi ye she ji\backend\src\application\[0m[32m[1mindexing_service.py[0m", line [33m83[0m, in [35mrun[0m
    [35m[1mawait[0m [1masyncio[0m[35m[1m.[0m[1mto_thread[0m[1m([0m[1mself[0m[35m[1m.[0m[1m_write_milvus[0m[1m,[0m [1mstr[0m[1m([0m[1mdoc[0m[35m[1m.[0m[1mid[0m[1m)[0m[1m,[0m [1mrows[0m[1m)[0m
    [36m      │       │         │    │                  │   │    └ [0m[36m[1m[VectorRow(id='ec4fccf5-6794-4e7c-a4d8-3e62ec1ceee3', doc_id='317e80c1-6f23-408d-a48b-486bca29a3fe', kb_id='21aa9f25-da9d-48c...[0m
    [36m      │       │         │    │                  │   └ [0m[36m[1m<sqlalchemy.orm.attributes.InstrumentedAttribute object at 0x0000028E68DDE660>[0m
    [36m      │       │         │    │                  └ [0m[36m[1m<src.domain.models.Document object at 0x0000028E69F8F1D0>[0m
    [36m      │       │         │    └ [0m[36m[1m<function IndexingService._write_milvus at 0x0000028E6A012A20>[0m
    [36m      │       │         └ [0m[36m[1m<src.application.indexing_service.IndexingService object at 0x0000028E6A0CA9C0>[0m
    [36m      │       └ [0m[36m[1m<function to_thread at 0x0000028E659B4540>[0m
    [36m      └ [0m[36m[1m<module 'asyncio' from 'C:\\Users\\Administrator\\AppData\\Local\\Programs\\Python\\Python313\\Lib\\asyncio\\__init__.py'>[0m

  File "C:\Users\Administrator\AppData\Local\Programs\Python\Python313\Lib\asyncio\threads.py", line 26, in to_thread
    return await loop.run_in_executor(None, func_call)
                 │    │                     └ functools.partial(<built-in method run of _contextvars.Context object at 0x0000028E6146D880>, <bound method IndexingService._...
                 │    └ <function BaseEventLoop.run_in_executor at 0x0000028E659AE2A0>
                 └ <ProactorEventLoop running=False closed=True debug=False>
  File "C:\Users\Administrator\AppData\Local\Programs\Python\Python313\Lib\concurrent\futures\thread.py", line 59, in run
    result = self.fn(*self.args, **self.kwargs)
             │        │            └ None
             │        └ None
             └ None

  File "[32mC:\bi ye she ji\backend\src\application\[0m[32m[1mindexing_service.py[0m", line [33m130[0m, in [35m_write_milvus[0m
    [1mself[0m[35m[1m.[0m[1mstore[0m[35m[1m.[0m[1mensure_collection[0m[1m([0m[1m)[0m
    [36m│    │     └ [0m[36m[1m<function MilvusStore.ensure_collection at 0x0000028E69436160>[0m
    [36m│    └ [0m[36m[1m<src.infrastructure.milvus_store.MilvusStore object at 0x0000028E69F91400>[0m
    [36m└ [0m[36m[1m<src.application.indexing_service.IndexingService object at 0x0000028E6A0CA9C0>[0m

  File "[32mC:\bi ye she ji\backend\src\infrastructure\[0m[32m[1mmilvus_store.py[0m", line [33m99[0m, in [35mensure_collection[0m
    [1mclient[0m [35m[1m=[0m [1mself[0m[35m[1m.[0m[1m_get_client[0m[1m([0m[1m)[0m
    [36m         │    └ [0m[36m[1m<function MilvusStore._get_client at 0x0000028E694360C0>[0m
    [36m         └ [0m[36m[1m<src.infrastructure.milvus_store.MilvusStore object at 0x0000028E69F91400>[0m

  File "[32mC:\bi ye she ji\backend\src\infrastructure\[0m[32m[1mmilvus_store.py[0m", line [33m95[0m, in [35m_get_client[0m
    [35m[1mraise[0m [1mVectorStoreError[0m[1m([0m[36mf"[0m[36mMilvus 连接失败（[0m[1m{[0m[1mself[0m[35m[1m.[0m[1m_uri[0m[1m}[0m[36m）：[0m[1m{[0m[1mexc[0m[1m}[0m[36m"[0m[1m)[0m [35m[1mfrom[0m [1mexc[0m
    [36m      │                               │    └ [0m[36m[1m'http://localhost:19530'[0m
    [36m      │                               └ [0m[36m[1m<src.infrastructure.milvus_store.MilvusStore object at 0x0000028E69F91400>[0m
    [36m      └ [0m[36m[1m<class 'src.infrastructure.milvus_store.VectorStoreError'>[0m

[31m[1msrc.infrastructure.milvus_store.VectorStoreError[0m:[1m Milvus 连接失败（http://localhost:19530）：<MilvusException: (code=2, message=Fail connecting to server on localhost:19530, illegal connection params or server unavailable)>[0m


[1mThe above exception was the direct cause of the following exception:[0m


[33m[1mTraceback (most recent call last):[0m

  File "C:\Users\Administrator\AppData\Local\Programs\Python\Python313\Lib\threading.py", line 1015, in _bootstrap
    self._bootstrap_inner()
    │    └ <function Thread._bootstrap_inner at 0x0000028E636BD940>
    └ <WorkerThread(AnyIO worker thread, started 13272)>
  File "C:\Users\Administrator\AppData\Local\Programs\Python\Python313\Lib\threading.py", line 1044, in _bootstrap_inner
    self.run()
    │    └ <function WorkerThread.run at 0x0000028E6A001B20>
    └ <WorkerThread(AnyIO worker thread, started 13272)>
  File "C:\bi ye she ji\backend\venv\Lib\site-packages\anyio\_backends\_asyncio.py", line 1100, in run
    result = context.run(func, *args)
             │       │   │      └ ()
             │       │   └ functools.partial(<function _run_vectorize_safely at 0x0000028E6944EE80>, '317e80c1-6f23-408d-a48b-486bca29a3fe')
             │       └ <method 'run' of '_contextvars.Context' objects>
             └ <_contextvars.Context object at 0x0000028E69F0B200>

> File "[32mC:\bi ye she ji\backend\src\api\routes\[0m[32m[1mdocuments.py[0m", line [33m131[0m, in [35m_run_vectorize_safely[0m
    [1mrun_vectorize[0m[1m([0m[1mdoc_id[0m[1m)[0m
    [36m│             └ [0m[36m[1m'317e80c1-6f23-408d-a48b-486bca29a3fe'[0m
    [36m└ [0m[36m[1m<function run_vectorize at 0x0000028E6A012200>[0m

  File "[32mC:\bi ye she ji\backend\src\application\[0m[32m[1mindex_runner.py[0m", line [33m43[0m, in [35mrun_vectorize[0m
    [35m[1mreturn[0m [1masyncio[0m[35m[1m.[0m[1mrun[0m[1m([0m[1m_run[0m[1m([0m[1m)[0m[1m)[0m
    [36m       │       │   └ [0m[36m[1m<function run_vectorize.<locals>._run at 0x0000028E7CDFC4A0>[0m
    [36m       │       └ [0m[36m[1m<function run at 0x0000028E655719E0>[0m
    [36m       └ [0m[36m[1m<module 'asyncio' from 'C:\\Users\\Administrator\\AppData\\Local\\Programs\\Python\\Python313\\Lib\\asyncio\\__init__.py'>[0m

  File "C:\Users\Administrator\AppData\Local\Programs\Python\Python313\Lib\asyncio\runners.py", line 196, in run
    return runner.run(main)
           │      │   └ <coroutine object run_vectorize.<locals>._run at 0x0000028E6A0CAAC0>
           │      └ <function Runner.run at 0x0000028E659AFEC0>
           └ <asyncio.runners.Runner object at 0x0000028E6A0D9F50>
  File "C:\Users\Administrator\AppData\Local\Programs\Python\Python313\Lib\asyncio\runners.py", line 119, in run
    return self._loop.run_until_complete(task)
           │    │                        └ <Task finished name='Task-157' coro=<run_vectorize.<locals>._run() done, defined at C:\bi ye she ji\backend\src\application\i...
           │    └ None
           └ <asyncio.runners.Runner object at 0x0000028E6A0D9F50>
  File "C:\Users\Administrator\AppData\Local\Programs\Python\Python313\Lib\asyncio\base_events.py", line 725, in run_until_complete
    return future.result()
           │      └ <method 'result' of '_asyncio.Task' objects>
           └ <Task finished name='Task-157' coro=<run_vectorize.<locals>._run() done, defined at C:\bi ye she ji\backend\src\application\i...

  File "[32mC:\bi ye she ji\backend\src\application\[0m[32m[1mindex_runner.py[0m", line [33m32[0m, in [35m_run[0m
    [1mdoc[0m [35m[1m=[0m [35m[1mawait[0m [1mservice[0m[35m[1m.[0m[1mrun[0m[1m([0m[1muuid[0m[35m[1m.[0m[1mUUID[0m[1m([0m[1mdoc_id[0m[1m)[0m[1m)[0m
    [36m            │       │   │    │    └ [0m[36m[1m'317e80c1-6f23-408d-a48b-486bca29a3fe'[0m
    [36m            │       │   │    └ [0m[36m[1m<class 'uuid.UUID'>[0m
    [36m            │       │   └ [0m[36m[1m<module 'uuid' from 'C:\\Users\\Administrator\\AppData\\Local\\Programs\\Python\\Python313\\Lib\\uuid.py'>[0m
    [36m            │       └ [0m[36m[1m<function IndexingService.run at 0x0000028E6A0128E0>[0m
    [36m            └ [0m[36m[1m<src.application.indexing_service.IndexingService object at 0x0000028E6A0CA9C0>[0m

  File "[32mC:\bi ye she ji\backend\src\application\[0m[32m[1mindexing_service.py[0m", line [33m87[0m, in [35mrun[0m
    [35m[1mraise[0m [1mAppException[0m[1m([0m[34m[1m422[0m[1m,[0m [36mf"[0m[36m向量化失败：[0m[1m{[0m[1mexc[0m[1m}[0m[36m"[0m[1m)[0m [35m[1mfrom[0m [1mexc[0m
    [36m      └ [0m[36m[1m<class 'src.core.exceptions.AppException'>[0m

[31m[1msrc.core.exceptions.AppException[0m:[1m 向量化失败：Milvus 连接失败（http://localhost:19530）：<MilvusException: (code=2, message=Fail connecting to server on localhost:19530, illegal connection params or server unavailable)>[0m
[32m2026-09-06 11:46:50.749[0m | [1mINFO    [0m | [36msrc.application.index_runner[0m:[36m41[0m - [1m开始向量化文档 doc_id=04224554-f674-43b5-814e-64106e119bec[0m
2026-09-06 11:47:12,509 [ERROR][_create_connection]: Failed to create new connection using: d5057f409775435a8e315839f8596d19 (milvus_client.py:852)
[32m2026-09-06 11:47:12.510[0m | [31m[1mERROR   [0m | [36msrc.application.indexing_service[0m:[36m85[0m - [31m[1m文档向量化失败 doc_id=c8eedada-92eb-4d39-abfe-39966b47a3ae: Milvus 连接失败（http://localhost:19530）：<MilvusException: (code=2, message=Fail connecting to server on localhost:19530, illegal connection params or server unavailable)>[0m
[32m2026-09-06 11:47:12.524[0m | [31m[1mERROR   [0m | [36msrc.api.routes.documents[0m:[36m133[0m - [31m[1m后台向量化任务执行失败 doc_id=c8eedada-92eb-4d39-abfe-39966b47a3ae[0m
[33m[1mTraceback (most recent call last):[0m

  File "[32mC:\bi ye she ji\backend\src\infrastructure\[0m[32m[1mmilvus_store.py[0m", line [33m93[0m, in [35m_get_client[0m
    [1mself[0m[35m[1m.[0m[1m_client[0m [35m[1m=[0m [1mMilvusClient[0m[1m([0m[1muri[0m[35m[1m=[0m[1mself[0m[35m[1m.[0m[1m_uri[0m[1m)[0m
    [36m│    │         │                │    └ [0m[36m[1m'http://localhost:19530'[0m
    [36m│    │         │                └ [0m[36m[1m<src.infrastructure.milvus_store.MilvusStore object at 0x0000028E69F91400>[0m
    [36m│    │         └ [0m[36m[1m<class 'pymilvus.milvus_client.milvus_client.MilvusClient'>[0m
    [36m│    └ [0m[36m[1mNone[0m
    [36m└ [0m[36m[1m<src.infrastructure.milvus_store.MilvusStore object at 0x0000028E69F91400>[0m

  File "C:\bi ye she ji\backend\venv\Lib\site-packages\pymilvus\milvus_client\milvus_client.py", line 65, in __init__
    self._using = self._create_connection(
    │             │    └ <function MilvusClient._create_connection at 0x0000028E60909260>
    │             └ <pymilvus.milvus_client.milvus_client.MilvusClient object at 0x0000028E7CB4D550>
    └ <pymilvus.milvus_client.milvus_client.MilvusClient object at 0x0000028E7CB4D550>
  File "C:\bi ye she ji\backend\venv\Lib\site-packages\pymilvus\milvus_client\milvus_client.py", line 853, in _create_connection
    raise ex from ex
  File "C:\bi ye she ji\backend\venv\Lib\site-packages\pymilvus\milvus_client\milvus_client.py", line 850, in _create_connection
    connections.connect(using, user, password, db_name, token, uri=uri, **kwargs)
    │           │       │      │     │         │        │          │      └ {'timeout': None}
    │           │       │      │     │         │        │          └ 'http://localhost:19530'
    │           │       │      │     │         │        └ ''
    │           │       │      │     │         └ ''
    │           │       │      │     └ ''
    │           │       │      └ ''
    │           │       └ 'd5057f409775435a8e315839f8596d19'
    │           └ <function Connections.connect at 0x0000028E6051A0C0>
    └ <pymilvus.orm.connections.Connections object at 0x0000028E604D12B0>
  File "C:\bi ye she ji\backend\venv\Lib\site-packages\pymilvus\orm\connections.py", line 461, in connect
    connect_milvus(**kwargs, user=user, password=password, token=token, db_name=db_name)
    │                │            │              │               │              └ ''
    │                │            │              │               └ ''
    │                │            │              └ ''
    │                │            └ ''
    │                └ {'timeout': None, 'address': 'localhost:19530'}
    └ <function Connections.connect.<locals>.connect_milvus at 0x0000028E60BC20C0>
  File "C:\bi ye she ji\backend\venv\Lib\site-packages\pymilvus\orm\connections.py", line 411, in connect_milvus
    gh._wait_for_channel_ready(timeout=timeout)
    │  │                               └ 10.0
    │  └ <function GrpcHandler._wait_for_channel_ready at 0x0000028E604BFC40>
    └ <pymilvus.client.grpc_handler.GrpcHandler object at 0x0000028E7CB4D250>
  File "C:\bi ye she ji\backend\venv\Lib\site-packages\pymilvus\client\grpc_handler.py", line 154, in _wait_for_channel_ready
    raise MilvusException(
          └ <class 'pymilvus.exceptions.MilvusException'>

[31m[1mpymilvus.exceptions.MilvusException[0m:[1m <MilvusException: (code=2, message=Fail connecting to server on localhost:19530, illegal connection params or server unavailable)>[0m


[1mThe above exception was the direct cause of the following exception:[0m


[33m[1mTraceback (most recent call last):[0m

  File "[32mC:\bi ye she ji\backend\src\application\[0m[32m[1mindexing_service.py[0m", line [33m83[0m, in [35mrun[0m
    [35m[1mawait[0m [1masyncio[0m[35m[1m.[0m[1mto_thread[0m[1m([0m[1mself[0m[35m[1m.[0m[1m_write_milvus[0m[1m,[0m [1mstr[0m[1m([0m[1mdoc[0m[35m[1m.[0m[1mid[0m[1m)[0m[1m,[0m [1mrows[0m[1m)[0m
    [36m      │       │         │    │                  │   │    └ [0m[36m[1m[VectorRow(id='9bc61c74-aace-48fd-970d-a4ab6f65474a', doc_id='c8eedada-92eb-4d39-abfe-39966b47a3ae', kb_id='53fc210c-63fe-499...[0m
    [36m      │       │         │    │                  │   └ [0m[36m[1m<sqlalchemy.orm.attributes.InstrumentedAttribute object at 0x0000028E68DDE660>[0m
    [36m      │       │         │    │                  └ [0m[36m[1m<src.domain.models.Document object at 0x0000028E7C9C1FF0>[0m
    [36m      │       │         │    └ [0m[36m[1m<function IndexingService._write_milvus at 0x0000028E6A012A20>[0m
    [36m      │       │         └ [0m[36m[1m<src.application.indexing_service.IndexingService object at 0x0000028E60952C50>[0m
    [36m      │       └ [0m[36m[1m<function to_thread at 0x0000028E659B4540>[0m
    [36m      └ [0m[36m[1m<module 'asyncio' from 'C:\\Users\\Administrator\\AppData\\Local\\Programs\\Python\\Python313\\Lib\\asyncio\\__init__.py'>[0m

  File "C:\Users\Administrator\AppData\Local\Programs\Python\Python313\Lib\asyncio\threads.py", line 26, in to_thread
    return await loop.run_in_executor(None, func_call)
                 │    │                     └ functools.partial(<built-in method run of _contextvars.Context object at 0x0000028E6E842900>, <bound method IndexingService._...
                 │    └ <function BaseEventLoop.run_in_executor at 0x0000028E659AE2A0>
                 └ <ProactorEventLoop running=False closed=True debug=False>
  File "C:\Users\Administrator\AppData\Local\Programs\Python\Python313\Lib\concurrent\futures\thread.py", line 59, in run
    result = self.fn(*self.args, **self.kwargs)
             │        │            └ None
             │        └ None
             └ None

  File "[32mC:\bi ye she ji\backend\src\application\[0m[32m[1mindexing_service.py[0m", line [33m130[0m, in [35m_write_milvus[0m
    [1mself[0m[35m[1m.[0m[1mstore[0m[35m[1m.[0m[1mensure_collection[0m[1m([0m[1m)[0m
    [36m│    │     └ [0m[36m[1m<function MilvusStore.ensure_collection at 0x0000028E69436160>[0m
    [36m│    └ [0m[36m[1m<src.infrastructure.milvus_store.MilvusStore object at 0x0000028E69F91400>[0m
    [36m└ [0m[36m[1m<src.application.indexing_service.IndexingService object at 0x0000028E60952C50>[0m

  File "[32mC:\bi ye she ji\backend\src\infrastructure\[0m[32m[1mmilvus_store.py[0m", line [33m99[0m, in [35mensure_collection[0m
    [1mclient[0m [35m[1m=[0m [1mself[0m[35m[1m.[0m[1m_get_client[0m[1m([0m[1m)[0m
    [36m         │    └ [0m[36m[1m<function MilvusStore._get_client at 0x0000028E694360C0>[0m
    [36m         └ [0m[36m[1m<src.infrastructure.milvus_store.MilvusStore object at 0x0000028E69F91400>[0m

  File "[32mC:\bi ye she ji\backend\src\infrastructure\[0m[32m[1mmilvus_store.py[0m", line [33m95[0m, in [35m_get_client[0m
    [35m[1mraise[0m [1mVectorStoreError[0m[1m([0m[36mf"[0m[36mMilvus 连接失败（[0m[1m{[0m[1mself[0m[35m[1m.[0m[1m_uri[0m[1m}[0m[36m）：[0m[1m{[0m[1mexc[0m[1m}[0m[36m"[0m[1m)[0m [35m[1mfrom[0m [1mexc[0m
    [36m      │                               │    └ [0m[36m[1m'http://localhost:19530'[0m
    [36m      │                               └ [0m[36m[1m<src.infrastructure.milvus_store.MilvusStore object at 0x0000028E69F91400>[0m
    [36m      └ [0m[36m[1m<class 'src.infrastructure.milvus_store.VectorStoreError'>[0m

[31m[1msrc.infrastructure.milvus_store.VectorStoreError[0m:[1m Milvus 连接失败（http://localhost:19530）：<MilvusException: (code=2, message=Fail connecting to server on localhost:19530, illegal connection params or server unavailable)>[0m


[1mThe above exception was the direct cause of the following exception:[0m


[33m[1mTraceback (most recent call last):[0m

  File "C:\Users\Administrator\AppData\Local\Programs\Python\Python313\Lib\threading.py", line 1015, in _bootstrap
    self._bootstrap_inner()
    │    └ <function Thread._bootstrap_inner at 0x0000028E636BD940>
    └ <WorkerThread(AnyIO worker thread, started 16012)>
  File "C:\Users\Administrator\AppData\Local\Programs\Python\Python313\Lib\threading.py", line 1044, in _bootstrap_inner
    self.run()
    │    └ <function WorkerThread.run at 0x0000028E6A001B20>
    └ <WorkerThread(AnyIO worker thread, started 16012)>
  File "C:\bi ye she ji\backend\venv\Lib\site-packages\anyio\_backends\_asyncio.py", line 1100, in run
    result = context.run(func, *args)
             │       │   │      └ ()
             │       │   └ functools.partial(<function _run_vectorize_safely at 0x0000028E6944EE80>, 'c8eedada-92eb-4d39-abfe-39966b47a3ae')
             │       └ <method 'run' of '_contextvars.Context' objects>
             └ <_contextvars.Context object at 0x0000028E7CE83900>

> File "[32mC:\bi ye she ji\backend\src\api\routes\[0m[32m[1mdocuments.py[0m", line [33m131[0m, in [35m_run_vectorize_safely[0m
    [1mrun_vectorize[0m[1m([0m[1mdoc_id[0m[1m)[0m
    [36m│             └ [0m[36m[1m'c8eedada-92eb-4d39-abfe-39966b47a3ae'[0m
    [36m└ [0m[36m[1m<function run_vectorize at 0x0000028E6A012200>[0m

  File "[32mC:\bi ye she ji\backend\src\application\[0m[32m[1mindex_runner.py[0m", line [33m43[0m, in [35mrun_vectorize[0m
    [35m[1mreturn[0m [1masyncio[0m[35m[1m.[0m[1mrun[0m[1m([0m[1m_run[0m[1m([0m[1m)[0m[1m)[0m
    [36m       │       │   └ [0m[36m[1m<function run_vectorize.<locals>._run at 0x0000028E7CFBB880>[0m
    [36m       │       └ [0m[36m[1m<function run at 0x0000028E655719E0>[0m
    [36m       └ [0m[36m[1m<module 'asyncio' from 'C:\\Users\\Administrator\\AppData\\Local\\Programs\\Python\\Python313\\Lib\\asyncio\\__init__.py'>[0m

  File "C:\Users\Administrator\AppData\Local\Programs\Python\Python313\Lib\asyncio\runners.py", line 196, in run
    return runner.run(main)
           │      │   └ <coroutine object run_vectorize.<locals>._run at 0x0000028E6A02DAD0>
           │      └ <function Runner.run at 0x0000028E659AFEC0>
           └ <asyncio.runners.Runner object at 0x0000028E6A0DB250>
  File "C:\Users\Administrator\AppData\Local\Programs\Python\Python313\Lib\asyncio\runners.py", line 119, in run
    return self._loop.run_until_complete(task)
           │    │                        └ <Task finished name='Task-164' coro=<run_vectorize.<locals>._run() done, defined at C:\bi ye she ji\backend\src\application\i...
           │    └ None
           └ <asyncio.runners.Runner object at 0x0000028E6A0DB250>
  File "C:\Users\Administrator\AppData\Local\Programs\Python\Python313\Lib\asyncio\base_events.py", line 725, in run_until_complete
    return future.result()
           │      └ <method 'result' of '_asyncio.Task' objects>
           └ <Task finished name='Task-164' coro=<run_vectorize.<locals>._run() done, defined at C:\bi ye she ji\backend\src\application\i...

  File "[32mC:\bi ye she ji\backend\src\application\[0m[32m[1mindex_runner.py[0m", line [33m32[0m, in [35m_run[0m
    [1mdoc[0m [35m[1m=[0m [35m[1mawait[0m [1mservice[0m[35m[1m.[0m[1mrun[0m[1m([0m[1muuid[0m[35m[1m.[0m[1mUUID[0m[1m([0m[1mdoc_id[0m[1m)[0m[1m)[0m
    [36m            │       │   │    │    └ [0m[36m[1m'c8eedada-92eb-4d39-abfe-39966b47a3ae'[0m
    [36m            │       │   │    └ [0m[36m[1m<class 'uuid.UUID'>[0m
    [36m            │       │   └ [0m[36m[1m<module 'uuid' from 'C:\\Users\\Administrator\\AppData\\Local\\Programs\\Python\\Python313\\Lib\\uuid.py'>[0m
    [36m            │       └ [0m[36m[1m<function IndexingService.run at 0x0000028E6A0128E0>[0m
    [36m            └ [0m[36m[1m<src.application.indexing_service.IndexingService object at 0x0000028E60952C50>[0m

  File "[32mC:\bi ye she ji\backend\src\application\[0m[32m[1mindexing_service.py[0m", line [33m87[0m, in [35mrun[0m
    [35m[1mraise[0m [1mAppException[0m[1m([0m[34m[1m422[0m[1m,[0m [36mf"[0m[36m向量化失败：[0m[1m{[0m[1mexc[0m[1m}[0m[36m"[0m[1m)[0m [35m[1mfrom[0m [1mexc[0m
    [36m      └ [0m[36m[1m<class 'src.core.exceptions.AppException'>[0m

[31m[1msrc.core.exceptions.AppException[0m:[1m 向量化失败：Milvus 连接失败（http://localhost:19530）：<MilvusException: (code=2, message=Fail connecting to server on localhost:19530, illegal connection params or server unavailable)>[0m
[32m2026-09-06 11:47:12.539[0m | [1mINFO    [0m | [36msrc.application.index_runner[0m:[36m41[0m - [1m开始向量化文档 doc_id=4f422869-551a-4ebf-8098-da097a57050b[0m
2026-09-06 11:47:13,359 [ERROR][_create_connection]: Failed to create new connection using: b9178fb857d3424db53eeb5c0b4b212e (milvus_client.py:852)
[32m2026-09-06 11:47:13.361[0m | [31m[1mERROR   [0m | [36msrc.application.indexing_service[0m:[36m85[0m - [31m[1m文档向量化失败 doc_id=a3386ef6-aa84-4059-9070-963676e19b99: Milvus 连接失败（http://localhost:19530）：<MilvusException: (code=2, message=Fail connecting to server on localhost:19530, illegal connection params or server unavailable)>[0m
[32m2026-09-06 11:47:13.380[0m | [31m[1mERROR   [0m | [36msrc.api.routes.documents[0m:[36m133[0m - [31m[1m后台向量化任务执行失败 doc_id=a3386ef6-aa84-4059-9070-963676e19b99[0m
[33m[1mTraceback (most recent call last):[0m

  File "[32mC:\bi ye she ji\backend\src\infrastructure\[0m[32m[1mmilvus_store.py[0m", line [33m93[0m, in [35m_get_client[0m
    [1mself[0m[35m[1m.[0m[1m_client[0m [35m[1m=[0m [1mMilvusClient[0m[1m([0m[1muri[0m[35m[1m=[0m[1mself[0m[35m[1m.[0m[1m_uri[0m[1m)[0m
    [36m│    │         │                │    └ [0m[36m[1m'http://localhost:19530'[0m
    [36m│    │         │                └ [0m[36m[1m<src.infrastructure.milvus_store.MilvusStore object at 0x0000028E69F91400>[0m
    [36m│    │         └ [0m[36m[1m<class 'pymilvus.milvus_client.milvus_client.MilvusClient'>[0m
    [36m│    └ [0m[36m[1mNone[0m
    [36m└ [0m[36m[1m<src.infrastructure.milvus_store.MilvusStore object at 0x0000028E69F91400>[0m

  File "C:\bi ye she ji\backend\venv\Lib\site-packages\pymilvus\milvus_client\milvus_client.py", line 65, in __init__
    self._using = self._create_connection(
    │             │    └ <function MilvusClient._create_connection at 0x0000028E60909260>
    │             └ <pymilvus.milvus_client.milvus_client.MilvusClient object at 0x0000028E60953A50>
    └ <pymilvus.milvus_client.milvus_client.MilvusClient object at 0x0000028E60953A50>
  File "C:\bi ye she ji\backend\venv\Lib\site-packages\pymilvus\milvus_client\milvus_client.py", line 853, in _create_connection
    raise ex from ex
  File "C:\bi ye she ji\backend\venv\Lib\site-packages\pymilvus\milvus_client\milvus_client.py", line 850, in _create_connection
    connections.connect(using, user, password, db_name, token, uri=uri, **kwargs)
    │           │       │      │     │         │        │          │      └ {'timeout': None}
    │           │       │      │     │         │        │          └ 'http://localhost:19530'
    │           │       │      │     │         │        └ ''
    │           │       │      │     │         └ ''
    │           │       │      │     └ ''
    │           │       │      └ ''
    │           │       └ 'b9178fb857d3424db53eeb5c0b4b212e'
    │           └ <function Connections.connect at 0x0000028E6051A0C0>
    └ <pymilvus.orm.connections.Connections object at 0x0000028E604D12B0>
  File "C:\bi ye she ji\backend\venv\Lib\site-packages\pymilvus\orm\connections.py", line 461, in connect
    connect_milvus(**kwargs, user=user, password=password, token=token, db_name=db_name)
    │                │            │              │               │              └ ''
    │                │            │              │               └ ''
    │                │            │              └ ''
    │                │            └ ''
    │                └ {'timeout': None, 'address': 'localhost:19530'}
    └ <function Connections.connect.<locals>.connect_milvus at 0x0000028E7CA7EC00>
  File "C:\bi ye she ji\backend\venv\Lib\site-packages\pymilvus\orm\connections.py", line 411, in connect_milvus
    gh._wait_for_channel_ready(timeout=timeout)
    │  │                               └ 10.0
    │  └ <function GrpcHandler._wait_for_channel_ready at 0x0000028E604BFC40>
    └ <pymilvus.client.grpc_handler.GrpcHandler object at 0x0000028E60953B50>
  File "C:\bi ye she ji\backend\venv\Lib\site-packages\pymilvus\client\grpc_handler.py", line 154, in _wait_for_channel_ready
    raise MilvusException(
          └ <class 'pymilvus.exceptions.MilvusException'>

[31m[1mpymilvus.exceptions.MilvusException[0m:[1m <MilvusException: (code=2, message=Fail connecting to server on localhost:19530, illegal connection params or server unavailable)>[0m


[1mThe above exception was the direct cause of the following exception:[0m


[33m[1mTraceback (most recent call last):[0m

  File "[32mC:\bi ye she ji\backend\src\application\[0m[32m[1mindexing_service.py[0m", line [33m83[0m, in [35mrun[0m
    [35m[1mawait[0m [1masyncio[0m[35m[1m.[0m[1mto_thread[0m[1m([0m[1mself[0m[35m[1m.[0m[1m_write_milvus[0m[1m,[0m [1mstr[0m[1m([0m[1mdoc[0m[35m[1m.[0m[1mid[0m[1m)[0m[1m,[0m [1mrows[0m[1m)[0m
    [36m      │       │         │    │                  │   │    └ [0m[36m[1m[VectorRow(id='a76291c6-4dee-4f0a-ba3d-99485ded6ee0', doc_id='a3386ef6-aa84-4059-9070-963676e19b99', kb_id='12c0cddc-1f2a-4ed...[0m
    [36m      │       │         │    │                  │   └ [0m[36m[1m<sqlalchemy.orm.attributes.InstrumentedAttribute object at 0x0000028E68DDE660>[0m
    [36m      │       │         │    │                  └ [0m[36m[1m<src.domain.models.Document object at 0x0000028E7CAAF8B0>[0m
    [36m      │       │         │    └ [0m[36m[1m<function IndexingService._write_milvus at 0x0000028E6A012A20>[0m
    [36m      │       │         └ [0m[36m[1m<src.application.indexing_service.IndexingService object at 0x0000028E6A0DA650>[0m
    [36m      │       └ [0m[36m[1m<function to_thread at 0x0000028E659B4540>[0m
    [36m      └ [0m[36m[1m<module 'asyncio' from 'C:\\Users\\Administrator\\AppData\\Local\\Programs\\Python\\Python313\\Lib\\asyncio\\__init__.py'>[0m

  File "C:\Users\Administrator\AppData\Local\Programs\Python\Python313\Lib\asyncio\threads.py", line 26, in to_thread
    return await loop.run_in_executor(None, func_call)
                 │    │                     └ functools.partial(<built-in method run of _contextvars.Context object at 0x0000028E6146F7C0>, <bound method IndexingService._...
                 │    └ <function BaseEventLoop.run_in_executor at 0x0000028E659AE2A0>
                 └ <ProactorEventLoop running=False closed=True debug=False>
  File "C:\Users\Administrator\AppData\Local\Programs\Python\Python313\Lib\concurrent\futures\thread.py", line 59, in run
    result = self.fn(*self.args, **self.kwargs)
             │        │            └ None
             │        └ None
             └ None

  File "[32mC:\bi ye she ji\backend\src\application\[0m[32m[1mindexing_service.py[0m", line [33m130[0m, in [35m_write_milvus[0m
    [1mself[0m[35m[1m.[0m[1mstore[0m[35m[1m.[0m[1mensure_collection[0m[1m([0m[1m)[0m
    [36m│    │     └ [0m[36m[1m<function MilvusStore.ensure_collection at 0x0000028E69436160>[0m
    [36m│    └ [0m[36m[1m<src.infrastructure.milvus_store.MilvusStore object at 0x0000028E69F91400>[0m
    [36m└ [0m[36m[1m<src.application.indexing_service.IndexingService object at 0x0000028E6A0DA650>[0m

  File "[32mC:\bi ye she ji\backend\src\infrastructure\[0m[32m[1mmilvus_store.py[0m", line [33m99[0m, in [35mensure_collection[0m
    [1mclient[0m [35m[1m=[0m [1mself[0m[35m[1m.[0m[1m_get_client[0m[1m([0m[1m)[0m
    [36m         │    └ [0m[36m[1m<function MilvusStore._get_client at 0x0000028E694360C0>[0m
    [36m         └ [0m[36m[1m<src.infrastructure.milvus_store.MilvusStore object at 0x0000028E69F91400>[0m

  File "[32mC:\bi ye she ji\backend\src\infrastructure\[0m[32m[1mmilvus_store.py[0m", line [33m95[0m, in [35m_get_client[0m
    [35m[1mraise[0m [1mVectorStoreError[0m[1m([0m[36mf"[0m[36mMilvus 连接失败（[0m[1m{[0m[1mself[0m[35m[1m.[0m[1m_uri[0m[1m}[0m[36m）：[0m[1m{[0m[1mexc[0m[1m}[0m[36m"[0m[1m)[0m [35m[1mfrom[0m [1mexc[0m
    [36m      │                               │    └ [0m[36m[1m'http://localhost:19530'[0m
    [36m      │                               └ [0m[36m[1m<src.infrastructure.milvus_store.MilvusStore object at 0x0000028E69F91400>[0m
    [36m      └ [0m[36m[1m<class 'src.infrastructure.milvus_store.VectorStoreError'>[0m

[31m[1msrc.infrastructure.milvus_store.VectorStoreError[0m:[1m Milvus 连接失败（http://localhost:19530）：<MilvusException: (code=2, message=Fail connecting to server on localhost:19530, illegal connection params or server unavailable)>[0m


[1mThe above exception was the direct cause of the following exception:[0m


[33m[1mTraceback (most recent call last):[0m

  File "C:\Users\Administrator\AppData\Local\Programs\Python\Python313\Lib\threading.py", line 1015, in _bootstrap
    self._bootstrap_inner()
    │    └ <function Thread._bootstrap_inner at 0x0000028E636BD940>
    └ <WorkerThread(AnyIO worker thread, started 15784)>
  File "C:\Users\Administrator\AppData\Local\Programs\Python\Python313\Lib\threading.py", line 1044, in _bootstrap_inner
    self.run()
    │    └ <function WorkerThread.run at 0x0000028E6A001B20>
    └ <WorkerThread(AnyIO worker thread, started 15784)>
  File "C:\bi ye she ji\backend\venv\Lib\site-packages\anyio\_backends\_asyncio.py", line 1100, in run
    result = context.run(func, *args)
             │       │   │      └ ()
             │       │   └ functools.partial(<function _run_vectorize_safely at 0x0000028E6944EE80>, 'a3386ef6-aa84-4059-9070-963676e19b99')
             │       └ <method 'run' of '_contextvars.Context' objects>
             └ <_contextvars.Context object at 0x0000028E7D15C200>

> File "[32mC:\bi ye she ji\backend\src\api\routes\[0m[32m[1mdocuments.py[0m", line [33m131[0m, in [35m_run_vectorize_safely[0m
    [1mrun_vectorize[0m[1m([0m[1mdoc_id[0m[1m)[0m
    [36m│             └ [0m[36m[1m'a3386ef6-aa84-4059-9070-963676e19b99'[0m
    [36m└ [0m[36m[1m<function run_vectorize at 0x0000028E6A012200>[0m

  File "[32mC:\bi ye she ji\backend\src\application\[0m[32m[1mindex_runner.py[0m", line [33m43[0m, in [35mrun_vectorize[0m
    [35m[1mreturn[0m [1masyncio[0m[35m[1m.[0m[1mrun[0m[1m([0m[1m_run[0m[1m([0m[1m)[0m[1m)[0m
    [36m       │       │   └ [0m[36m[1m<function run_vectorize.<locals>._run at 0x0000028E7D14E200>[0m
    [36m       │       └ [0m[36m[1m<function run at 0x0000028E655719E0>[0m
    [36m       └ [0m[36m[1m<module 'asyncio' from 'C:\\Users\\Administrator\\AppData\\Local\\Programs\\Python\\Python313\\Lib\\asyncio\\__init__.py'>[0m

  File "C:\Users\Administrator\AppData\Local\Programs\Python\Python313\Lib\asyncio\runners.py", line 196, in run
    return runner.run(main)
           │      │   └ <coroutine object run_vectorize.<locals>._run at 0x0000028E6A150260>
           │      └ <function Runner.run at 0x0000028E659AFEC0>
           └ <asyncio.runners.Runner object at 0x0000028E60B049B0>
  File "C:\Users\Administrator\AppData\Local\Programs\Python\Python313\Lib\asyncio\runners.py", line 119, in run
    return self._loop.run_until_complete(task)
           │    │                        └ <Task finished name='Task-171' coro=<run_vectorize.<locals>._run() done, defined at C:\bi ye she ji\backend\src\application\i...
           │    └ None
           └ <asyncio.runners.Runner object at 0x0000028E60B049B0>
  File "C:\Users\Administrator\AppData\Local\Programs\Python\Python313\Lib\asyncio\base_events.py", line 725, in run_until_complete
    return future.result()
           │      └ <method 'result' of '_asyncio.Task' objects>
           └ <Task finished name='Task-171' coro=<run_vectorize.<locals>._run() done, defined at C:\bi ye she ji\backend\src\application\i...

  File "[32mC:\bi ye she ji\backend\src\application\[0m[32m[1mindex_runner.py[0m", line [33m32[0m, in [35m_run[0m
    [1mdoc[0m [35m[1m=[0m [35m[1mawait[0m [1mservice[0m[35m[1m.[0m[1mrun[0m[1m([0m[1muuid[0m[35m[1m.[0m[1mUUID[0m[1m([0m[1mdoc_id[0m[1m)[0m[1m)[0m
    [36m            │       │   │    │    └ [0m[36m[1m'a3386ef6-aa84-4059-9070-963676e19b99'[0m
    [36m            │       │   │    └ [0m[36m[1m<class 'uuid.UUID'>[0m
    [36m            │       │   └ [0m[36m[1m<module 'uuid' from 'C:\\Users\\Administrator\\AppData\\Local\\Programs\\Python\\Python313\\Lib\\uuid.py'>[0m
    [36m            │       └ [0m[36m[1m<function IndexingService.run at 0x0000028E6A0128E0>[0m
    [36m            └ [0m[36m[1m<src.application.indexing_service.IndexingService object at 0x0000028E6A0DA650>[0m

  File "[32mC:\bi ye she ji\backend\src\application\[0m[32m[1mindexing_service.py[0m", line [33m87[0m, in [35mrun[0m
    [35m[1mraise[0m [1mAppException[0m[1m([0m[34m[1m422[0m[1m,[0m [36mf"[0m[36m向量化失败：[0m[1m{[0m[1mexc[0m[1m}[0m[36m"[0m[1m)[0m [35m[1mfrom[0m [1mexc[0m
    [36m      └ [0m[36m[1m<class 'src.core.exceptions.AppException'>[0m

[31m[1msrc.core.exceptions.AppException[0m:[1m 向量化失败：Milvus 连接失败（http://localhost:19530）：<MilvusException: (code=2, message=Fail connecting to server on localhost:19530, illegal connection params or server unavailable)>[0m
[32m2026-09-06 11:47:13.404[0m | [1mINFO    [0m | [36msrc.application.index_runner[0m:[36m41[0m - [1m开始向量化文档 doc_id=bf39e4a8-1aca-43d9-b0dc-e0fd6f61544c[0m
2026-09-06 11:47:33,041 [ERROR][_create_connection]: Failed to create new connection using: c1693bf3784f4cb2bd49cddd7379efac (milvus_client.py:852)
[32m2026-09-06 11:47:33.042[0m | [31m[1mERROR   [0m | [36msrc.application.indexing_service[0m:[36m85[0m - [31m[1m文档向量化失败 doc_id=9666b889-929e-4298-baad-b6eb0f4d320b: Milvus 连接失败（http://localhost:19530）：<MilvusException: (code=2, message=Fail connecting to server on localhost:19530, illegal connection params or server unavailable)>[0m
[32m2026-09-06 11:47:33.057[0m | [31m[1mERROR   [0m | [36msrc.api.routes.documents[0m:[36m133[0m - [31m[1m后台向量化任务执行失败 doc_id=9666b889-929e-4298-baad-b6eb0f4d320b[0m
[33m[1mTraceback (most recent call last):[0m

  File "[32mC:\bi ye she ji\backend\src\infrastructure\[0m[32m[1mmilvus_store.py[0m", line [33m93[0m, in [35m_get_client[0m
    [1mself[0m[35m[1m.[0m[1m_client[0m [35m[1m=[0m [1mMilvusClient[0m[1m([0m[1muri[0m[35m[1m=[0m[1mself[0m[35m[1m.[0m[1m_uri[0m[1m)[0m
    [36m│    │         │                │    └ [0m[36m[1m'http://localhost:19530'[0m
    [36m│    │         │                └ [0m[36m[1m<src.infrastructure.milvus_store.MilvusStore object at 0x0000028E69F91400>[0m
    [36m│    │         └ [0m[36m[1m<class 'pymilvus.milvus_client.milvus_client.MilvusClient'>[0m
    [36m│    └ [0m[36m[1mNone[0m
    [36m└ [0m[36m[1m<src.infrastructure.milvus_store.MilvusStore object at 0x0000028E69F91400>[0m

  File "C:\bi ye she ji\backend\venv\Lib\site-packages\pymilvus\milvus_client\milvus_client.py", line 65, in __init__
    self._using = self._create_connection(
    │             │    └ <function MilvusClient._create_connection at 0x0000028E60909260>
    │             └ <pymilvus.milvus_client.milvus_client.MilvusClient object at 0x0000028E815DCD70>
    └ <pymilvus.milvus_client.milvus_client.MilvusClient object at 0x0000028E815DCD70>
  File "C:\bi ye she ji\backend\venv\Lib\site-packages\pymilvus\milvus_client\milvus_client.py", line 853, in _create_connection
    raise ex from ex
  File "C:\bi ye she ji\backend\venv\Lib\site-packages\pymilvus\milvus_client\milvus_client.py", line 850, in _create_connection
    connections.connect(using, user, password, db_name, token, uri=uri, **kwargs)
    │           │       │      │     │         │        │          │      └ {'timeout': None}
    │           │       │      │     │         │        │          └ 'http://localhost:19530'
    │           │       │      │     │         │        └ ''
    │           │       │      │     │         └ ''
    │           │       │      │     └ ''
    │           │       │      └ ''
    │           │       └ 'c1693bf3784f4cb2bd49cddd7379efac'
    │           └ <function Connections.connect at 0x0000028E6051A0C0>
    └ <pymilvus.orm.connections.Connections object at 0x0000028E604D12B0>
  File "C:\bi ye she ji\backend\venv\Lib\site-packages\pymilvus\orm\connections.py", line 461, in connect
    connect_milvus(**kwargs, user=user, password=password, token=token, db_name=db_name)
    │                │            │              │               │              └ ''
    │                │            │              │               └ ''
    │                │            │              └ ''
    │                │            └ ''
    │                └ {'timeout': None, 'address': 'localhost:19530'}
    └ <function Connections.connect.<locals>.connect_milvus at 0x0000028E815E13A0>
  File "C:\bi ye she ji\backend\venv\Lib\site-packages\pymilvus\orm\connections.py", line 411, in connect_milvus
    gh._wait_for_channel_ready(timeout=timeout)
    │  │                               └ 10.0
    │  └ <function GrpcHandler._wait_for_channel_ready at 0x0000028E604BFC40>
    └ <pymilvus.client.grpc_handler.GrpcHandler object at 0x0000028E815DCE60>
  File "C:\bi ye she ji\backend\venv\Lib\site-packages\pymilvus\client\grpc_handler.py", line 154, in _wait_for_channel_ready
    raise MilvusException(
          └ <class 'pymilvus.exceptions.MilvusException'>

[31m[1mpymilvus.exceptions.MilvusException[0m:[1m <MilvusException: (code=2, message=Fail connecting to server on localhost:19530, illegal connection params or server unavailable)>[0m


[1mThe above exception was the direct cause of the following exception:[0m


[33m[1mTraceback (most recent call last):[0m

  File "[32mC:\bi ye she ji\backend\src\application\[0m[32m[1mindexing_service.py[0m", line [33m83[0m, in [35mrun[0m
    [35m[1mawait[0m [1masyncio[0m[35m[1m.[0m[1mto_thread[0m[1m([0m[1mself[0m[35m[1m.[0m[1m_write_milvus[0m[1m,[0m [1mstr[0m[1m([0m[1mdoc[0m[35m[1m.[0m[1mid[0m[1m)[0m[1m,[0m [1mrows[0m[1m)[0m
    [36m      │       │         │    │                  │   │    └ [0m[36m[1m[VectorRow(id='78aeb100-908c-40e6-8ebf-050545318e9e', doc_id='9666b889-929e-4298-baad-b6eb0f4d320b', kb_id='3380f4c5-a8f5-4b4...[0m
    [36m      │       │         │    │                  │   └ [0m[36m[1m<sqlalchemy.orm.attributes.InstrumentedAttribute object at 0x0000028E68DDE660>[0m
    [36m      │       │         │    │                  └ [0m[36m[1m<src.domain.models.Document object at 0x0000028E60B857B0>[0m
    [36m      │       │         │    └ [0m[36m[1m<function IndexingService._write_milvus at 0x0000028E6A012A20>[0m
    [36m      │       │         └ [0m[36m[1m<src.application.indexing_service.IndexingService object at 0x0000028E60BD2B70>[0m
    [36m      │       └ [0m[36m[1m<function to_thread at 0x0000028E659B4540>[0m
    [36m      └ [0m[36m[1m<module 'asyncio' from 'C:\\Users\\Administrator\\AppData\\Local\\Programs\\Python\\Python313\\Lib\\asyncio\\__init__.py'>[0m

  File "C:\Users\Administrator\AppData\Local\Programs\Python\Python313\Lib\asyncio\threads.py", line 26, in to_thread
    return await loop.run_in_executor(None, func_call)
                 │    │                     └ functools.partial(<built-in method run of _contextvars.Context object at 0x0000028E7CA863C0>, <bound method IndexingService._...
                 │    └ <function BaseEventLoop.run_in_executor at 0x0000028E659AE2A0>
                 └ <ProactorEventLoop running=False closed=True debug=False>
  File "C:\Users\Administrator\AppData\Local\Programs\Python\Python313\Lib\concurrent\futures\thread.py", line 59, in run
    result = self.fn(*self.args, **self.kwargs)
             │        │            └ None
             │        └ None
             └ None

  File "[32mC:\bi ye she ji\backend\src\application\[0m[32m[1mindexing_service.py[0m", line [33m130[0m, in [35m_write_milvus[0m
    [1mself[0m[35m[1m.[0m[1mstore[0m[35m[1m.[0m[1mensure_collection[0m[1m([0m[1m)[0m
    [36m│    │     └ [0m[36m[1m<function MilvusStore.ensure_collection at 0x0000028E69436160>[0m
    [36m│    └ [0m[36m[1m<src.infrastructure.milvus_store.MilvusStore object at 0x0000028E69F91400>[0m
    [36m└ [0m[36m[1m<src.application.indexing_service.IndexingService object at 0x0000028E60BD2B70>[0m

  File "[32mC:\bi ye she ji\backend\src\infrastructure\[0m[32m[1mmilvus_store.py[0m", line [33m99[0m, in [35mensure_collection[0m
    [1mclient[0m [35m[1m=[0m [1mself[0m[35m[1m.[0m[1m_get_client[0m[1m([0m[1m)[0m
    [36m         │    └ [0m[36m[1m<function MilvusStore._get_client at 0x0000028E694360C0>[0m
    [36m         └ [0m[36m[1m<src.infrastructure.milvus_store.MilvusStore object at 0x0000028E69F91400>[0m

  File "[32mC:\bi ye she ji\backend\src\infrastructure\[0m[32m[1mmilvus_store.py[0m", line [33m95[0m, in [35m_get_client[0m
    [35m[1mraise[0m [1mVectorStoreError[0m[1m([0m[36mf"[0m[36mMilvus 连接失败（[0m[1m{[0m[1mself[0m[35m[1m.[0m[1m_uri[0m[1m}[0m[36m）：[0m[1m{[0m[1mexc[0m[1m}[0m[36m"[0m[1m)[0m [35m[1mfrom[0m [1mexc[0m
    [36m      │                               │    └ [0m[36m[1m'http://localhost:19530'[0m
    [36m      │                               └ [0m[36m[1m<src.infrastructure.milvus_store.MilvusStore object at 0x0000028E69F91400>[0m
    [36m      └ [0m[36m[1m<class 'src.infrastructure.milvus_store.VectorStoreError'>[0m

[31m[1msrc.infrastructure.milvus_store.VectorStoreError[0m:[1m Milvus 连接失败（http://localhost:19530）：<MilvusException: (code=2, message=Fail connecting to server on localhost:19530, illegal connection params or server unavailable)>[0m


[1mThe above exception was the direct cause of the following exception:[0m


[33m[1mTraceback (most recent call last):[0m

  File "C:\Users\Administrator\AppData\Local\Programs\Python\Python313\Lib\threading.py", line 1015, in _bootstrap
    self._bootstrap_inner()
    │    └ <function Thread._bootstrap_inner at 0x0000028E636BD940>
    └ <WorkerThread(AnyIO worker thread, started 4288)>
  File "C:\Users\Administrator\AppData\Local\Programs\Python\Python313\Lib\threading.py", line 1044, in _bootstrap_inner
    self.run()
    │    └ <function WorkerThread.run at 0x0000028E6A001B20>
    └ <WorkerThread(AnyIO worker thread, started 4288)>
  File "C:\bi ye she ji\backend\venv\Lib\site-packages\anyio\_backends\_asyncio.py", line 1100, in run
    result = context.run(func, *args)
             │       │   │      └ ()
             │       │   └ functools.partial(<function _run_vectorize_safely at 0x0000028E6944EE80>, '9666b889-929e-4298-baad-b6eb0f4d320b')
             │       └ <method 'run' of '_contextvars.Context' objects>
             └ <_contextvars.Context object at 0x0000028E7CC19C80>

> File "[32mC:\bi ye she ji\backend\src\api\routes\[0m[32m[1mdocuments.py[0m", line [33m131[0m, in [35m_run_vectorize_safely[0m
    [1mrun_vectorize[0m[1m([0m[1mdoc_id[0m[1m)[0m
    [36m│             └ [0m[36m[1m'9666b889-929e-4298-baad-b6eb0f4d320b'[0m
    [36m└ [0m[36m[1m<function run_vectorize at 0x0000028E6A012200>[0m

  File "[32mC:\bi ye she ji\backend\src\application\[0m[32m[1mindex_runner.py[0m", line [33m43[0m, in [35mrun_vectorize[0m
    [35m[1mreturn[0m [1masyncio[0m[35m[1m.[0m[1mrun[0m[1m([0m[1m_run[0m[1m([0m[1m)[0m[1m)[0m
    [36m       │       │   └ [0m[36m[1m<function run_vectorize.<locals>._run at 0x0000028E7E320D60>[0m
    [36m       │       └ [0m[36m[1m<function run at 0x0000028E655719E0>[0m
    [36m       └ [0m[36m[1m<module 'asyncio' from 'C:\\Users\\Administrator\\AppData\\Local\\Programs\\Python\\Python313\\Lib\\asyncio\\__init__.py'>[0m

  File "C:\Users\Administrator\AppData\Local\Programs\Python\Python313\Lib\asyncio\runners.py", line 196, in run
    return runner.run(main)
           │      │   └ <coroutine object run_vectorize.<locals>._run at 0x0000028E7C9E7450>
           │      └ <function Runner.run at 0x0000028E659AFEC0>
           └ <asyncio.runners.Runner object at 0x0000028E6A14F110>
  File "C:\Users\Administrator\AppData\Local\Programs\Python\Python313\Lib\asyncio\runners.py", line 119, in run
    return self._loop.run_until_complete(task)
           │    │                        └ <Task finished name='Task-178' coro=<run_vectorize.<locals>._run() done, defined at C:\bi ye she ji\backend\src\application\i...
           │    └ None
           └ <asyncio.runners.Runner object at 0x0000028E6A14F110>
  File "C:\Users\Administrator\AppData\Local\Programs\Python\Python313\Lib\asyncio\base_events.py", line 725, in run_until_complete
    return future.result()
           │      └ <method 'result' of '_asyncio.Task' objects>
           └ <Task finished name='Task-178' coro=<run_vectorize.<locals>._run() done, defined at C:\bi ye she ji\backend\src\application\i...

  File "[32mC:\bi ye she ji\backend\src\application\[0m[32m[1mindex_runner.py[0m", line [33m32[0m, in [35m_run[0m
    [1mdoc[0m [35m[1m=[0m [35m[1mawait[0m [1mservice[0m[35m[1m.[0m[1mrun[0m[1m([0m[1muuid[0m[35m[1m.[0m[1mUUID[0m[1m([0m[1mdoc_id[0m[1m)[0m[1m)[0m
    [36m            │       │   │    │    └ [0m[36m[1m'9666b889-929e-4298-baad-b6eb0f4d320b'[0m
    [36m            │       │   │    └ [0m[36m[1m<class 'uuid.UUID'>[0m
    [36m            │       │   └ [0m[36m[1m<module 'uuid' from 'C:\\Users\\Administrator\\AppData\\Local\\Programs\\Python\\Python313\\Lib\\uuid.py'>[0m
    [36m            │       └ [0m[36m[1m<function IndexingService.run at 0x0000028E6A0128E0>[0m
    [36m            └ [0m[36m[1m<src.application.indexing_service.IndexingService object at 0x0000028E60BD2B70>[0m

  File "[32mC:\bi ye she ji\backend\src\application\[0m[32m[1mindexing_service.py[0m", line [33m87[0m, in [35mrun[0m
    [35m[1mraise[0m [1mAppException[0m[1m([0m[34m[1m422[0m[1m,[0m [36mf"[0m[36m向量化失败：[0m[1m{[0m[1mexc[0m[1m}[0m[36m"[0m[1m)[0m [35m[1mfrom[0m [1mexc[0m
    [36m      └ [0m[36m[1m<class 'src.core.exceptions.AppException'>[0m

[31m[1msrc.core.exceptions.AppException[0m:[1m 向量化失败：Milvus 连接失败（http://localhost:19530）：<MilvusException: (code=2, message=Fail connecting to server on localhost:19530, illegal connection params or server unavailable)>[0m
[32m2026-09-06 11:47:33.072[0m | [1mINFO    [0m | [36msrc.application.index_runner[0m:[36m41[0m - [1m开始向量化文档 doc_id=1c21b81f-6aa0-4f6b-a823-9a894fda4052[0m
2026-09-06 11:47:37,746 [ERROR][_create_connection]: Failed to create new connection using: 5c97f59249a04e9ebd0452e71871dfda (milvus_client.py:852)
[32m2026-09-06 11:47:37.749[0m | [31m[1mERROR   [0m | [36msrc.application.indexing_service[0m:[36m85[0m - [31m[1m文档向量化失败 doc_id=0dd8a847-2631-4096-80d9-2736655168b4: Milvus 连接失败（http://localhost:19530）：<MilvusException: (code=2, message=Fail connecting to server on localhost:19530, illegal connection params or server unavailable)>[0m
[32m2026-09-06 11:47:37.764[0m | [31m[1mERROR   [0m | [36msrc.api.routes.documents[0m:[36m133[0m - [31m[1m后台向量化任务执行失败 doc_id=0dd8a847-2631-4096-80d9-2736655168b4[0m
[33m[1mTraceback (most recent call last):[0m

  File "[32mC:\bi ye she ji\backend\src\infrastructure\[0m[32m[1mmilvus_store.py[0m", line [33m93[0m, in [35m_get_client[0m
    [1mself[0m[35m[1m.[0m[1m_client[0m [35m[1m=[0m [1mMilvusClient[0m[1m([0m[1muri[0m[35m[1m=[0m[1mself[0m[35m[1m.[0m[1m_uri[0m[1m)[0m
    [36m│    │         │                │    └ [0m[36m[1m'http://localhost:19530'[0m
    [36m│    │         │                └ [0m[36m[1m<src.infrastructure.milvus_store.MilvusStore object at 0x0000028E69F91400>[0m
    [36m│    │         └ [0m[36m[1m<class 'pymilvus.milvus_client.milvus_client.MilvusClient'>[0m
    [36m│    └ [0m[36m[1mNone[0m
    [36m└ [0m[36m[1m<src.infrastructure.milvus_store.MilvusStore object at 0x0000028E69F91400>[0m

  File "C:\bi ye she ji\backend\venv\Lib\site-packages\pymilvus\milvus_client\milvus_client.py", line 65, in __init__
    self._using = self._create_connection(
    │             │    └ <function MilvusClient._create_connection at 0x0000028E60909260>
    │             └ <pymilvus.milvus_client.milvus_client.MilvusClient object at 0x0000028E815DD7C0>
    └ <pymilvus.milvus_client.milvus_client.MilvusClient object at 0x0000028E815DD7C0>
  File "C:\bi ye she ji\backend\venv\Lib\site-packages\pymilvus\milvus_client\milvus_client.py", line 853, in _create_connection
    raise ex from ex
  File "C:\bi ye she ji\backend\venv\Lib\site-packages\pymilvus\milvus_client\milvus_client.py", line 850, in _create_connection
    connections.connect(using, user, password, db_name, token, uri=uri, **kwargs)
    │           │       │      │     │         │        │          │      └ {'timeout': None}
    │           │       │      │     │         │        │          └ 'http://localhost:19530'
    │           │       │      │     │         │        └ ''
    │           │       │      │     │         └ ''
    │           │       │      │     └ ''
    │           │       │      └ ''
    │           │       └ '5c97f59249a04e9ebd0452e71871dfda'
    │           └ <function Connections.connect at 0x0000028E6051A0C0>
    └ <pymilvus.orm.connections.Connections object at 0x0000028E604D12B0>
  File "C:\bi ye she ji\backend\venv\Lib\site-packages\pymilvus\orm\connections.py", line 461, in connect
    connect_milvus(**kwargs, user=user, password=password, token=token, db_name=db_name)
    │                │            │              │               │              └ ''
    │                │            │              │               └ ''
    │                │            │              └ ''
    │                │            └ ''
    │                └ {'timeout': None, 'address': 'localhost:19530'}
    └ <function Connections.connect.<locals>.connect_milvus at 0x0000028E815F5E40>
  File "C:\bi ye she ji\backend\venv\Lib\site-packages\pymilvus\orm\connections.py", line 411, in connect_milvus
    gh._wait_for_channel_ready(timeout=timeout)
    │  │                               └ 10.0
    │  └ <function GrpcHandler._wait_for_channel_ready at 0x0000028E604BFC40>
    └ <pymilvus.client.grpc_handler.GrpcHandler object at 0x0000028E815DD8B0>
  File "C:\bi ye she ji\backend\venv\Lib\site-packages\pymilvus\client\grpc_handler.py", line 154, in _wait_for_channel_ready
    raise MilvusException(
          └ <class 'pymilvus.exceptions.MilvusException'>

[31m[1mpymilvus.exceptions.MilvusException[0m:[1m <MilvusException: (code=2, message=Fail connecting to server on localhost:19530, illegal connection params or server unavailable)>[0m


[1mThe above exception was the direct cause of the following exception:[0m


[33m[1mTraceback (most recent call last):[0m

  File "[32mC:\bi ye she ji\backend\src\application\[0m[32m[1mindexing_service.py[0m", line [33m83[0m, in [35mrun[0m
    [35m[1mawait[0m [1masyncio[0m[35m[1m.[0m[1mto_thread[0m[1m([0m[1mself[0m[35m[1m.[0m[1m_write_milvus[0m[1m,[0m [1mstr[0m[1m([0m[1mdoc[0m[35m[1m.[0m[1mid[0m[1m)[0m[1m,[0m [1mrows[0m[1m)[0m
    [36m      │       │         │    │                  │   │    └ [0m[36m[1m[VectorRow(id='fbbfc979-7c2c-4780-8ae8-8bbbcb48249a', doc_id='0dd8a847-2631-4096-80d9-2736655168b4', kb_id='44d36505-8e81-4ac...[0m
    [36m      │       │         │    │                  │   └ [0m[36m[1m<sqlalchemy.orm.attributes.InstrumentedAttribute object at 0x0000028E68DDE660>[0m
    [36m      │       │         │    │                  └ [0m[36m[1m<src.domain.models.Document object at 0x0000028E7CEDEBA0>[0m
    [36m      │       │         │    └ [0m[36m[1m<function IndexingService._write_milvus at 0x0000028E6A012A20>[0m
    [36m      │       │         └ [0m[36m[1m<src.application.indexing_service.IndexingService object at 0x0000028E60BD1400>[0m
    [36m      │       └ [0m[36m[1m<function to_thread at 0x0000028E659B4540>[0m
    [36m      └ [0m[36m[1m<module 'asyncio' from 'C:\\Users\\Administrator\\AppData\\Local\\Programs\\Python\\Python313\\Lib\\asyncio\\__init__.py'>[0m

  File "C:\Users\Administrator\AppData\Local\Programs\Python\Python313\Lib\asyncio\threads.py", line 26, in to_thread
    return await loop.run_in_executor(None, func_call)
                 │    │                     └ functools.partial(<built-in method run of _contextvars.Context object at 0x0000028E614D4580>, <bound method IndexingService._...
                 │    └ <function BaseEventLoop.run_in_executor at 0x0000028E659AE2A0>
                 └ <ProactorEventLoop running=False closed=True debug=False>
  File "C:\Users\Administrator\AppData\Local\Programs\Python\Python313\Lib\concurrent\futures\thread.py", line 59, in run
    result = self.fn(*self.args, **self.kwargs)
             │        │            └ None
             │        └ None
             └ None

  File "[32mC:\bi ye she ji\backend\src\application\[0m[32m[1mindexing_service.py[0m", line [33m130[0m, in [35m_write_milvus[0m
    [1mself[0m[35m[1m.[0m[1mstore[0m[35m[1m.[0m[1mensure_collection[0m[1m([0m[1m)[0m
    [36m│    │     └ [0m[36m[1m<function MilvusStore.ensure_collection at 0x0000028E69436160>[0m
    [36m│    └ [0m[36m[1m<src.infrastructure.milvus_store.MilvusStore object at 0x0000028E69F91400>[0m
    [36m└ [0m[36m[1m<src.application.indexing_service.IndexingService object at 0x0000028E60BD1400>[0m

  File "[32mC:\bi ye she ji\backend\src\infrastructure\[0m[32m[1mmilvus_store.py[0m", line [33m99[0m, in [35mensure_collection[0m
    [1mclient[0m [35m[1m=[0m [1mself[0m[35m[1m.[0m[1m_get_client[0m[1m([0m[1m)[0m
    [36m         │    └ [0m[36m[1m<function MilvusStore._get_client at 0x0000028E694360C0>[0m
    [36m         └ [0m[36m[1m<src.infrastructure.milvus_store.MilvusStore object at 0x0000028E69F91400>[0m

  File "[32mC:\bi ye she ji\backend\src\infrastructure\[0m[32m[1mmilvus_store.py[0m", line [33m95[0m, in [35m_get_client[0m
    [35m[1mraise[0m [1mVectorStoreError[0m[1m([0m[36mf"[0m[36mMilvus 连接失败（[0m[1m{[0m[1mself[0m[35m[1m.[0m[1m_uri[0m[1m}[0m[36m）：[0m[1m{[0m[1mexc[0m[1m}[0m[36m"[0m[1m)[0m [35m[1mfrom[0m [1mexc[0m
    [36m      │                               │    └ [0m[36m[1m'http://localhost:19530'[0m
    [36m      │                               └ [0m[36m[1m<src.infrastructure.milvus_store.MilvusStore object at 0x0000028E69F91400>[0m
    [36m      └ [0m[36m[1m<class 'src.infrastructure.milvus_store.VectorStoreError'>[0m

[31m[1msrc.infrastructure.milvus_store.VectorStoreError[0m:[1m Milvus 连接失败（http://localhost:19530）：<MilvusException: (code=2, message=Fail connecting to server on localhost:19530, illegal connection params or server unavailable)>[0m


[1mThe above exception was the direct cause of the following exception:[0m


[33m[1mTraceback (most recent call last):[0m

  File "C:\Users\Administrator\AppData\Local\Programs\Python\Python313\Lib\threading.py", line 1015, in _bootstrap
    self._bootstrap_inner()
    │    └ <function Thread._bootstrap_inner at 0x0000028E636BD940>
    └ <WorkerThread(AnyIO worker thread, started 25560)>
  File "C:\Users\Administrator\AppData\Local\Programs\Python\Python313\Lib\threading.py", line 1044, in _bootstrap_inner
    self.run()
    │    └ <function WorkerThread.run at 0x0000028E6A001B20>
    └ <WorkerThread(AnyIO worker thread, started 25560)>
  File "C:\bi ye she ji\backend\venv\Lib\site-packages\anyio\_backends\_asyncio.py", line 1100, in run
    result = context.run(func, *args)
             │       │   │      └ ()
             │       │   └ functools.partial(<function _run_vectorize_safely at 0x0000028E6944EE80>, '0dd8a847-2631-4096-80d9-2736655168b4')
             │       └ <method 'run' of '_contextvars.Context' objects>
             └ <_contextvars.Context object at 0x0000028E7E374480>

> File "[32mC:\bi ye she ji\backend\src\api\routes\[0m[32m[1mdocuments.py[0m", line [33m131[0m, in [35m_run_vectorize_safely[0m
    [1mrun_vectorize[0m[1m([0m[1mdoc_id[0m[1m)[0m
    [36m│             └ [0m[36m[1m'0dd8a847-2631-4096-80d9-2736655168b4'[0m
    [36m└ [0m[36m[1m<function run_vectorize at 0x0000028E6A012200>[0m

  File "[32mC:\bi ye she ji\backend\src\application\[0m[32m[1mindex_runner.py[0m", line [33m43[0m, in [35mrun_vectorize[0m
    [35m[1mreturn[0m [1masyncio[0m[35m[1m.[0m[1mrun[0m[1m([0m[1m_run[0m[1m([0m[1m)[0m[1m)[0m
    [36m       │       │   └ [0m[36m[1m<function run_vectorize.<locals>._run at 0x0000028E7CB70180>[0m
    [36m       │       └ [0m[36m[1m<function run at 0x0000028E655719E0>[0m
    [36m       └ [0m[36m[1m<module 'asyncio' from 'C:\\Users\\Administrator\\AppData\\Local\\Programs\\Python\\Python313\\Lib\\asyncio\\__init__.py'>[0m

  File "C:\Users\Administrator\AppData\Local\Programs\Python\Python313\Lib\asyncio\runners.py", line 196, in run
    return runner.run(main)
           │      │   └ <coroutine object run_vectorize.<locals>._run at 0x0000028E60BAD7A0>
           │      └ <function Runner.run at 0x0000028E659AFEC0>
           └ <asyncio.runners.Runner object at 0x0000028E6A0243D0>
  File "C:\Users\Administrator\AppData\Local\Programs\Python\Python313\Lib\asyncio\runners.py", line 119, in run
    return self._loop.run_until_complete(task)
           │    │                        └ <Task finished name='Task-185' coro=<run_vectorize.<locals>._run() done, defined at C:\bi ye she ji\backend\src\application\i...
           │    └ None
           └ <asyncio.runners.Runner object at 0x0000028E6A0243D0>
  File "C:\Users\Administrator\AppData\Local\Programs\Python\Python313\Lib\asyncio\base_events.py", line 725, in run_until_complete
    return future.result()
           │      └ <method 'result' of '_asyncio.Task' objects>
           └ <Task finished name='Task-185' coro=<run_vectorize.<locals>._run() done, defined at C:\bi ye she ji\backend\src\application\i...

  File "[32mC:\bi ye she ji\backend\src\application\[0m[32m[1mindex_runner.py[0m", line [33m32[0m, in [35m_run[0m
    [1mdoc[0m [35m[1m=[0m [35m[1mawait[0m [1mservice[0m[35m[1m.[0m[1mrun[0m[1m([0m[1muuid[0m[35m[1m.[0m[1mUUID[0m[1m([0m[1mdoc_id[0m[1m)[0m[1m)[0m
    [36m            │       │   │    │    └ [0m[36m[1m'0dd8a847-2631-4096-80d9-2736655168b4'[0m
    [36m            │       │   │    └ [0m[36m[1m<class 'uuid.UUID'>[0m
    [36m            │       │   └ [0m[36m[1m<module 'uuid' from 'C:\\Users\\Administrator\\AppData\\Local\\Programs\\Python\\Python313\\Lib\\uuid.py'>[0m
    [36m            │       └ [0m[36m[1m<function IndexingService.run at 0x0000028E6A0128E0>[0m
    [36m            └ [0m[36m[1m<src.application.indexing_service.IndexingService object at 0x0000028E60BD1400>[0m

  File "[32mC:\bi ye she ji\backend\src\application\[0m[32m[1mindexing_service.py[0m", line [33m87[0m, in [35mrun[0m
    [35m[1mraise[0m [1mAppException[0m[1m([0m[34m[1m422[0m[1m,[0m [36mf"[0m[36m向量化失败：[0m[1m{[0m[1mexc[0m[1m}[0m[36m"[0m[1m)[0m [35m[1mfrom[0m [1mexc[0m
    [36m      └ [0m[36m[1m<class 'src.core.exceptions.AppException'>[0m

[31m[1msrc.core.exceptions.AppException[0m:[1m 向量化失败：Milvus 连接失败（http://localhost:19530）：<MilvusException: (code=2, message=Fail connecting to server on localhost:19530, illegal connection params or server unavailable)>[0m
[32m2026-09-06 11:47:37.781[0m | [1mINFO    [0m | [36msrc.application.index_runner[0m:[36m41[0m - [1m开始向量化文档 doc_id=a702559b-309a-4454-91f1-91a4f83eabb7[0m
2026-09-06 11:47:43,590 [ERROR][_create_connection]: Failed to create new connection using: 9217b70c7db34c99b900e9bf1cabd247 (milvus_client.py:852)
[32m2026-09-06 11:47:43.592[0m | [31m[1mERROR   [0m | [36msrc.application.indexing_service[0m:[36m85[0m - [31m[1m文档向量化失败 doc_id=711b037b-d798-419d-858f-a8e0aaa742ec: Milvus 连接失败（http://localhost:19530）：<MilvusException: (code=2, message=Fail connecting to server on localhost:19530, illegal connection params or server unavailable)>[0m
[32m2026-09-06 11:47:43.605[0m | [31m[1mERROR   [0m | [36msrc.api.routes.documents[0m:[36m133[0m - [31m[1m后台向量化任务执行失败 doc_id=711b037b-d798-419d-858f-a8e0aaa742ec[0m
[33m[1mTraceback (most recent call last):[0m

  File "[32mC:\bi ye she ji\backend\src\infrastructure\[0m[32m[1mmilvus_store.py[0m", line [33m93[0m, in [35m_get_client[0m
    [1mself[0m[35m[1m.[0m[1m_client[0m [35m[1m=[0m [1mMilvusClient[0m[1m([0m[1muri[0m[35m[1m=[0m[1mself[0m[35m[1m.[0m[1m_uri[0m[1m)[0m
    [36m│    │         │                │    └ [0m[36m[1m'http://localhost:19530'[0m
    [36m│    │         │                └ [0m[36m[1m<src.infrastructure.milvus_store.MilvusStore object at 0x0000028E69F91400>[0m
    [36m│    │         └ [0m[36m[1m<class 'pymilvus.milvus_client.milvus_client.MilvusClient'>[0m
    [36m│    └ [0m[36m[1mNone[0m
    [36m└ [0m[36m[1m<src.infrastructure.milvus_store.MilvusStore object at 0x0000028E69F91400>[0m

  File "C:\bi ye she ji\backend\venv\Lib\site-packages\pymilvus\milvus_client\milvus_client.py", line 65, in __init__
    self._using = self._create_connection(
    │             │    └ <function MilvusClient._create_connection at 0x0000028E60909260>
    │             └ <pymilvus.milvus_client.milvus_client.MilvusClient object at 0x0000028E815E4590>
    └ <pymilvus.milvus_client.milvus_client.MilvusClient object at 0x0000028E815E4590>
  File "C:\bi ye she ji\backend\venv\Lib\site-packages\pymilvus\milvus_client\milvus_client.py", line 853, in _create_connection
    raise ex from ex
  File "C:\bi ye she ji\backend\venv\Lib\site-packages\pymilvus\milvus_client\milvus_client.py", line 850, in _create_connection
    connections.connect(using, user, password, db_name, token, uri=uri, **kwargs)
    │           │       │      │     │         │        │          │      └ {'timeout': None}
    │           │       │      │     │         │        │          └ 'http://localhost:19530'
    │           │       │      │     │         │        └ ''
    │           │       │      │     │         └ ''
    │           │       │      │     └ ''
    │           │       │      └ ''
    │           │       └ '9217b70c7db34c99b900e9bf1cabd247'
    │           └ <function Connections.connect at 0x0000028E6051A0C0>
    └ <pymilvus.orm.connections.Connections object at 0x0000028E604D12B0>
  File "C:\bi ye she ji\backend\venv\Lib\site-packages\pymilvus\orm\connections.py", line 461, in connect
    connect_milvus(**kwargs, user=user, password=password, token=token, db_name=db_name)
    │                │            │              │               │              └ ''
    │                │            │              │               └ ''
    │                │            │              └ ''
    │                │            └ ''
    │                └ {'timeout': None, 'address': 'localhost:19530'}
    └ <function Connections.connect.<locals>.connect_milvus at 0x0000028E81614360>
  File "C:\bi ye she ji\backend\venv\Lib\site-packages\pymilvus\orm\connections.py", line 411, in connect_milvus
    gh._wait_for_channel_ready(timeout=timeout)
    │  │                               └ 10.0
    │  └ <function GrpcHandler._wait_for_channel_ready at 0x0000028E604BFC40>
    └ <pymilvus.client.grpc_handler.GrpcHandler object at 0x0000028E815E42F0>
  File "C:\bi ye she ji\backend\venv\Lib\site-packages\pymilvus\client\grpc_handler.py", line 154, in _wait_for_channel_ready
    raise MilvusException(
          └ <class 'pymilvus.exceptions.MilvusException'>

[31m[1mpymilvus.exceptions.MilvusException[0m:[1m <MilvusException: (code=2, message=Fail connecting to server on localhost:19530, illegal connection params or server unavailable)>[0m


[1mThe above exception was the direct cause of the following exception:[0m


[33m[1mTraceback (most recent call last):[0m

  File "[32mC:\bi ye she ji\backend\src\application\[0m[32m[1mindexing_service.py[0m", line [33m83[0m, in [35mrun[0m
    [35m[1mawait[0m [1masyncio[0m[35m[1m.[0m[1mto_thread[0m[1m([0m[1mself[0m[35m[1m.[0m[1m_write_milvus[0m[1m,[0m [1mstr[0m[1m([0m[1mdoc[0m[35m[1m.[0m[1mid[0m[1m)[0m[1m,[0m [1mrows[0m[1m)[0m
    [36m      │       │         │    │                  │   │    └ [0m[36m[1m[VectorRow(id='7b8068e0-7ccd-4775-bdce-cbc9a1c3d8c0', doc_id='711b037b-d798-419d-858f-a8e0aaa742ec', kb_id='c7ed3d81-39c8-4ad...[0m
    [36m      │       │         │    │                  │   └ [0m[36m[1m<sqlalchemy.orm.attributes.InstrumentedAttribute object at 0x0000028E68DDE660>[0m
    [36m      │       │         │    │                  └ [0m[36m[1m<src.domain.models.Document object at 0x0000028E7D1A9FF0>[0m
    [36m      │       │         │    └ [0m[36m[1m<function IndexingService._write_milvus at 0x0000028E6A012A20>[0m
    [36m      │       │         └ [0m[36m[1m<src.application.indexing_service.IndexingService object at 0x0000028E815DB310>[0m
    [36m      │       └ [0m[36m[1m<function to_thread at 0x0000028E659B4540>[0m
    [36m      └ [0m[36m[1m<module 'asyncio' from 'C:\\Users\\Administrator\\AppData\\Local\\Programs\\Python\\Python313\\Lib\\asyncio\\__init__.py'>[0m

  File "C:\Users\Administrator\AppData\Local\Programs\Python\Python313\Lib\asyncio\threads.py", line 26, in to_thread
    return await loop.run_in_executor(None, func_call)
                 │    │                     └ functools.partial(<built-in method run of _contextvars.Context object at 0x0000028E7CC6A180>, <bound method IndexingService._...
                 │    └ <function BaseEventLoop.run_in_executor at 0x0000028E659AE2A0>
                 └ <ProactorEventLoop running=False closed=True debug=False>
  File "C:\Users\Administrator\AppData\Local\Programs\Python\Python313\Lib\concurrent\futures\thread.py", line 59, in run
    result = self.fn(*self.args, **self.kwargs)
             │        │            └ None
             │        └ None
             └ None

  File "[32mC:\bi ye she ji\backend\src\application\[0m[32m[1mindexing_service.py[0m", line [33m130[0m, in [35m_write_milvus[0m
    [1mself[0m[35m[1m.[0m[1mstore[0m[35m[1m.[0m[1mensure_collection[0m[1m([0m[1m)[0m
    [36m│    │     └ [0m[36m[1m<function MilvusStore.ensure_collection at 0x0000028E69436160>[0m
    [36m│    └ [0m[36m[1m<src.infrastructure.milvus_store.MilvusStore object at 0x0000028E69F91400>[0m
    [36m└ [0m[36m[1m<src.application.indexing_service.IndexingService object at 0x0000028E815DB310>[0m

  File "[32mC:\bi ye she ji\backend\src\infrastructure\[0m[32m[1mmilvus_store.py[0m", line [33m99[0m, in [35mensure_collection[0m
    [1mclient[0m [35m[1m=[0m [1mself[0m[35m[1m.[0m[1m_get_client[0m[1m([0m[1m)[0m
    [36m         │    └ [0m[36m[1m<function MilvusStore._get_client at 0x0000028E694360C0>[0m
    [36m         └ [0m[36m[1m<src.infrastructure.milvus_store.MilvusStore object at 0x0000028E69F91400>[0m

  File "[32mC:\bi ye she ji\backend\src\infrastructure\[0m[32m[1mmilvus_store.py[0m", line [33m95[0m, in [35m_get_client[0m
    [35m[1mraise[0m [1mVectorStoreError[0m[1m([0m[36mf"[0m[36mMilvus 连接失败（[0m[1m{[0m[1mself[0m[35m[1m.[0m[1m_uri[0m[1m}[0m[36m）：[0m[1m{[0m[1mexc[0m[1m}[0m[36m"[0m[1m)[0m [35m[1mfrom[0m [1mexc[0m
    [36m      │                               │    └ [0m[36m[1m'http://localhost:19530'[0m
    [36m      │                               └ [0m[36m[1m<src.infrastructure.milvus_store.MilvusStore object at 0x0000028E69F91400>[0m
    [36m      └ [0m[36m[1m<class 'src.infrastructure.milvus_store.VectorStoreError'>[0m

[31m[1msrc.infrastructure.milvus_store.VectorStoreError[0m:[1m Milvus 连接失败（http://localhost:19530）：<MilvusException: (code=2, message=Fail connecting to server on localhost:19530, illegal connection params or server unavailable)>[0m


[1mThe above exception was the direct cause of the following exception:[0m


[33m[1mTraceback (most recent call last):[0m

  File "C:\Users\Administrator\AppData\Local\Programs\Python\Python313\Lib\threading.py", line 1015, in _bootstrap
    self._bootstrap_inner()
    │    └ <function Thread._bootstrap_inner at 0x0000028E636BD940>
    └ <WorkerThread(AnyIO worker thread, started 11128)>
  File "C:\Users\Administrator\AppData\Local\Programs\Python\Python313\Lib\threading.py", line 1044, in _bootstrap_inner
    self.run()
    │    └ <function WorkerThread.run at 0x0000028E6A001B20>
    └ <WorkerThread(AnyIO worker thread, started 11128)>
  File "C:\bi ye she ji\backend\venv\Lib\site-packages\anyio\_backends\_asyncio.py", line 1100, in run
    result = context.run(func, *args)
             │       │   │      └ ()
             │       │   └ functools.partial(<function _run_vectorize_safely at 0x0000028E6944EE80>, '711b037b-d798-419d-858f-a8e0aaa742ec')
             │       └ <method 'run' of '_contextvars.Context' objects>
             └ <_contextvars.Context object at 0x0000028E7E3FD040>

> File "[32mC:\bi ye she ji\backend\src\api\routes\[0m[32m[1mdocuments.py[0m", line [33m131[0m, in [35m_run_vectorize_safely[0m
    [1mrun_vectorize[0m[1m([0m[1mdoc_id[0m[1m)[0m
    [36m│             └ [0m[36m[1m'711b037b-d798-419d-858f-a8e0aaa742ec'[0m
    [36m└ [0m[36m[1m<function run_vectorize at 0x0000028E6A012200>[0m

  File "[32mC:\bi ye she ji\backend\src\application\[0m[32m[1mindex_runner.py[0m", line [33m43[0m, in [35mrun_vectorize[0m
    [35m[1mreturn[0m [1masyncio[0m[35m[1m.[0m[1mrun[0m[1m([0m[1m_run[0m[1m([0m[1m)[0m[1m)[0m
    [36m       │       │   └ [0m[36m[1m<function run_vectorize.<locals>._run at 0x0000028E7E5D80E0>[0m
    [36m       │       └ [0m[36m[1m<function run at 0x0000028E655719E0>[0m
    [36m       └ [0m[36m[1m<module 'asyncio' from 'C:\\Users\\Administrator\\AppData\\Local\\Programs\\Python\\Python313\\Lib\\asyncio\\__init__.py'>[0m

  File "C:\Users\Administrator\AppData\Local\Programs\Python\Python313\Lib\asyncio\runners.py", line 196, in run
    return runner.run(main)
           │      │   └ <coroutine object run_vectorize.<locals>._run at 0x0000028E60BADCF0>
           │      └ <function Runner.run at 0x0000028E659AFEC0>
           └ <asyncio.runners.Runner object at 0x0000028E60B084B0>
  File "C:\Users\Administrator\AppData\Local\Programs\Python\Python313\Lib\asyncio\runners.py", line 119, in run
    return self._loop.run_until_complete(task)
           │    │                        └ <Task finished name='Task-192' coro=<run_vectorize.<locals>._run() done, defined at C:\bi ye she ji\backend\src\application\i...
           │    └ None
           └ <asyncio.runners.Runner object at 0x0000028E60B084B0>
  File "C:\Users\Administrator\AppData\Local\Programs\Python\Python313\Lib\asyncio\base_events.py", line 725, in run_until_complete
    return future.result()
           │      └ <method 'result' of '_asyncio.Task' objects>
           └ <Task finished name='Task-192' coro=<run_vectorize.<locals>._run() done, defined at C:\bi ye she ji\backend\src\application\i...

  File "[32mC:\bi ye she ji\backend\src\application\[0m[32m[1mindex_runner.py[0m", line [33m32[0m, in [35m_run[0m
    [1mdoc[0m [35m[1m=[0m [35m[1mawait[0m [1mservice[0m[35m[1m.[0m[1mrun[0m[1m([0m[1muuid[0m[35m[1m.[0m[1mUUID[0m[1m([0m[1mdoc_id[0m[1m)[0m[1m)[0m
    [36m            │       │   │    │    └ [0m[36m[1m'711b037b-d798-419d-858f-a8e0aaa742ec'[0m
    [36m            │       │   │    └ [0m[36m[1m<class 'uuid.UUID'>[0m
    [36m            │       │   └ [0m[36m[1m<module 'uuid' from 'C:\\Users\\Administrator\\AppData\\Local\\Programs\\Python\\Python313\\Lib\\uuid.py'>[0m
    [36m            │       └ [0m[36m[1m<function IndexingService.run at 0x0000028E6A0128E0>[0m
    [36m            └ [0m[36m[1m<src.application.indexing_service.IndexingService object at 0x0000028E815DB310>[0m

  File "[32mC:\bi ye she ji\backend\src\application\[0m[32m[1mindexing_service.py[0m", line [33m87[0m, in [35mrun[0m
    [35m[1mraise[0m [1mAppException[0m[1m([0m[34m[1m422[0m[1m,[0m [36mf"[0m[36m向量化失败：[0m[1m{[0m[1mexc[0m[1m}[0m[36m"[0m[1m)[0m [35m[1mfrom[0m [1mexc[0m
    [36m      └ [0m[36m[1m<class 'src.core.exceptions.AppException'>[0m

[31m[1msrc.core.exceptions.AppException[0m:[1m 向量化失败：Milvus 连接失败（http://localhost:19530）：<MilvusException: (code=2, message=Fail connecting to server on localhost:19530, illegal connection params or server unavailable)>[0m
[32m2026-09-06 11:47:43.617[0m | [1mINFO    [0m | [36msrc.application.index_runner[0m:[36m41[0m - [1m开始向量化文档 doc_id=73750f26-eb8a-4b59-b850-aec63a71c6f6[0m
2026-09-06 11:47:48,324 [ERROR][_create_connection]: Failed to create new connection using: 38e68203849843a585172821125eefc1 (milvus_client.py:852)
[32m2026-09-06 11:47:48.326[0m | [31m[1mERROR   [0m | [36msrc.application.indexing_service[0m:[36m85[0m - [31m[1m文档向量化失败 doc_id=a25d041d-8690-4252-b9b0-7b56e16fd593: Milvus 连接失败（http://localhost:19530）：<MilvusException: (code=2, message=Fail connecting to server on localhost:19530, illegal connection params or server unavailable)>[0m
[32m2026-09-06 11:47:48.341[0m | [31m[1mERROR   [0m | [36msrc.api.routes.documents[0m:[36m133[0m - [31m[1m后台向量化任务执行失败 doc_id=a25d041d-8690-4252-b9b0-7b56e16fd593[0m
[33m[1mTraceback (most recent call last):[0m

  File "[32mC:\bi ye she ji\backend\src\infrastructure\[0m[32m[1mmilvus_store.py[0m", line [33m93[0m, in [35m_get_client[0m
    [1mself[0m[35m[1m.[0m[1m_client[0m [35m[1m=[0m [1mMilvusClient[0m[1m([0m[1muri[0m[35m[1m=[0m[1mself[0m[35m[1m.[0m[1m_uri[0m[1m)[0m
    [36m│    │         │                │    └ [0m[36m[1m'http://localhost:19530'[0m
    [36m│    │         │                └ [0m[36m[1m<src.infrastructure.milvus_store.MilvusStore object at 0x0000028E69F91400>[0m
    [36m│    │         └ [0m[36m[1m<class 'pymilvus.milvus_client.milvus_client.MilvusClient'>[0m
    [36m│    └ [0m[36m[1mNone[0m
    [36m└ [0m[36m[1m<src.infrastructure.milvus_store.MilvusStore object at 0x0000028E69F91400>[0m

  File "C:\bi ye she ji\backend\venv\Lib\site-packages\pymilvus\milvus_client\milvus_client.py", line 65, in __init__
    self._using = self._create_connection(
    │             │    └ <function MilvusClient._create_connection at 0x0000028E60909260>
    │             └ <pymilvus.milvus_client.milvus_client.MilvusClient object at 0x0000028E815E67B0>
    └ <pymilvus.milvus_client.milvus_client.MilvusClient object at 0x0000028E815E67B0>
  File "C:\bi ye she ji\backend\venv\Lib\site-packages\pymilvus\milvus_client\milvus_client.py", line 853, in _create_connection
    raise ex from ex
  File "C:\bi ye she ji\backend\venv\Lib\site-packages\pymilvus\milvus_client\milvus_client.py", line 850, in _create_connection
    connections.connect(using, user, password, db_name, token, uri=uri, **kwargs)
    │           │       │      │     │         │        │          │      └ {'timeout': None}
    │           │       │      │     │         │        │          └ 'http://localhost:19530'
    │           │       │      │     │         │        └ ''
    │           │       │      │     │         └ ''
    │           │       │      │     └ ''
    │           │       │      └ ''
    │           │       └ '38e68203849843a585172821125eefc1'
    │           └ <function Connections.connect at 0x0000028E6051A0C0>
    └ <pymilvus.orm.connections.Connections object at 0x0000028E604D12B0>
  File "C:\bi ye she ji\backend\venv\Lib\site-packages\pymilvus\orm\connections.py", line 461, in connect
    connect_milvus(**kwargs, user=user, password=password, token=token, db_name=db_name)
    │                │            │              │               │              └ ''
    │                │            │              │               └ ''
    │                │            │              └ ''
    │                │            └ ''
    │                └ {'timeout': None, 'address': 'localhost:19530'}
    └ <function Connections.connect.<locals>.connect_milvus at 0x0000028E816018A0>
  File "C:\bi ye she ji\backend\venv\Lib\site-packages\pymilvus\orm\connections.py", line 411, in connect_milvus
    gh._wait_for_channel_ready(timeout=timeout)
    │  │                               └ 10.0
    │  └ <function GrpcHandler._wait_for_channel_ready at 0x0000028E604BFC40>
    └ <pymilvus.client.grpc_handler.GrpcHandler object at 0x0000028E815E6DD0>
  File "C:\bi ye she ji\backend\venv\Lib\site-packages\pymilvus\client\grpc_handler.py", line 154, in _wait_for_channel_ready
    raise MilvusException(
          └ <class 'pymilvus.exceptions.MilvusException'>

[31m[1mpymilvus.exceptions.MilvusException[0m:[1m <MilvusException: (code=2, message=Fail connecting to server on localhost:19530, illegal connection params or server unavailable)>[0m


[1mThe above exception was the direct cause of the following exception:[0m


[33m[1mTraceback (most recent call last):[0m

  File "[32mC:\bi ye she ji\backend\src\application\[0m[32m[1mindexing_service.py[0m", line [33m83[0m, in [35mrun[0m
    [35m[1mawait[0m [1masyncio[0m[35m[1m.[0m[1mto_thread[0m[1m([0m[1mself[0m[35m[1m.[0m[1m_write_milvus[0m[1m,[0m [1mstr[0m[1m([0m[1mdoc[0m[35m[1m.[0m[1mid[0m[1m)[0m[1m,[0m [1mrows[0m[1m)[0m
    [36m      │       │         │    │                  │   │    └ [0m[36m[1m[VectorRow(id='e92e3293-83c3-497b-83aa-92df3c51b9ca', doc_id='a25d041d-8690-4252-b9b0-7b56e16fd593', kb_id='3b9f0979-97fa-445...[0m
    [36m      │       │         │    │                  │   └ [0m[36m[1m<sqlalchemy.orm.attributes.InstrumentedAttribute object at 0x0000028E68DDE660>[0m
    [36m      │       │         │    │                  └ [0m[36m[1m<src.domain.models.Document object at 0x0000028E7E3659C0>[0m
    [36m      │       │         │    └ [0m[36m[1m<function IndexingService._write_milvus at 0x0000028E6A012A20>[0m
    [36m      │       │         └ [0m[36m[1m<src.application.indexing_service.IndexingService object at 0x0000028E7CFA2510>[0m
    [36m      │       └ [0m[36m[1m<function to_thread at 0x0000028E659B4540>[0m
    [36m      └ [0m[36m[1m<module 'asyncio' from 'C:\\Users\\Administrator\\AppData\\Local\\Programs\\Python\\Python313\\Lib\\asyncio\\__init__.py'>[0m

  File "C:\Users\Administrator\AppData\Local\Programs\Python\Python313\Lib\asyncio\threads.py", line 26, in to_thread
    return await loop.run_in_executor(None, func_call)
                 │    │                     └ functools.partial(<built-in method run of _contextvars.Context object at 0x0000028E7CBEA7C0>, <bound method IndexingService._...
                 │    └ <function BaseEventLoop.run_in_executor at 0x0000028E659AE2A0>
                 └ <ProactorEventLoop running=False closed=True debug=False>
  File "C:\Users\Administrator\AppData\Local\Programs\Python\Python313\Lib\concurrent\futures\thread.py", line 59, in run
    result = self.fn(*self.args, **self.kwargs)
             │        │            └ None
             │        └ None
             └ None

  File "[32mC:\bi ye she ji\backend\src\application\[0m[32m[1mindexing_service.py[0m", line [33m130[0m, in [35m_write_milvus[0m
    [1mself[0m[35m[1m.[0m[1mstore[0m[35m[1m.[0m[1mensure_collection[0m[1m([0m[1m)[0m
    [36m│    │     └ [0m[36m[1m<function MilvusStore.ensure_collection at 0x0000028E69436160>[0m
    [36m│    └ [0m[36m[1m<src.infrastructure.milvus_store.MilvusStore object at 0x0000028E69F91400>[0m
    [36m└ [0m[36m[1m<src.application.indexing_service.IndexingService object at 0x0000028E7CFA2510>[0m

  File "[32mC:\bi ye she ji\backend\src\infrastructure\[0m[32m[1mmilvus_store.py[0m", line [33m99[0m, in [35mensure_collection[0m
    [1mclient[0m [35m[1m=[0m [1mself[0m[35m[1m.[0m[1m_get_client[0m[1m([0m[1m)[0m
    [36m         │    └ [0m[36m[1m<function MilvusStore._get_client at 0x0000028E694360C0>[0m
    [36m         └ [0m[36m[1m<src.infrastructure.milvus_store.MilvusStore object at 0x0000028E69F91400>[0m

  File "[32mC:\bi ye she ji\backend\src\infrastructure\[0m[32m[1mmilvus_store.py[0m", line [33m95[0m, in [35m_get_client[0m
    [35m[1mraise[0m [1mVectorStoreError[0m[1m([0m[36mf"[0m[36mMilvus 连接失败（[0m[1m{[0m[1mself[0m[35m[1m.[0m[1m_uri[0m[1m}[0m[36m）：[0m[1m{[0m[1mexc[0m[1m}[0m[36m"[0m[1m)[0m [35m[1mfrom[0m [1mexc[0m
    [36m      │                               │    └ [0m[36m[1m'http://localhost:19530'[0m
    [36m      │                               └ [0m[36m[1m<src.infrastructure.milvus_store.MilvusStore object at 0x0000028E69F91400>[0m
    [36m      └ [0m[36m[1m<class 'src.infrastructure.milvus_store.VectorStoreError'>[0m

[31m[1msrc.infrastructure.milvus_store.VectorStoreError[0m:[1m Milvus 连接失败（http://localhost:19530）：<MilvusException: (code=2, message=Fail connecting to server on localhost:19530, illegal connection params or server unavailable)>[0m


[1mThe above exception was the direct cause of the following exception:[0m


[33m[1mTraceback (most recent call last):[0m

  File "C:\Users\Administrator\AppData\Local\Programs\Python\Python313\Lib\threading.py", line 1015, in _bootstrap
    self._bootstrap_inner()
    │    └ <function Thread._bootstrap_inner at 0x0000028E636BD940>
    └ <WorkerThread(AnyIO worker thread, started 14672)>
  File "C:\Users\Administrator\AppData\Local\Programs\Python\Python313\Lib\threading.py", line 1044, in _bootstrap_inner
    self.run()
    │    └ <function WorkerThread.run at 0x0000028E6A001B20>
    └ <WorkerThread(AnyIO worker thread, started 14672)>
  File "C:\bi ye she ji\backend\venv\Lib\site-packages\anyio\_backends\_asyncio.py", line 1100, in run
    result = context.run(func, *args)
             │       │   │      └ ()
             │       │   └ functools.partial(<function _run_vectorize_safely at 0x0000028E6944EE80>, 'a25d041d-8690-4252-b9b0-7b56e16fd593')
             │       └ <method 'run' of '_contextvars.Context' objects>
             └ <_contextvars.Context object at 0x0000028E7E652980>

> File "[32mC:\bi ye she ji\backend\src\api\routes\[0m[32m[1mdocuments.py[0m", line [33m131[0m, in [35m_run_vectorize_safely[0m
    [1mrun_vectorize[0m[1m([0m[1mdoc_id[0m[1m)[0m
    [36m│             └ [0m[36m[1m'a25d041d-8690-4252-b9b0-7b56e16fd593'[0m
    [36m└ [0m[36m[1m<function run_vectorize at 0x0000028E6A012200>[0m

  File "[32mC:\bi ye she ji\backend\src\application\[0m[32m[1mindex_runner.py[0m", line [33m43[0m, in [35mrun_vectorize[0m
    [35m[1mreturn[0m [1masyncio[0m[35m[1m.[0m[1mrun[0m[1m([0m[1m_run[0m[1m([0m[1m)[0m[1m)[0m
    [36m       │       │   └ [0m[36m[1m<function run_vectorize.<locals>._run at 0x0000028E7E6CCF40>[0m
    [36m       │       └ [0m[36m[1m<function run at 0x0000028E655719E0>[0m
    [36m       └ [0m[36m[1m<module 'asyncio' from 'C:\\Users\\Administrator\\AppData\\Local\\Programs\\Python\\Python313\\Lib\\asyncio\\__init__.py'>[0m

  File "C:\Users\Administrator\AppData\Local\Programs\Python\Python313\Lib\asyncio\runners.py", line 196, in run
    return runner.run(main)
           │      │   └ <coroutine object run_vectorize.<locals>._run at 0x0000028E7CFE9F10>
           │      └ <function Runner.run at 0x0000028E659AFEC0>
           └ <asyncio.runners.Runner object at 0x0000028E815C4D50>
  File "C:\Users\Administrator\AppData\Local\Programs\Python\Python313\Lib\asyncio\runners.py", line 119, in run
    return self._loop.run_until_complete(task)
           │    │                        └ <Task finished name='Task-199' coro=<run_vectorize.<locals>._run() done, defined at C:\bi ye she ji\backend\src\application\i...
           │    └ None
           └ <asyncio.runners.Runner object at 0x0000028E815C4D50>
  File "C:\Users\Administrator\AppData\Local\Programs\Python\Python313\Lib\asyncio\base_events.py", line 725, in run_until_complete
    return future.result()
           │      └ <method 'result' of '_asyncio.Task' objects>
           └ <Task finished name='Task-199' coro=<run_vectorize.<locals>._run() done, defined at C:\bi ye she ji\backend\src\application\i...

  File "[32mC:\bi ye she ji\backend\src\application\[0m[32m[1mindex_runner.py[0m", line [33m32[0m, in [35m_run[0m
    [1mdoc[0m [35m[1m=[0m [35m[1mawait[0m [1mservice[0m[35m[1m.[0m[1mrun[0m[1m([0m[1muuid[0m[35m[1m.[0m[1mUUID[0m[1m([0m[1mdoc_id[0m[1m)[0m[1m)[0m
    [36m            │       │   │    │    └ [0m[36m[1m'a25d041d-8690-4252-b9b0-7b56e16fd593'[0m
    [36m            │       │   │    └ [0m[36m[1m<class 'uuid.UUID'>[0m
    [36m            │       │   └ [0m[36m[1m<module 'uuid' from 'C:\\Users\\Administrator\\AppData\\Local\\Programs\\Python\\Python313\\Lib\\uuid.py'>[0m
    [36m            │       └ [0m[36m[1m<function IndexingService.run at 0x0000028E6A0128E0>[0m
    [36m            └ [0m[36m[1m<src.application.indexing_service.IndexingService object at 0x0000028E7CFA2510>[0m

  File "[32mC:\bi ye she ji\backend\src\application\[0m[32m[1mindexing_service.py[0m", line [33m87[0m, in [35mrun[0m
    [35m[1mraise[0m [1mAppException[0m[1m([0m[34m[1m422[0m[1m,[0m [36mf"[0m[36m向量化失败：[0m[1m{[0m[1mexc[0m[1m}[0m[36m"[0m[1m)[0m [35m[1mfrom[0m [1mexc[0m
    [36m      └ [0m[36m[1m<class 'src.core.exceptions.AppException'>[0m

[31m[1msrc.core.exceptions.AppException[0m:[1m 向量化失败：Milvus 连接失败（http://localhost:19530）：<MilvusException: (code=2, message=Fail connecting to server on localhost:19530, illegal connection params or server unavailable)>[0m
[32m2026-09-06 11:47:48.353[0m | [1mINFO    [0m | [36msrc.application.index_runner[0m:[36m41[0m - [1m开始向量化文档 doc_id=67d364f5-b9e6-4f5b-b3c6-a6ad881b9689[0m
2026-09-06 11:47:54,465 [ERROR][_create_connection]: Failed to create new connection using: a0802636dd9040d7a03947b6b8c666a1 (milvus_client.py:852)
[32m2026-09-06 11:47:54.466[0m | [31m[1mERROR   [0m | [36msrc.application.indexing_service[0m:[36m85[0m - [31m[1m文档向量化失败 doc_id=929b9d2d-ad1b-43b2-b8ee-a167a0c5661f: Milvus 连接失败（http://localhost:19530）：<MilvusException: (code=2, message=Fail connecting to server on localhost:19530, illegal connection params or server unavailable)>[0m
[32m2026-09-06 11:47:54.482[0m | [31m[1mERROR   [0m | [36msrc.api.routes.documents[0m:[36m133[0m - [31m[1m后台向量化任务执行失败 doc_id=929b9d2d-ad1b-43b2-b8ee-a167a0c5661f[0m
[33m[1mTraceback (most recent call last):[0m

  File "[32mC:\bi ye she ji\backend\src\infrastructure\[0m[32m[1mmilvus_store.py[0m", line [33m93[0m, in [35m_get_client[0m
    [1mself[0m[35m[1m.[0m[1m_client[0m [35m[1m=[0m [1mMilvusClient[0m[1m([0m[1muri[0m[35m[1m=[0m[1mself[0m[35m[1m.[0m[1m_uri[0m[1m)[0m
    [36m│    │         │                │    └ [0m[36m[1m'http://localhost:19530'[0m
    [36m│    │         │                └ [0m[36m[1m<src.infrastructure.milvus_store.MilvusStore object at 0x0000028E69F91400>[0m
    [36m│    │         └ [0m[36m[1m<class 'pymilvus.milvus_client.milvus_client.MilvusClient'>[0m
    [36m│    └ [0m[36m[1mNone[0m
    [36m└ [0m[36m[1m<src.infrastructure.milvus_store.MilvusStore object at 0x0000028E69F91400>[0m

  File "C:\bi ye she ji\backend\venv\Lib\site-packages\pymilvus\milvus_client\milvus_client.py", line 65, in __init__
    self._using = self._create_connection(
    │             │    └ <function MilvusClient._create_connection at 0x0000028E60909260>
    │             └ <pymilvus.milvus_client.milvus_client.MilvusClient object at 0x0000028E6092BEE0>
    └ <pymilvus.milvus_client.milvus_client.MilvusClient object at 0x0000028E6092BEE0>
  File "C:\bi ye she ji\backend\venv\Lib\site-packages\pymilvus\milvus_client\milvus_client.py", line 853, in _create_connection
    raise ex from ex
  File "C:\bi ye she ji\backend\venv\Lib\site-packages\pymilvus\milvus_client\milvus_client.py", line 850, in _create_connection
    connections.connect(using, user, password, db_name, token, uri=uri, **kwargs)
    │           │       │      │     │         │        │          │      └ {'timeout': None}
    │           │       │      │     │         │        │          └ 'http://localhost:19530'
    │           │       │      │     │         │        └ ''
    │           │       │      │     │         └ ''
    │           │       │      │     └ ''
    │           │       │      └ ''
    │           │       └ 'a0802636dd9040d7a03947b6b8c666a1'
    │           └ <function Connections.connect at 0x0000028E6051A0C0>
    └ <pymilvus.orm.connections.Connections object at 0x0000028E604D12B0>
  File "C:\bi ye she ji\backend\venv\Lib\site-packages\pymilvus\orm\connections.py", line 461, in connect
    connect_milvus(**kwargs, user=user, password=password, token=token, db_name=db_name)
    │                │            │              │               │              └ ''
    │                │            │              │               └ ''
    │                │            │              └ ''
    │                │            └ ''
    │                └ {'timeout': None, 'address': 'localhost:19530'}
    └ <function Connections.connect.<locals>.connect_milvus at 0x0000028E60BB31A0>
  File "C:\bi ye she ji\backend\venv\Lib\site-packages\pymilvus\orm\connections.py", line 411, in connect_milvus
    gh._wait_for_channel_ready(timeout=timeout)
    │  │                               └ 10.0
    │  └ <function GrpcHandler._wait_for_channel_ready at 0x0000028E604BFC40>
    └ <pymilvus.client.grpc_handler.GrpcHandler object at 0x0000028E815DACF0>
  File "C:\bi ye she ji\backend\venv\Lib\site-packages\pymilvus\client\grpc_handler.py", line 154, in _wait_for_channel_ready
    raise MilvusException(
          └ <class 'pymilvus.exceptions.MilvusException'>

[31m[1mpymilvus.exceptions.MilvusException[0m:[1m <MilvusException: (code=2, message=Fail connecting to server on localhost:19530, illegal connection params or server unavailable)>[0m


[1mThe above exception was the direct cause of the following exception:[0m


[33m[1mTraceback (most recent call last):[0m

  File "[32mC:\bi ye she ji\backend\src\application\[0m[32m[1mindexing_service.py[0m", line [33m83[0m, in [35mrun[0m
    [35m[1mawait[0m [1masyncio[0m[35m[1m.[0m[1mto_thread[0m[1m([0m[1mself[0m[35m[1m.[0m[1m_write_milvus[0m[1m,[0m [1mstr[0m[1m([0m[1mdoc[0m[35m[1m.[0m[1mid[0m[1m)[0m[1m,[0m [1mrows[0m[1m)[0m
    [36m      │       │         │    │                  │   │    └ [0m[36m[1m[VectorRow(id='b7d86a49-c370-44e5-9be7-11365386d270', doc_id='929b9d2d-ad1b-43b2-b8ee-a167a0c5661f', kb_id='254b95a2-3e3a-4d0...[0m
    [36m      │       │         │    │                  │   └ [0m[36m[1m<sqlalchemy.orm.attributes.InstrumentedAttribute object at 0x0000028E68DDE660>[0m
    [36m      │       │         │    │                  └ [0m[36m[1m<src.domain.models.Document object at 0x0000028E69F8D0D0>[0m
    [36m      │       │         │    └ [0m[36m[1m<function IndexingService._write_milvus at 0x0000028E6A012A20>[0m
    [36m      │       │         └ [0m[36m[1m<src.application.indexing_service.IndexingService object at 0x0000028E69FFB2B0>[0m
    [36m      │       └ [0m[36m[1m<function to_thread at 0x0000028E659B4540>[0m
    [36m      └ [0m[36m[1m<module 'asyncio' from 'C:\\Users\\Administrator\\AppData\\Local\\Programs\\Python\\Python313\\Lib\\asyncio\\__init__.py'>[0m

  File "C:\Users\Administrator\AppData\Local\Programs\Python\Python313\Lib\asyncio\threads.py", line 26, in to_thread
    return await loop.run_in_executor(None, func_call)
                 │    │                     └ functools.partial(<built-in method run of _contextvars.Context object at 0x0000028E6A006040>, <bound method IndexingService._...
                 │    └ <function BaseEventLoop.run_in_executor at 0x0000028E659AE2A0>
                 └ <ProactorEventLoop running=False closed=True debug=False>
  File "C:\Users\Administrator\AppData\Local\Programs\Python\Python313\Lib\concurrent\futures\thread.py", line 59, in run
    result = self.fn(*self.args, **self.kwargs)
             │        │            └ None
             │        └ None
             └ None

  File "[32mC:\bi ye she ji\backend\src\application\[0m[32m[1mindexing_service.py[0m", line [33m130[0m, in [35m_write_milvus[0m
    [1mself[0m[35m[1m.[0m[1mstore[0m[35m[1m.[0m[1mensure_collection[0m[1m([0m[1m)[0m
    [36m│    │     └ [0m[36m[1m<function MilvusStore.ensure_collection at 0x0000028E69436160>[0m
    [36m│    └ [0m[36m[1m<src.infrastructure.milvus_store.MilvusStore object at 0x0000028E69F91400>[0m
    [36m└ [0m[36m[1m<src.application.indexing_service.IndexingService object at 0x0000028E69FFB2B0>[0m

  File "[32mC:\bi ye she ji\backend\src\infrastructure\[0m[32m[1mmilvus_store.py[0m", line [33m99[0m, in [35mensure_collection[0m
    [1mclient[0m [35m[1m=[0m [1mself[0m[35m[1m.[0m[1m_get_client[0m[1m([0m[1m)[0m
    [36m         │    └ [0m[36m[1m<function MilvusStore._get_client at 0x0000028E694360C0>[0m
    [36m         └ [0m[36m[1m<src.infrastructure.milvus_store.MilvusStore object at 0x0000028E69F91400>[0m

  File "[32mC:\bi ye she ji\backend\src\infrastructure\[0m[32m[1mmilvus_store.py[0m", line [33m95[0m, in [35m_get_client[0m
    [35m[1mraise[0m [1mVectorStoreError[0m[1m([0m[36mf"[0m[36mMilvus 连接失败（[0m[1m{[0m[1mself[0m[35m[1m.[0m[1m_uri[0m[1m}[0m[36m）：[0m[1m{[0m[1mexc[0m[1m}[0m[36m"[0m[1m)[0m [35m[1mfrom[0m [1mexc[0m
    [36m      │                               │    └ [0m[36m[1m'http://localhost:19530'[0m
    [36m      │                               └ [0m[36m[1m<src.infrastructure.milvus_store.MilvusStore object at 0x0000028E69F91400>[0m
    [36m      └ [0m[36m[1m<class 'src.infrastructure.milvus_store.VectorStoreError'>[0m

[31m[1msrc.infrastructure.milvus_store.VectorStoreError[0m:[1m Milvus 连接失败（http://localhost:19530）：<MilvusException: (code=2, message=Fail connecting to server on localhost:19530, illegal connection params or server unavailable)>[0m


[1mThe above exception was the direct cause of the following exception:[0m


[33m[1mTraceback (most recent call last):[0m

  File "C:\Users\Administrator\AppData\Local\Programs\Python\Python313\Lib\threading.py", line 1015, in _bootstrap
    self._bootstrap_inner()
    │    └ <function Thread._bootstrap_inner at 0x0000028E636BD940>
    └ <WorkerThread(AnyIO worker thread, started 9604)>
  File "C:\Users\Administrator\AppData\Local\Programs\Python\Python313\Lib\threading.py", line 1044, in _bootstrap_inner
    self.run()
    │    └ <function WorkerThread.run at 0x0000028E6A001B20>
    └ <WorkerThread(AnyIO worker thread, started 9604)>
  File "C:\bi ye she ji\backend\venv\Lib\site-packages\anyio\_backends\_asyncio.py", line 1100, in run
    result = context.run(func, *args)
             │       │   │      └ ()
             │       │   └ functools.partial(<function _run_vectorize_safely at 0x0000028E6944EE80>, '929b9d2d-ad1b-43b2-b8ee-a167a0c5661f')
             │       └ <method 'run' of '_contextvars.Context' objects>
             └ <_contextvars.Context object at 0x0000028E7E80A480>

> File "[32mC:\bi ye she ji\backend\src\api\routes\[0m[32m[1mdocuments.py[0m", line [33m131[0m, in [35m_run_vectorize_safely[0m
    [1mrun_vectorize[0m[1m([0m[1mdoc_id[0m[1m)[0m
    [36m│             └ [0m[36m[1m'929b9d2d-ad1b-43b2-b8ee-a167a0c5661f'[0m
    [36m└ [0m[36m[1m<function run_vectorize at 0x0000028E6A012200>[0m

  File "[32mC:\bi ye she ji\backend\src\application\[0m[32m[1mindex_runner.py[0m", line [33m43[0m, in [35mrun_vectorize[0m
    [35m[1mreturn[0m [1masyncio[0m[35m[1m.[0m[1mrun[0m[1m([0m[1m_run[0m[1m([0m[1m)[0m[1m)[0m
    [36m       │       │   └ [0m[36m[1m<function run_vectorize.<locals>._run at 0x0000028E7E8B0F40>[0m
    [36m       │       └ [0m[36m[1m<function run at 0x0000028E655719E0>[0m
    [36m       └ [0m[36m[1m<module 'asyncio' from 'C:\\Users\\Administrator\\AppData\\Local\\Programs\\Python\\Python313\\Lib\\asyncio\\__init__.py'>[0m

  File "C:\Users\Administrator\AppData\Local\Programs\Python\Python313\Lib\asyncio\runners.py", line 196, in run
    return runner.run(main)
           │      │   └ <coroutine object run_vectorize.<locals>._run at 0x0000028E7E259AD0>
           │      └ <function Runner.run at 0x0000028E659AFEC0>
           └ <asyncio.runners.Runner object at 0x0000028E175D5E50>
  File "C:\Users\Administrator\AppData\Local\Programs\Python\Python313\Lib\asyncio\runners.py", line 119, in run
    return self._loop.run_until_complete(task)
           │    │                        └ <Task finished name='Task-206' coro=<run_vectorize.<locals>._run() done, defined at C:\bi ye she ji\backend\src\application\i...
           │    └ None
           └ <asyncio.runners.Runner object at 0x0000028E175D5E50>
  File "C:\Users\Administrator\AppData\Local\Programs\Python\Python313\Lib\asyncio\base_events.py", line 725, in run_until_complete
    return future.result()
           │      └ <method 'result' of '_asyncio.Task' objects>
           └ <Task finished name='Task-206' coro=<run_vectorize.<locals>._run() done, defined at C:\bi ye she ji\backend\src\application\i...

  File "[32mC:\bi ye she ji\backend\src\application\[0m[32m[1mindex_runner.py[0m", line [33m32[0m, in [35m_run[0m
    [1mdoc[0m [35m[1m=[0m [35m[1mawait[0m [1mservice[0m[35m[1m.[0m[1mrun[0m[1m([0m[1muuid[0m[35m[1m.[0m[1mUUID[0m[1m([0m[1mdoc_id[0m[1m)[0m[1m)[0m
    [36m            │       │   │    │    └ [0m[36m[1m'929b9d2d-ad1b-43b2-b8ee-a167a0c5661f'[0m
    [36m            │       │   │    └ [0m[36m[1m<class 'uuid.UUID'>[0m
    [36m            │       │   └ [0m[36m[1m<module 'uuid' from 'C:\\Users\\Administrator\\AppData\\Local\\Programs\\Python\\Python313\\Lib\\uuid.py'>[0m
    [36m            │       └ [0m[36m[1m<function IndexingService.run at 0x0000028E6A0128E0>[0m
    [36m            └ [0m[36m[1m<src.application.indexing_service.IndexingService object at 0x0000028E69FFB2B0>[0m

  File "[32mC:\bi ye she ji\backend\src\application\[0m[32m[1mindexing_service.py[0m", line [33m87[0m, in [35mrun[0m
    [35m[1mraise[0m [1mAppException[0m[1m([0m[34m[1m422[0m[1m,[0m [36mf"[0m[36m向量化失败：[0m[1m{[0m[1mexc[0m[1m}[0m[36m"[0m[1m)[0m [35m[1mfrom[0m [1mexc[0m
    [36m      └ [0m[36m[1m<class 'src.core.exceptions.AppException'>[0m

[31m[1msrc.core.exceptions.AppException[0m:[1m 向量化失败：Milvus 连接失败（http://localhost:19530）：<MilvusException: (code=2, message=Fail connecting to server on localhost:19530, illegal connection params or server unavailable)>[0m
[32m2026-09-06 11:47:54.496[0m | [1mINFO    [0m | [36msrc.application.index_runner[0m:[36m41[0m - [1m开始向量化文档 doc_id=d919f1bb-0ab4-432d-8763-4c2c7a4f13fa[0m
2026-09-06 11:47:59,090 [ERROR][_create_connection]: Failed to create new connection using: 42bc890595eb4571814a8e610c807473 (milvus_client.py:852)
[32m2026-09-06 11:47:59.092[0m | [31m[1mERROR   [0m | [36msrc.application.indexing_service[0m:[36m85[0m - [31m[1m文档向量化失败 doc_id=3b9d88b0-d343-40ac-a7a9-bb35346e0269: Milvus 连接失败（http://localhost:19530）：<MilvusException: (code=2, message=Fail connecting to server on localhost:19530, illegal connection params or server unavailable)>[0m
[32m2026-09-06 11:47:59.113[0m | [31m[1mERROR   [0m | [36msrc.api.routes.documents[0m:[36m133[0m - [31m[1m后台向量化任务执行失败 doc_id=3b9d88b0-d343-40ac-a7a9-bb35346e0269[0m
[33m[1mTraceback (most recent call last):[0m

  File "[32mC:\bi ye she ji\backend\src\infrastructure\[0m[32m[1mmilvus_store.py[0m", line [33m93[0m, in [35m_get_client[0m
    [1mself[0m[35m[1m.[0m[1m_client[0m [35m[1m=[0m [1mMilvusClient[0m[1m([0m[1muri[0m[35m[1m=[0m[1mself[0m[35m[1m.[0m[1m_uri[0m[1m)[0m
    [36m│    │         │                │    └ [0m[36m[1m'http://localhost:19530'[0m
    [36m│    │         │                └ [0m[36m[1m<src.infrastructure.milvus_store.MilvusStore object at 0x0000028E69F91400>[0m
    [36m│    │         └ [0m[36m[1m<class 'pymilvus.milvus_client.milvus_client.MilvusClient'>[0m
    [36m│    └ [0m[36m[1mNone[0m
    [36m└ [0m[36m[1m<src.infrastructure.milvus_store.MilvusStore object at 0x0000028E69F91400>[0m

  File "C:\bi ye she ji\backend\venv\Lib\site-packages\pymilvus\milvus_client\milvus_client.py", line 65, in __init__
    self._using = self._create_connection(
    │             │    └ <function MilvusClient._create_connection at 0x0000028E60909260>
    │             └ <pymilvus.milvus_client.milvus_client.MilvusClient object at 0x0000028E60932ED0>
    └ <pymilvus.milvus_client.milvus_client.MilvusClient object at 0x0000028E60932ED0>
  File "C:\bi ye she ji\backend\venv\Lib\site-packages\pymilvus\milvus_client\milvus_client.py", line 853, in _create_connection
    raise ex from ex
  File "C:\bi ye she ji\backend\venv\Lib\site-packages\pymilvus\milvus_client\milvus_client.py", line 850, in _create_connection
    connections.connect(using, user, password, db_name, token, uri=uri, **kwargs)
    │           │       │      │     │         │        │          │      └ {'timeout': None}
    │           │       │      │     │         │        │          └ 'http://localhost:19530'
    │           │       │      │     │         │        └ ''
    │           │       │      │     │         └ ''
    │           │       │      │     └ ''
    │           │       │      └ ''
    │           │       └ '42bc890595eb4571814a8e610c807473'
    │           └ <function Connections.connect at 0x0000028E6051A0C0>
    └ <pymilvus.orm.connections.Connections object at 0x0000028E604D12B0>
  File "C:\bi ye she ji\backend\venv\Lib\site-packages\pymilvus\orm\connections.py", line 461, in connect
    connect_milvus(**kwargs, user=user, password=password, token=token, db_name=db_name)
    │                │            │              │               │              └ ''
    │                │            │              │               └ ''
    │                │            │              └ ''
    │                │            └ ''
    │                └ {'timeout': None, 'address': 'localhost:19530'}
    └ <function Connections.connect.<locals>.connect_milvus at 0x0000028E60B6C360>
  File "C:\bi ye she ji\backend\venv\Lib\site-packages\pymilvus\orm\connections.py", line 411, in connect_milvus
    gh._wait_for_channel_ready(timeout=timeout)
    │  │                               └ 10.0
    │  └ <function GrpcHandler._wait_for_channel_ready at 0x0000028E604BFC40>
    └ <pymilvus.client.grpc_handler.GrpcHandler object at 0x0000028E60BDAEB0>
  File "C:\bi ye she ji\backend\venv\Lib\site-packages\pymilvus\client\grpc_handler.py", line 154, in _wait_for_channel_ready
    raise MilvusException(
          └ <class 'pymilvus.exceptions.MilvusException'>

[31m[1mpymilvus.exceptions.MilvusException[0m:[1m <MilvusException: (code=2, message=Fail connecting to server on localhost:19530, illegal connection params or server unavailable)>[0m


[1mThe above exception was the direct cause of the following exception:[0m


[33m[1mTraceback (most recent call last):[0m

  File "[32mC:\bi ye she ji\backend\src\application\[0m[32m[1mindexing_service.py[0m", line [33m83[0m, in [35mrun[0m
    [35m[1mawait[0m [1masyncio[0m[35m[1m.[0m[1mto_thread[0m[1m([0m[1mself[0m[35m[1m.[0m[1m_write_milvus[0m[1m,[0m [1mstr[0m[1m([0m[1mdoc[0m[35m[1m.[0m[1mid[0m[1m)[0m[1m,[0m [1mrows[0m[1m)[0m
    [36m      │       │         │    │                  │   │    └ [0m[36m[1m[VectorRow(id='b45d573a-587d-4c9c-9a69-d25d08bdc32f', doc_id='3b9d88b0-d343-40ac-a7a9-bb35346e0269', kb_id='e91fef39-b877-4ed...[0m
    [36m      │       │         │    │                  │   └ [0m[36m[1m<sqlalchemy.orm.attributes.InstrumentedAttribute object at 0x0000028E68DDE660>[0m
    [36m      │       │         │    │                  └ [0m[36m[1m<src.domain.models.Document object at 0x0000028E7E600AA0>[0m
    [36m      │       │         │    └ [0m[36m[1m<function IndexingService._write_milvus at 0x0000028E6A012A20>[0m
    [36m      │       │         └ [0m[36m[1m<src.application.indexing_service.IndexingService object at 0x0000028E60932390>[0m
    [36m      │       └ [0m[36m[1m<function to_thread at 0x0000028E659B4540>[0m
    [36m      └ [0m[36m[1m<module 'asyncio' from 'C:\\Users\\Administrator\\AppData\\Local\\Programs\\Python\\Python313\\Lib\\asyncio\\__init__.py'>[0m

  File "C:\Users\Administrator\AppData\Local\Programs\Python\Python313\Lib\asyncio\threads.py", line 26, in to_thread
    return await loop.run_in_executor(None, func_call)
                 │    │                     └ functools.partial(<built-in method run of _contextvars.Context object at 0x0000028E7D13AF00>, <bound method IndexingService._...
                 │    └ <function BaseEventLoop.run_in_executor at 0x0000028E659AE2A0>
                 └ <ProactorEventLoop running=False closed=True debug=False>
  File "C:\Users\Administrator\AppData\Local\Programs\Python\Python313\Lib\concurrent\futures\thread.py", line 59, in run
    result = self.fn(*self.args, **self.kwargs)
             │        │            └ None
             │        └ None
             └ None

  File "[32mC:\bi ye she ji\backend\src\application\[0m[32m[1mindexing_service.py[0m", line [33m130[0m, in [35m_write_milvus[0m
    [1mself[0m[35m[1m.[0m[1mstore[0m[35m[1m.[0m[1mensure_collection[0m[1m([0m[1m)[0m
    [36m│    │     └ [0m[36m[1m<function MilvusStore.ensure_collection at 0x0000028E69436160>[0m
    [36m│    └ [0m[36m[1m<src.infrastructure.milvus_store.MilvusStore object at 0x0000028E69F91400>[0m
    [36m└ [0m[36m[1m<src.application.indexing_service.IndexingService object at 0x0000028E60932390>[0m

  File "[32mC:\bi ye she ji\backend\src\infrastructure\[0m[32m[1mmilvus_store.py[0m", line [33m99[0m, in [35mensure_collection[0m
    [1mclient[0m [35m[1m=[0m [1mself[0m[35m[1m.[0m[1m_get_client[0m[1m([0m[1m)[0m
    [36m         │    └ [0m[36m[1m<function MilvusStore._get_client at 0x0000028E694360C0>[0m
    [36m         └ [0m[36m[1m<src.infrastructure.milvus_store.MilvusStore object at 0x0000028E69F91400>[0m

  File "[32mC:\bi ye she ji\backend\src\infrastructure\[0m[32m[1mmilvus_store.py[0m", line [33m95[0m, in [35m_get_client[0m
    [35m[1mraise[0m [1mVectorStoreError[0m[1m([0m[36mf"[0m[36mMilvus 连接失败（[0m[1m{[0m[1mself[0m[35m[1m.[0m[1m_uri[0m[1m}[0m[36m）：[0m[1m{[0m[1mexc[0m[1m}[0m[36m"[0m[1m)[0m [35m[1mfrom[0m [1mexc[0m
    [36m      │                               │    └ [0m[36m[1m'http://localhost:19530'[0m
    [36m      │                               └ [0m[36m[1m<src.infrastructure.milvus_store.MilvusStore object at 0x0000028E69F91400>[0m
    [36m      └ [0m[36m[1m<class 'src.infrastructure.milvus_store.VectorStoreError'>[0m

[31m[1msrc.infrastructure.milvus_store.VectorStoreError[0m:[1m Milvus 连接失败（http://localhost:19530）：<MilvusException: (code=2, message=Fail connecting to server on localhost:19530, illegal connection params or server unavailable)>[0m


[1mThe above exception was the direct cause of the following exception:[0m


[33m[1mTraceback (most recent call last):[0m

  File "C:\Users\Administrator\AppData\Local\Programs\Python\Python313\Lib\threading.py", line 1015, in _bootstrap
    self._bootstrap_inner()
    │    └ <function Thread._bootstrap_inner at 0x0000028E636BD940>
    └ <WorkerThread(AnyIO worker thread, started 24404)>
  File "C:\Users\Administrator\AppData\Local\Programs\Python\Python313\Lib\threading.py", line 1044, in _bootstrap_inner
    self.run()
    │    └ <function WorkerThread.run at 0x0000028E6A001B20>
    └ <WorkerThread(AnyIO worker thread, started 24404)>
  File "C:\bi ye she ji\backend\venv\Lib\site-packages\anyio\_backends\_asyncio.py", line 1100, in run
    result = context.run(func, *args)
             │       │   │      └ ()
             │       │   └ functools.partial(<function _run_vectorize_safely at 0x0000028E6944EE80>, '3b9d88b0-d343-40ac-a7a9-bb35346e0269')
             │       └ <method 'run' of '_contextvars.Context' objects>
             └ <_contextvars.Context object at 0x0000028E7E95E440>

> File "[32mC:\bi ye she ji\backend\src\api\routes\[0m[32m[1mdocuments.py[0m", line [33m131[0m, in [35m_run_vectorize_safely[0m
    [1mrun_vectorize[0m[1m([0m[1mdoc_id[0m[1m)[0m
    [36m│             └ [0m[36m[1m'3b9d88b0-d343-40ac-a7a9-bb35346e0269'[0m
    [36m└ [0m[36m[1m<function run_vectorize at 0x0000028E6A012200>[0m

  File "[32mC:\bi ye she ji\backend\src\application\[0m[32m[1mindex_runner.py[0m", line [33m43[0m, in [35mrun_vectorize[0m
    [35m[1mreturn[0m [1masyncio[0m[35m[1m.[0m[1mrun[0m[1m([0m[1m_run[0m[1m([0m[1m)[0m[1m)[0m
    [36m       │       │   └ [0m[36m[1m<function run_vectorize.<locals>._run at 0x0000028E7E9CFA60>[0m
    [36m       │       └ [0m[36m[1m<function run at 0x0000028E655719E0>[0m
    [36m       └ [0m[36m[1m<module 'asyncio' from 'C:\\Users\\Administrator\\AppData\\Local\\Programs\\Python\\Python313\\Lib\\asyncio\\__init__.py'>[0m

  File "C:\Users\Administrator\AppData\Local\Programs\Python\Python313\Lib\asyncio\runners.py", line 196, in run
    return runner.run(main)
           │      │   └ <coroutine object run_vectorize.<locals>._run at 0x0000028E7C9E6AC0>
           │      └ <function Runner.run at 0x0000028E659AFEC0>
           └ <asyncio.runners.Runner object at 0x0000028E1779FD10>
  File "C:\Users\Administrator\AppData\Local\Programs\Python\Python313\Lib\asyncio\runners.py", line 119, in run
    return self._loop.run_until_complete(task)
           │    │                        └ <Task finished name='Task-213' coro=<run_vectorize.<locals>._run() done, defined at C:\bi ye she ji\backend\src\application\i...
           │    └ None
           └ <asyncio.runners.Runner object at 0x0000028E1779FD10>
  File "C:\Users\Administrator\AppData\Local\Programs\Python\Python313\Lib\asyncio\base_events.py", line 725, in run_until_complete
    return future.result()
           │      └ <method 'result' of '_asyncio.Task' objects>
           └ <Task finished name='Task-213' coro=<run_vectorize.<locals>._run() done, defined at C:\bi ye she ji\backend\src\application\i...

  File "[32mC:\bi ye she ji\backend\src\application\[0m[32m[1mindex_runner.py[0m", line [33m32[0m, in [35m_run[0m
    [1mdoc[0m [35m[1m=[0m [35m[1mawait[0m [1mservice[0m[35m[1m.[0m[1mrun[0m[1m([0m[1muuid[0m[35m[1m.[0m[1mUUID[0m[1m([0m[1mdoc_id[0m[1m)[0m[1m)[0m
    [36m            │       │   │    │    └ [0m[36m[1m'3b9d88b0-d343-40ac-a7a9-bb35346e0269'[0m
    [36m            │       │   │    └ [0m[36m[1m<class 'uuid.UUID'>[0m
    [36m            │       │   └ [0m[36m[1m<module 'uuid' from 'C:\\Users\\Administrator\\AppData\\Local\\Programs\\Python\\Python313\\Lib\\uuid.py'>[0m
    [36m            │       └ [0m[36m[1m<function IndexingService.run at 0x0000028E6A0128E0>[0m
    [36m            └ [0m[36m[1m<src.application.indexing_service.IndexingService object at 0x0000028E60932390>[0m

  File "[32mC:\bi ye she ji\backend\src\application\[0m[32m[1mindexing_service.py[0m", line [33m87[0m, in [35mrun[0m
    [35m[1mraise[0m [1mAppException[0m[1m([0m[34m[1m422[0m[1m,[0m [36mf"[0m[36m向量化失败：[0m[1m{[0m[1mexc[0m[1m}[0m[36m"[0m[1m)[0m [35m[1mfrom[0m [1mexc[0m
    [36m      └ [0m[36m[1m<class 'src.core.exceptions.AppException'>[0m

[31m[1msrc.core.exceptions.AppException[0m:[1m 向量化失败：Milvus 连接失败（http://localhost:19530）：<MilvusException: (code=2, message=Fail connecting to server on localhost:19530, illegal connection params or server unavailable)>[0m
[32m2026-09-06 11:47:59.128[0m | [1mINFO    [0m | [36msrc.application.index_runner[0m:[36m41[0m - [1m开始向量化文档 doc_id=6ebb11b8-6279-42b5-95e4-d69ecedf61bf[0m
2026-09-06 11:48:05,040 [ERROR][_create_connection]: Failed to create new connection using: a7b10044d4e84f3b80cc7e108a83320d (milvus_client.py:852)
[32m2026-09-06 11:48:05.041[0m | [31m[1mERROR   [0m | [36msrc.application.indexing_service[0m:[36m85[0m - [31m[1m文档向量化失败 doc_id=58cce43d-d454-4bcf-b023-029ccbebd0c7: Milvus 连接失败（http://localhost:19530）：<MilvusException: (code=2, message=Fail connecting to server on localhost:19530, illegal connection params or server unavailable)>[0m
[32m2026-09-06 11:48:05.059[0m | [31m[1mERROR   [0m | [36msrc.api.routes.documents[0m:[36m133[0m - [31m[1m后台向量化任务执行失败 doc_id=58cce43d-d454-4bcf-b023-029ccbebd0c7[0m
[33m[1mTraceback (most recent call last):[0m

  File "[32mC:\bi ye she ji\backend\src\infrastructure\[0m[32m[1mmilvus_store.py[0m", line [33m93[0m, in [35m_get_client[0m
    [1mself[0m[35m[1m.[0m[1m_client[0m [35m[1m=[0m [1mMilvusClient[0m[1m([0m[1muri[0m[35m[1m=[0m[1mself[0m[35m[1m.[0m[1m_uri[0m[1m)[0m
    [36m│    │         │                │    └ [0m[36m[1m'http://localhost:19530'[0m
    [36m│    │         │                └ [0m[36m[1m<src.infrastructure.milvus_store.MilvusStore object at 0x0000028E69F91400>[0m
    [36m│    │         └ [0m[36m[1m<class 'pymilvus.milvus_client.milvus_client.MilvusClient'>[0m
    [36m│    └ [0m[36m[1mNone[0m
    [36m└ [0m[36m[1m<src.infrastructure.milvus_store.MilvusStore object at 0x0000028E69F91400>[0m

  File "C:\bi ye she ji\backend\venv\Lib\site-packages\pymilvus\milvus_client\milvus_client.py", line 65, in __init__
    self._using = self._create_connection(
    │             │    └ <function MilvusClient._create_connection at 0x0000028E60909260>
    │             └ <pymilvus.milvus_client.milvus_client.MilvusClient object at 0x0000028E609337D0>
    └ <pymilvus.milvus_client.milvus_client.MilvusClient object at 0x0000028E609337D0>
  File "C:\bi ye she ji\backend\venv\Lib\site-packages\pymilvus\milvus_client\milvus_client.py", line 853, in _create_connection
    raise ex from ex
  File "C:\bi ye she ji\backend\venv\Lib\site-packages\pymilvus\milvus_client\milvus_client.py", line 850, in _create_connection
    connections.connect(using, user, password, db_name, token, uri=uri, **kwargs)
    │           │       │      │     │         │        │          │      └ {'timeout': None}
    │           │       │      │     │         │        │          └ 'http://localhost:19530'
    │           │       │      │     │         │        └ ''
    │           │       │      │     │         └ ''
    │           │       │      │     └ ''
    │           │       │      └ ''
    │           │       └ 'a7b10044d4e84f3b80cc7e108a83320d'
    │           └ <function Connections.connect at 0x0000028E6051A0C0>
    └ <pymilvus.orm.connections.Connections object at 0x0000028E604D12B0>
  File "C:\bi ye she ji\backend\venv\Lib\site-packages\pymilvus\orm\connections.py", line 461, in connect
    connect_milvus(**kwargs, user=user, password=password, token=token, db_name=db_name)
    │                │            │              │               │              └ ''
    │                │            │              │               └ ''
    │                │            │              └ ''
    │                │            └ ''
    │                └ {'timeout': None, 'address': 'localhost:19530'}
    └ <function Connections.connect.<locals>.connect_milvus at 0x0000028E815B5080>
  File "C:\bi ye she ji\backend\venv\Lib\site-packages\pymilvus\orm\connections.py", line 411, in connect_milvus
    gh._wait_for_channel_ready(timeout=timeout)
    │  │                               └ 10.0
    │  └ <function GrpcHandler._wait_for_channel_ready at 0x0000028E604BFC40>
    └ <pymilvus.client.grpc_handler.GrpcHandler object at 0x0000028E7CFA2190>
  File "C:\bi ye she ji\backend\venv\Lib\site-packages\pymilvus\client\grpc_handler.py", line 154, in _wait_for_channel_ready
    raise MilvusException(
          └ <class 'pymilvus.exceptions.MilvusException'>

[31m[1mpymilvus.exceptions.MilvusException[0m:[1m <MilvusException: (code=2, message=Fail connecting to server on localhost:19530, illegal connection params or server unavailable)>[0m


[1mThe above exception was the direct cause of the following exception:[0m


[33m[1mTraceback (most recent call last):[0m

  File "[32mC:\bi ye she ji\backend\src\application\[0m[32m[1mindexing_service.py[0m", line [33m83[0m, in [35mrun[0m
    [35m[1mawait[0m [1masyncio[0m[35m[1m.[0m[1mto_thread[0m[1m([0m[1mself[0m[35m[1m.[0m[1m_write_milvus[0m[1m,[0m [1mstr[0m[1m([0m[1mdoc[0m[35m[1m.[0m[1mid[0m[1m)[0m[1m,[0m [1mrows[0m[1m)[0m
    [36m      │       │         │    │                  │   │    └ [0m[36m[1m[VectorRow(id='5d6c40ae-9ccd-4a59-96a7-5317396c0ad0', doc_id='58cce43d-d454-4bcf-b023-029ccbebd0c7', kb_id='e91fef39-b877-4ed...[0m
    [36m      │       │         │    │                  │   └ [0m[36m[1m<sqlalchemy.orm.attributes.InstrumentedAttribute object at 0x0000028E68DDE660>[0m
    [36m      │       │         │    │                  └ [0m[36m[1m<src.domain.models.Document object at 0x0000028E7E746DB0>[0m
    [36m      │       │         │    └ [0m[36m[1m<function IndexingService._write_milvus at 0x0000028E6A012A20>[0m
    [36m      │       │         └ [0m[36m[1m<src.application.indexing_service.IndexingService object at 0x0000028E1779FE90>[0m
    [36m      │       └ [0m[36m[1m<function to_thread at 0x0000028E659B4540>[0m
    [36m      └ [0m[36m[1m<module 'asyncio' from 'C:\\Users\\Administrator\\AppData\\Local\\Programs\\Python\\Python313\\Lib\\asyncio\\__init__.py'>[0m

  File "C:\Users\Administrator\AppData\Local\Programs\Python\Python313\Lib\asyncio\threads.py", line 26, in to_thread
    return await loop.run_in_executor(None, func_call)
                 │    │                     └ functools.partial(<built-in method run of _contextvars.Context object at 0x0000028E7E650280>, <bound method IndexingService._...
                 │    └ <function BaseEventLoop.run_in_executor at 0x0000028E659AE2A0>
                 └ <ProactorEventLoop running=False closed=True debug=False>
  File "C:\Users\Administrator\AppData\Local\Programs\Python\Python313\Lib\concurrent\futures\thread.py", line 59, in run
    result = self.fn(*self.args, **self.kwargs)
             │        │            └ None
             │        └ None
             └ None

  File "[32mC:\bi ye she ji\backend\src\application\[0m[32m[1mindexing_service.py[0m", line [33m130[0m, in [35m_write_milvus[0m
    [1mself[0m[35m[1m.[0m[1mstore[0m[35m[1m.[0m[1mensure_collection[0m[1m([0m[1m)[0m
    [36m│    │     └ [0m[36m[1m<function MilvusStore.ensure_collection at 0x0000028E69436160>[0m
    [36m│    └ [0m[36m[1m<src.infrastructure.milvus_store.MilvusStore object at 0x0000028E69F91400>[0m
    [36m└ [0m[36m[1m<src.application.indexing_service.IndexingService object at 0x0000028E1779FE90>[0m

  File "[32mC:\bi ye she ji\backend\src\infrastructure\[0m[32m[1mmilvus_store.py[0m", line [33m99[0m, in [35mensure_collection[0m
    [1mclient[0m [35m[1m=[0m [1mself[0m[35m[1m.[0m[1m_get_client[0m[1m([0m[1m)[0m
    [36m         │    └ [0m[36m[1m<function MilvusStore._get_client at 0x0000028E694360C0>[0m
    [36m         └ [0m[36m[1m<src.infrastructure.milvus_store.MilvusStore object at 0x0000028E69F91400>[0m

  File "[32mC:\bi ye she ji\backend\src\infrastructure\[0m[32m[1mmilvus_store.py[0m", line [33m95[0m, in [35m_get_client[0m
    [35m[1mraise[0m [1mVectorStoreError[0m[1m([0m[36mf"[0m[36mMilvus 连接失败（[0m[1m{[0m[1mself[0m[35m[1m.[0m[1m_uri[0m[1m}[0m[36m）：[0m[1m{[0m[1mexc[0m[1m}[0m[36m"[0m[1m)[0m [35m[1mfrom[0m [1mexc[0m
    [36m      │                               │    └ [0m[36m[1m'http://localhost:19530'[0m
    [36m      │                               └ [0m[36m[1m<src.infrastructure.milvus_store.MilvusStore object at 0x0000028E69F91400>[0m
    [36m      └ [0m[36m[1m<class 'src.infrastructure.milvus_store.VectorStoreError'>[0m

[31m[1msrc.infrastructure.milvus_store.VectorStoreError[0m:[1m Milvus 连接失败（http://localhost:19530）：<MilvusException: (code=2, message=Fail connecting to server on localhost:19530, illegal connection params or server unavailable)>[0m


[1mThe above exception was the direct cause of the following exception:[0m


[33m[1mTraceback (most recent call last):[0m

  File "C:\Users\Administrator\AppData\Local\Programs\Python\Python313\Lib\threading.py", line 1015, in _bootstrap
    self._bootstrap_inner()
    │    └ <function Thread._bootstrap_inner at 0x0000028E636BD940>
    └ <WorkerThread(AnyIO worker thread, started 10304)>
  File "C:\Users\Administrator\AppData\Local\Programs\Python\Python313\Lib\threading.py", line 1044, in _bootstrap_inner
    self.run()
    │    └ <function WorkerThread.run at 0x0000028E6A001B20>
    └ <WorkerThread(AnyIO worker thread, started 10304)>
  File "C:\bi ye she ji\backend\venv\Lib\site-packages\anyio\_backends\_asyncio.py", line 1100, in run
    result = context.run(func, *args)
             │       │   │      └ ()
             │       │   └ functools.partial(<function _run_vectorize_safely at 0x0000028E6944EE80>, '58cce43d-d454-4bcf-b023-029ccbebd0c7')
             │       └ <method 'run' of '_contextvars.Context' objects>
             └ <_contextvars.Context object at 0x0000028E7E7EF300>

> File "[32mC:\bi ye she ji\backend\src\api\routes\[0m[32m[1mdocuments.py[0m", line [33m131[0m, in [35m_run_vectorize_safely[0m
    [1mrun_vectorize[0m[1m([0m[1mdoc_id[0m[1m)[0m
    [36m│             └ [0m[36m[1m'58cce43d-d454-4bcf-b023-029ccbebd0c7'[0m
    [36m└ [0m[36m[1m<function run_vectorize at 0x0000028E6A012200>[0m

  File "[32mC:\bi ye she ji\backend\src\application\[0m[32m[1mindex_runner.py[0m", line [33m43[0m, in [35mrun_vectorize[0m
    [35m[1mreturn[0m [1masyncio[0m[35m[1m.[0m[1mrun[0m[1m([0m[1m_run[0m[1m([0m[1m)[0m[1m)[0m
    [36m       │       │   └ [0m[36m[1m<function run_vectorize.<locals>._run at 0x0000028E7E41B380>[0m
    [36m       │       └ [0m[36m[1m<function run at 0x0000028E655719E0>[0m
    [36m       └ [0m[36m[1m<module 'asyncio' from 'C:\\Users\\Administrator\\AppData\\Local\\Programs\\Python\\Python313\\Lib\\asyncio\\__init__.py'>[0m

  File "C:\Users\Administrator\AppData\Local\Programs\Python\Python313\Lib\asyncio\runners.py", line 196, in run
    return runner.run(main)
           │      │   └ <coroutine object run_vectorize.<locals>._run at 0x0000028E7E3B9360>
           │      └ <function Runner.run at 0x0000028E659AFEC0>
           └ <asyncio.runners.Runner object at 0x0000028E604A7CD0>
  File "C:\Users\Administrator\AppData\Local\Programs\Python\Python313\Lib\asyncio\runners.py", line 119, in run
    return self._loop.run_until_complete(task)
           │    │                        └ <Task finished name='Task-220' coro=<run_vectorize.<locals>._run() done, defined at C:\bi ye she ji\backend\src\application\i...
           │    └ None
           └ <asyncio.runners.Runner object at 0x0000028E604A7CD0>
  File "C:\Users\Administrator\AppData\Local\Programs\Python\Python313\Lib\asyncio\base_events.py", line 725, in run_until_complete
    return future.result()
           │      └ <method 'result' of '_asyncio.Task' objects>
           └ <Task finished name='Task-220' coro=<run_vectorize.<locals>._run() done, defined at C:\bi ye she ji\backend\src\application\i...

  File "[32mC:\bi ye she ji\backend\src\application\[0m[32m[1mindex_runner.py[0m", line [33m32[0m, in [35m_run[0m
    [1mdoc[0m [35m[1m=[0m [35m[1mawait[0m [1mservice[0m[35m[1m.[0m[1mrun[0m[1m([0m[1muuid[0m[35m[1m.[0m[1mUUID[0m[1m([0m[1mdoc_id[0m[1m)[0m[1m)[0m
    [36m            │       │   │    │    └ [0m[36m[1m'58cce43d-d454-4bcf-b023-029ccbebd0c7'[0m
    [36m            │       │   │    └ [0m[36m[1m<class 'uuid.UUID'>[0m
    [36m            │       │   └ [0m[36m[1m<module 'uuid' from 'C:\\Users\\Administrator\\AppData\\Local\\Programs\\Python\\Python313\\Lib\\uuid.py'>[0m
    [36m            │       └ [0m[36m[1m<function IndexingService.run at 0x0000028E6A0128E0>[0m
    [36m            └ [0m[36m[1m<src.application.indexing_service.IndexingService object at 0x0000028E1779FE90>[0m

  File "[32mC:\bi ye she ji\backend\src\application\[0m[32m[1mindexing_service.py[0m", line [33m87[0m, in [35mrun[0m
    [35m[1mraise[0m [1mAppException[0m[1m([0m[34m[1m422[0m[1m,[0m [36mf"[0m[36m向量化失败：[0m[1m{[0m[1mexc[0m[1m}[0m[36m"[0m[1m)[0m [35m[1mfrom[0m [1mexc[0m
    [36m      └ [0m[36m[1m<class 'src.core.exceptions.AppException'>[0m

[31m[1msrc.core.exceptions.AppException[0m:[1m 向量化失败：Milvus 连接失败（http://localhost:19530）：<MilvusException: (code=2, message=Fail connecting to server on localhost:19530, illegal connection params or server unavailable)>[0m
[32m2026-09-06 11:48:05.074[0m | [1mINFO    [0m | [36msrc.application.index_runner[0m:[36m41[0m - [1m开始向量化文档 doc_id=f467e807-8c6e-4e57-8a1a-332f8f2abb3f[0m
2026-09-06 11:48:15,039 [ERROR][_create_connection]: Failed to create new connection using: b80116f490734aebbbea6f05ce0361de (milvus_client.py:852)
[32m2026-09-06 11:48:15.042[0m | [31m[1mERROR   [0m | [36msrc.application.indexing_service[0m:[36m85[0m - [31m[1m文档向量化失败 doc_id=f8c2473d-3ecf-4ca2-adbd-b2dca4c5d857: Milvus 连接失败（http://localhost:19530）：<MilvusException: (code=2, message=Fail connecting to server on localhost:19530, illegal connection params or server unavailable)>[0m
[32m2026-09-06 11:48:15.061[0m | [31m[1mERROR   [0m | [36msrc.api.routes.documents[0m:[36m133[0m - [31m[1m后台向量化任务执行失败 doc_id=f8c2473d-3ecf-4ca2-adbd-b2dca4c5d857[0m
[33m[1mTraceback (most recent call last):[0m

  File "[32mC:\bi ye she ji\backend\src\infrastructure\[0m[32m[1mmilvus_store.py[0m", line [33m93[0m, in [35m_get_client[0m
    [1mself[0m[35m[1m.[0m[1m_client[0m [35m[1m=[0m [1mMilvusClient[0m[1m([0m[1muri[0m[35m[1m=[0m[1mself[0m[35m[1m.[0m[1m_uri[0m[1m)[0m
    [36m│    │         │                │    └ [0m[36m[1m'http://localhost:19530'[0m
    [36m│    │         │                └ [0m[36m[1m<src.infrastructure.milvus_store.MilvusStore object at 0x0000028E69F91400>[0m
    [36m│    │         └ [0m[36m[1m<class 'pymilvus.milvus_client.milvus_client.MilvusClient'>[0m
    [36m│    └ [0m[36m[1mNone[0m
    [36m└ [0m[36m[1m<src.infrastructure.milvus_store.MilvusStore object at 0x0000028E69F91400>[0m

  File "C:\bi ye she ji\backend\venv\Lib\site-packages\pymilvus\milvus_client\milvus_client.py", line 65, in __init__
    self._using = self._create_connection(
    │             │    └ <function MilvusClient._create_connection at 0x0000028E60909260>
    │             └ <pymilvus.milvus_client.milvus_client.MilvusClient object at 0x0000028E7E366E60>
    └ <pymilvus.milvus_client.milvus_client.MilvusClient object at 0x0000028E7E366E60>
  File "C:\bi ye she ji\backend\venv\Lib\site-packages\pymilvus\milvus_client\milvus_client.py", line 853, in _create_connection
    raise ex from ex
  File "C:\bi ye she ji\backend\venv\Lib\site-packages\pymilvus\milvus_client\milvus_client.py", line 850, in _create_connection
    connections.connect(using, user, password, db_name, token, uri=uri, **kwargs)
    │           │       │      │     │         │        │          │      └ {'timeout': None}
    │           │       │      │     │         │        │          └ 'http://localhost:19530'
    │           │       │      │     │         │        └ ''
    │           │       │      │     │         └ ''
    │           │       │      │     └ ''
    │           │       │      └ ''
    │           │       └ 'b80116f490734aebbbea6f05ce0361de'
    │           └ <function Connections.connect at 0x0000028E6051A0C0>
    └ <pymilvus.orm.connections.Connections object at 0x0000028E604D12B0>
  File "C:\bi ye she ji\backend\venv\Lib\site-packages\pymilvus\orm\connections.py", line 461, in connect
    connect_milvus(**kwargs, user=user, password=password, token=token, db_name=db_name)
    │                │            │              │               │              └ ''
    │                │            │              │               └ ''
    │                │            │              └ ''
    │                │            └ ''
    │                └ {'timeout': None, 'address': 'localhost:19530'}
    └ <function Connections.connect.<locals>.connect_milvus at 0x0000028E60BC0D60>
  File "C:\bi ye she ji\backend\venv\Lib\site-packages\pymilvus\orm\connections.py", line 411, in connect_milvus
    gh._wait_for_channel_ready(timeout=timeout)
    │  │                               └ 10.0
    │  └ <function GrpcHandler._wait_for_channel_ready at 0x0000028E604BFC40>
    └ <pymilvus.client.grpc_handler.GrpcHandler object at 0x0000028E60BBC590>
  File "C:\bi ye she ji\backend\venv\Lib\site-packages\pymilvus\client\grpc_handler.py", line 154, in _wait_for_channel_ready
    raise MilvusException(
          └ <class 'pymilvus.exceptions.MilvusException'>

[31m[1mpymilvus.exceptions.MilvusException[0m:[1m <MilvusException: (code=2, message=Fail connecting to server on localhost:19530, illegal connection params or server unavailable)>[0m


[1mThe above exception was the direct cause of the following exception:[0m


[33m[1mTraceback (most recent call last):[0m

  File "[32mC:\bi ye she ji\backend\src\application\[0m[32m[1mindexing_service.py[0m", line [33m83[0m, in [35mrun[0m
    [35m[1mawait[0m [1masyncio[0m[35m[1m.[0m[1mto_thread[0m[1m([0m[1mself[0m[35m[1m.[0m[1m_write_milvus[0m[1m,[0m [1mstr[0m[1m([0m[1mdoc[0m[35m[1m.[0m[1mid[0m[1m)[0m[1m,[0m [1mrows[0m[1m)[0m
    [36m      │       │         │    │                  │   │    └ [0m[36m[1m[VectorRow(id='4571a17a-96b0-4fae-b500-8ed2554395df', doc_id='f8c2473d-3ecf-4ca2-adbd-b2dca4c5d857', kb_id='c53e196b-daeb-49b...[0m
    [36m      │       │         │    │                  │   └ [0m[36m[1m<sqlalchemy.orm.attributes.InstrumentedAttribute object at 0x0000028E68DDE660>[0m
    [36m      │       │         │    │                  └ [0m[36m[1m<src.domain.models.Document object at 0x0000028E604A7120>[0m
    [36m      │       │         │    └ [0m[36m[1m<function IndexingService._write_milvus at 0x0000028E6A012A20>[0m
    [36m      │       │         └ [0m[36m[1m<src.application.indexing_service.IndexingService object at 0x0000028E604A6BA0>[0m
    [36m      │       └ [0m[36m[1m<function to_thread at 0x0000028E659B4540>[0m
    [36m      └ [0m[36m[1m<module 'asyncio' from 'C:\\Users\\Administrator\\AppData\\Local\\Programs\\Python\\Python313\\Lib\\asyncio\\__init__.py'>[0m

  File "C:\Users\Administrator\AppData\Local\Programs\Python\Python313\Lib\asyncio\threads.py", line 26, in to_thread
    return await loop.run_in_executor(None, func_call)
                 │    │                     └ functools.partial(<built-in method run of _contextvars.Context object at 0x0000028E7E808200>, <bound method IndexingService._...
                 │    └ <function BaseEventLoop.run_in_executor at 0x0000028E659AE2A0>
                 └ <ProactorEventLoop running=False closed=True debug=False>
  File "C:\Users\Administrator\AppData\Local\Programs\Python\Python313\Lib\concurrent\futures\thread.py", line 59, in run
    result = self.fn(*self.args, **self.kwargs)
             │        │            └ None
             │        └ None
             └ None

  File "[32mC:\bi ye she ji\backend\src\application\[0m[32m[1mindexing_service.py[0m", line [33m130[0m, in [35m_write_milvus[0m
    [1mself[0m[35m[1m.[0m[1mstore[0m[35m[1m.[0m[1mensure_collection[0m[1m([0m[1m)[0m
    [36m│    │     └ [0m[36m[1m<function MilvusStore.ensure_collection at 0x0000028E69436160>[0m
    [36m│    └ [0m[36m[1m<src.infrastructure.milvus_store.MilvusStore object at 0x0000028E69F91400>[0m
    [36m└ [0m[36m[1m<src.application.indexing_service.IndexingService object at 0x0000028E604A6BA0>[0m

  File "[32mC:\bi ye she ji\backend\src\infrastructure\[0m[32m[1mmilvus_store.py[0m", line [33m99[0m, in [35mensure_collection[0m
    [1mclient[0m [35m[1m=[0m [1mself[0m[35m[1m.[0m[1m_get_client[0m[1m([0m[1m)[0m
    [36m         │    └ [0m[36m[1m<function MilvusStore._get_client at 0x0000028E694360C0>[0m
    [36m         └ [0m[36m[1m<src.infrastructure.milvus_store.MilvusStore object at 0x0000028E69F91400>[0m

  File "[32mC:\bi ye she ji\backend\src\infrastructure\[0m[32m[1mmilvus_store.py[0m", line [33m95[0m, in [35m_get_client[0m
    [35m[1mraise[0m [1mVectorStoreError[0m[1m([0m[36mf"[0m[36mMilvus 连接失败（[0m[1m{[0m[1mself[0m[35m[1m.[0m[1m_uri[0m[1m}[0m[36m）：[0m[1m{[0m[1mexc[0m[1m}[0m[36m"[0m[1m)[0m [35m[1mfrom[0m [1mexc[0m
    [36m      │                               │    └ [0m[36m[1m'http://localhost:19530'[0m
    [36m      │                               └ [0m[36m[1m<src.infrastructure.milvus_store.MilvusStore object at 0x0000028E69F91400>[0m
    [36m      └ [0m[36m[1m<class 'src.infrastructure.milvus_store.VectorStoreError'>[0m

[31m[1msrc.infrastructure.milvus_store.VectorStoreError[0m:[1m Milvus 连接失败（http://localhost:19530）：<MilvusException: (code=2, message=Fail connecting to server on localhost:19530, illegal connection params or server unavailable)>[0m


[1mThe above exception was the direct cause of the following exception:[0m


[33m[1mTraceback (most recent call last):[0m

  File "C:\Users\Administrator\AppData\Local\Programs\Python\Python313\Lib\threading.py", line 1015, in _bootstrap
    self._bootstrap_inner()
    │    └ <function Thread._bootstrap_inner at 0x0000028E636BD940>
    └ <WorkerThread(AnyIO worker thread, started 24468)>
  File "C:\Users\Administrator\AppData\Local\Programs\Python\Python313\Lib\threading.py", line 1044, in _bootstrap_inner
    self.run()
    │    └ <function WorkerThread.run at 0x0000028E6A001B20>
    └ <WorkerThread(AnyIO worker thread, started 24468)>
  File "C:\bi ye she ji\backend\venv\Lib\site-packages\anyio\_backends\_asyncio.py", line 1100, in run
    result = context.run(func, *args)
             │       │   │      └ ()
             │       │   └ functools.partial(<function _run_vectorize_safely at 0x0000028E6944EE80>, 'f8c2473d-3ecf-4ca2-adbd-b2dca4c5d857')
             │       └ <method 'run' of '_contextvars.Context' objects>
             └ <_contextvars.Context object at 0x0000028E68A701C0>

> File "[32mC:\bi ye she ji\backend\src\api\routes\[0m[32m[1mdocuments.py[0m", line [33m131[0m, in [35m_run_vectorize_safely[0m
    [1mrun_vectorize[0m[1m([0m[1mdoc_id[0m[1m)[0m
    [36m│             └ [0m[36m[1m'f8c2473d-3ecf-4ca2-adbd-b2dca4c5d857'[0m
    [36m└ [0m[36m[1m<function run_vectorize at 0x0000028E6A012200>[0m

  File "[32mC:\bi ye she ji\backend\src\application\[0m[32m[1mindex_runner.py[0m", line [33m43[0m, in [35mrun_vectorize[0m
    [35m[1mreturn[0m [1masyncio[0m[35m[1m.[0m[1mrun[0m[1m([0m[1m_run[0m[1m([0m[1m)[0m[1m)[0m
    [36m       │       │   └ [0m[36m[1m<function run_vectorize.<locals>._run at 0x0000028E7EE71DA0>[0m
    [36m       │       └ [0m[36m[1m<function run at 0x0000028E655719E0>[0m
    [36m       └ [0m[36m[1m<module 'asyncio' from 'C:\\Users\\Administrator\\AppData\\Local\\Programs\\Python\\Python313\\Lib\\asyncio\\__init__.py'>[0m

  File "C:\Users\Administrator\AppData\Local\Programs\Python\Python313\Lib\asyncio\runners.py", line 196, in run
    return runner.run(main)
           │      │   └ <coroutine object run_vectorize.<locals>._run at 0x0000028E6A0CAF00>
           │      └ <function Runner.run at 0x0000028E659AFEC0>
           └ <asyncio.runners.Runner object at 0x0000028E604A76A0>
  File "C:\Users\Administrator\AppData\Local\Programs\Python\Python313\Lib\asyncio\runners.py", line 119, in run
    return self._loop.run_until_complete(task)
           │    │                        └ <Task finished name='Task-227' coro=<run_vectorize.<locals>._run() done, defined at C:\bi ye she ji\backend\src\application\i...
           │    └ None
           └ <asyncio.runners.Runner object at 0x0000028E604A76A0>
  File "C:\Users\Administrator\AppData\Local\Programs\Python\Python313\Lib\asyncio\base_events.py", line 725, in run_until_complete
    return future.result()
           │      └ <method 'result' of '_asyncio.Task' objects>
           └ <Task finished name='Task-227' coro=<run_vectorize.<locals>._run() done, defined at C:\bi ye she ji\backend\src\application\i...

  File "[32mC:\bi ye she ji\backend\src\application\[0m[32m[1mindex_runner.py[0m", line [33m32[0m, in [35m_run[0m
    [1mdoc[0m [35m[1m=[0m [35m[1mawait[0m [1mservice[0m[35m[1m.[0m[1mrun[0m[1m([0m[1muuid[0m[35m[1m.[0m[1mUUID[0m[1m([0m[1mdoc_id[0m[1m)[0m[1m)[0m
    [36m            │       │   │    │    └ [0m[36m[1m'f8c2473d-3ecf-4ca2-adbd-b2dca4c5d857'[0m
    [36m            │       │   │    └ [0m[36m[1m<class 'uuid.UUID'>[0m
    [36m            │       │   └ [0m[36m[1m<module 'uuid' from 'C:\\Users\\Administrator\\AppData\\Local\\Programs\\Python\\Python313\\Lib\\uuid.py'>[0m
    [36m            │       └ [0m[36m[1m<function IndexingService.run at 0x0000028E6A0128E0>[0m
    [36m            └ [0m[36m[1m<src.application.indexing_service.IndexingService object at 0x0000028E604A6BA0>[0m

  File "[32mC:\bi ye she ji\backend\src\application\[0m[32m[1mindexing_service.py[0m", line [33m87[0m, in [35mrun[0m
    [35m[1mraise[0m [1mAppException[0m[1m([0m[34m[1m422[0m[1m,[0m [36mf"[0m[36m向量化失败：[0m[1m{[0m[1mexc[0m[1m}[0m[36m"[0m[1m)[0m [35m[1mfrom[0m [1mexc[0m
    [36m      └ [0m[36m[1m<class 'src.core.exceptions.AppException'>[0m

[31m[1msrc.core.exceptions.AppException[0m:[1m 向量化失败：Milvus 连接失败（http://localhost:19530）：<MilvusException: (code=2, message=Fail connecting to server on localhost:19530, illegal connection params or server unavailable)>[0m
[32m2026-09-06 11:48:15.087[0m | [1mINFO    [0m | [36msrc.application.index_runner[0m:[36m41[0m - [1m开始向量化文档 doc_id=186ee5f9-442a-471f-96c5-b73feb81628b[0m
2026-09-06 11:48:23,655 [ERROR][_create_connection]: Failed to create new connection using: 02ad8243cf4648b186703b60953866ab (milvus_client.py:852)
[32m2026-09-06 11:48:23.656[0m | [31m[1mERROR   [0m | [36msrc.application.indexing_service[0m:[36m85[0m - [31m[1m文档向量化失败 doc_id=9d82402c-3d4f-45d9-81c4-d7abec5a98cc: Milvus 连接失败（http://localhost:19530）：<MilvusException: (code=2, message=Fail connecting to server on localhost:19530, illegal connection params or server unavailable)>[0m
[32m2026-09-06 11:48:23.683[0m | [31m[1mERROR   [0m | [36msrc.api.routes.documents[0m:[36m133[0m - [31m[1m后台向量化任务执行失败 doc_id=9d82402c-3d4f-45d9-81c4-d7abec5a98cc[0m
[33m[1mTraceback (most recent call last):[0m

  File "[32mC:\bi ye she ji\backend\src\infrastructure\[0m[32m[1mmilvus_store.py[0m", line [33m93[0m, in [35m_get_client[0m
    [1mself[0m[35m[1m.[0m[1m_client[0m [35m[1m=[0m [1mMilvusClient[0m[1m([0m[1muri[0m[35m[1m=[0m[1mself[0m[35m[1m.[0m[1m_uri[0m[1m)[0m
    [36m│    │         │                │    └ [0m[36m[1m'http://localhost:19530'[0m
    [36m│    │         │                └ [0m[36m[1m<src.infrastructure.milvus_store.MilvusStore object at 0x0000028E69F91400>[0m
    [36m│    │         └ [0m[36m[1m<class 'pymilvus.milvus_client.milvus_client.MilvusClient'>[0m
    [36m│    └ [0m[36m[1mNone[0m
    [36m└ [0m[36m[1m<src.infrastructure.milvus_store.MilvusStore object at 0x0000028E69F91400>[0m

  File "C:\bi ye she ji\backend\venv\Lib\site-packages\pymilvus\milvus_client\milvus_client.py", line 65, in __init__
    self._using = self._create_connection(
    │             │    └ <function MilvusClient._create_connection at 0x0000028E60909260>
    │             └ <pymilvus.milvus_client.milvus_client.MilvusClient object at 0x0000028E60B85700>
    └ <pymilvus.milvus_client.milvus_client.MilvusClient object at 0x0000028E60B85700>
  File "C:\bi ye she ji\backend\venv\Lib\site-packages\pymilvus\milvus_client\milvus_client.py", line 853, in _create_connection
    raise ex from ex
  File "C:\bi ye she ji\backend\venv\Lib\site-packages\pymilvus\milvus_client\milvus_client.py", line 850, in _create_connection
    connections.connect(using, user, password, db_name, token, uri=uri, **kwargs)
    │           │       │      │     │         │        │          │      └ {'timeout': None}
    │           │       │      │     │         │        │          └ 'http://localhost:19530'
    │           │       │      │     │         │        └ ''
    │           │       │      │     │         └ ''
    │           │       │      │     └ ''
    │           │       │      └ ''
    │           │       └ '02ad8243cf4648b186703b60953866ab'
    │           └ <function Connections.connect at 0x0000028E6051A0C0>
    └ <pymilvus.orm.connections.Connections object at 0x0000028E604D12B0>
  File "C:\bi ye she ji\backend\venv\Lib\site-packages\pymilvus\orm\connections.py", line 461, in connect
    connect_milvus(**kwargs, user=user, password=password, token=token, db_name=db_name)
    │                │            │              │               │              └ ''
    │                │            │              │               └ ''
    │                │            │              └ ''
    │                │            └ ''
    │                └ {'timeout': None, 'address': 'localhost:19530'}
    └ <function Connections.connect.<locals>.connect_milvus at 0x0000028E6A13D1C0>
  File "C:\bi ye she ji\backend\venv\Lib\site-packages\pymilvus\orm\connections.py", line 411, in connect_milvus
    gh._wait_for_channel_ready(timeout=timeout)
    │  │                               └ 10.0
    │  └ <function GrpcHandler._wait_for_channel_ready at 0x0000028E604BFC40>
    └ <pymilvus.client.grpc_handler.GrpcHandler object at 0x0000028E60B7D550>
  File "C:\bi ye she ji\backend\venv\Lib\site-packages\pymilvus\client\grpc_handler.py", line 154, in _wait_for_channel_ready
    raise MilvusException(
          └ <class 'pymilvus.exceptions.MilvusException'>

[31m[1mpymilvus.exceptions.MilvusException[0m:[1m <MilvusException: (code=2, message=Fail connecting to server on localhost:19530, illegal connection params or server unavailable)>[0m


[1mThe above exception was the direct cause of the following exception:[0m


[33m[1mTraceback (most recent call last):[0m

  File "[32mC:\bi ye she ji\backend\src\application\[0m[32m[1mindexing_service.py[0m", line [33m83[0m, in [35mrun[0m
    [35m[1mawait[0m [1masyncio[0m[35m[1m.[0m[1mto_thread[0m[1m([0m[1mself[0m[35m[1m.[0m[1m_write_milvus[0m[1m,[0m [1mstr[0m[1m([0m[1mdoc[0m[35m[1m.[0m[1mid[0m[1m)[0m[1m,[0m [1mrows[0m[1m)[0m
    [36m      │       │         │    │                  │   │    └ [0m[36m[1m[VectorRow(id='dd151f1e-5525-4cd5-9ad7-8fd10c2987d8', doc_id='9d82402c-3d4f-45d9-81c4-d7abec5a98cc', kb_id='1c2da347-8035-4b1...[0m
    [36m      │       │         │    │                  │   └ [0m[36m[1m<sqlalchemy.orm.attributes.InstrumentedAttribute object at 0x0000028E68DDE660>[0m
    [36m      │       │         │    │                  └ [0m[36m[1m<src.domain.models.Document object at 0x0000028E7E8CF3E0>[0m
    [36m      │       │         │    └ [0m[36m[1m<function IndexingService._write_milvus at 0x0000028E6A012A20>[0m
    [36m      │       │         └ [0m[36m[1m<src.application.indexing_service.IndexingService object at 0x0000028E60B86150>[0m
    [36m      │       └ [0m[36m[1m<function to_thread at 0x0000028E659B4540>[0m
    [36m      └ [0m[36m[1m<module 'asyncio' from 'C:\\Users\\Administrator\\AppData\\Local\\Programs\\Python\\Python313\\Lib\\asyncio\\__init__.py'>[0m

  File "C:\Users\Administrator\AppData\Local\Programs\Python\Python313\Lib\asyncio\threads.py", line 26, in to_thread
    return await loop.run_in_executor(None, func_call)
                 │    │                     └ functools.partial(<built-in method run of _contextvars.Context object at 0x0000028E7E7EF300>, <bound method IndexingService._...
                 │    └ <function BaseEventLoop.run_in_executor at 0x0000028E659AE2A0>
                 └ <ProactorEventLoop running=False closed=True debug=False>
  File "C:\Users\Administrator\AppData\Local\Programs\Python\Python313\Lib\concurrent\futures\thread.py", line 59, in run
    result = self.fn(*self.args, **self.kwargs)
             │        │            └ None
             │        └ None
             └ None

  File "[32mC:\bi ye she ji\backend\src\application\[0m[32m[1mindexing_service.py[0m", line [33m130[0m, in [35m_write_milvus[0m
    [1mself[0m[35m[1m.[0m[1mstore[0m[35m[1m.[0m[1mensure_collection[0m[1m([0m[1m)[0m
    [36m│    │     └ [0m[36m[1m<function MilvusStore.ensure_collection at 0x0000028E69436160>[0m
    [36m│    └ [0m[36m[1m<src.infrastructure.milvus_store.MilvusStore object at 0x0000028E69F91400>[0m
    [36m└ [0m[36m[1m<src.application.indexing_service.IndexingService object at 0x0000028E60B86150>[0m

  File "[32mC:\bi ye she ji\backend\src\infrastructure\[0m[32m[1mmilvus_store.py[0m", line [33m99[0m, in [35mensure_collection[0m
    [1mclient[0m [35m[1m=[0m [1mself[0m[35m[1m.[0m[1m_get_client[0m[1m([0m[1m)[0m
    [36m         │    └ [0m[36m[1m<function MilvusStore._get_client at 0x0000028E694360C0>[0m
    [36m         └ [0m[36m[1m<src.infrastructure.milvus_store.MilvusStore object at 0x0000028E69F91400>[0m

  File "[32mC:\bi ye she ji\backend\src\infrastructure\[0m[32m[1mmilvus_store.py[0m", line [33m95[0m, in [35m_get_client[0m
    [35m[1mraise[0m [1mVectorStoreError[0m[1m([0m[36mf"[0m[36mMilvus 连接失败（[0m[1m{[0m[1mself[0m[35m[1m.[0m[1m_uri[0m[1m}[0m[36m）：[0m[1m{[0m[1mexc[0m[1m}[0m[36m"[0m[1m)[0m [35m[1mfrom[0m [1mexc[0m
    [36m      │                               │    └ [0m[36m[1m'http://localhost:19530'[0m
    [36m      │                               └ [0m[36m[1m<src.infrastructure.milvus_store.MilvusStore object at 0x0000028E69F91400>[0m
    [36m      └ [0m[36m[1m<class 'src.infrastructure.milvus_store.VectorStoreError'>[0m

[31m[1msrc.infrastructure.milvus_store.VectorStoreError[0m:[1m Milvus 连接失败（http://localhost:19530）：<MilvusException: (code=2, message=Fail connecting to server on localhost:19530, illegal connection params or server unavailable)>[0m


[1mThe above exception was the direct cause of the following exception:[0m


[33m[1mTraceback (most recent call last):[0m

  File "C:\Users\Administrator\AppData\Local\Programs\Python\Python313\Lib\threading.py", line 1015, in _bootstrap
    self._bootstrap_inner()
    │    └ <function Thread._bootstrap_inner at 0x0000028E636BD940>
    └ <WorkerThread(AnyIO worker thread, started 21576)>
  File "C:\Users\Administrator\AppData\Local\Programs\Python\Python313\Lib\threading.py", line 1044, in _bootstrap_inner
    self.run()
    │    └ <function WorkerThread.run at 0x0000028E6A001B20>
    └ <WorkerThread(AnyIO worker thread, started 21576)>
  File "C:\bi ye she ji\backend\venv\Lib\site-packages\anyio\_backends\_asyncio.py", line 1100, in run
    result = context.run(func, *args)
             │       │   │      └ ()
             │       │   └ functools.partial(<function _run_vectorize_safely at 0x0000028E6944EE80>, '9d82402c-3d4f-45d9-81c4-d7abec5a98cc')
             │       └ <method 'run' of '_contextvars.Context' objects>
             └ <_contextvars.Context object at 0x0000028E7EF07E00>

> File "[32mC:\bi ye she ji\backend\src\api\routes\[0m[32m[1mdocuments.py[0m", line [33m131[0m, in [35m_run_vectorize_safely[0m
    [1mrun_vectorize[0m[1m([0m[1mdoc_id[0m[1m)[0m
    [36m│             └ [0m[36m[1m'9d82402c-3d4f-45d9-81c4-d7abec5a98cc'[0m
    [36m└ [0m[36m[1m<function run_vectorize at 0x0000028E6A012200>[0m

  File "[32mC:\bi ye she ji\backend\src\application\[0m[32m[1mindex_runner.py[0m", line [33m43[0m, in [35mrun_vectorize[0m
    [35m[1mreturn[0m [1masyncio[0m[35m[1m.[0m[1mrun[0m[1m([0m[1m_run[0m[1m([0m[1m)[0m[1m)[0m
    [36m       │       │   └ [0m[36m[1m<function run_vectorize.<locals>._run at 0x0000028E7EF6D120>[0m
    [36m       │       └ [0m[36m[1m<function run at 0x0000028E655719E0>[0m
    [36m       └ [0m[36m[1m<module 'asyncio' from 'C:\\Users\\Administrator\\AppData\\Local\\Programs\\Python\\Python313\\Lib\\asyncio\\__init__.py'>[0m

  File "C:\Users\Administrator\AppData\Local\Programs\Python\Python313\Lib\asyncio\runners.py", line 196, in run
    return runner.run(main)
           │      │   └ <coroutine object run_vectorize.<locals>._run at 0x0000028E6A0CB670>
           │      └ <function Runner.run at 0x0000028E659AFEC0>
           └ <asyncio.runners.Runner object at 0x0000028E60BDDF90>
  File "C:\Users\Administrator\AppData\Local\Programs\Python\Python313\Lib\asyncio\runners.py", line 119, in run
    return self._loop.run_until_complete(task)
           │    │                        └ <Task finished name='Task-234' coro=<run_vectorize.<locals>._run() done, defined at C:\bi ye she ji\backend\src\application\i...
           │    └ None
           └ <asyncio.runners.Runner object at 0x0000028E60BDDF90>
  File "C:\Users\Administrator\AppData\Local\Programs\Python\Python313\Lib\asyncio\base_events.py", line 725, in run_until_complete
    return future.result()
           │      └ <method 'result' of '_asyncio.Task' objects>
           └ <Task finished name='Task-234' coro=<run_vectorize.<locals>._run() done, defined at C:\bi ye she ji\backend\src\application\i...

  File "[32mC:\bi ye she ji\backend\src\application\[0m[32m[1mindex_runner.py[0m", line [33m32[0m, in [35m_run[0m
    [1mdoc[0m [35m[1m=[0m [35m[1mawait[0m [1mservice[0m[35m[1m.[0m[1mrun[0m[1m([0m[1muuid[0m[35m[1m.[0m[1mUUID[0m[1m([0m[1mdoc_id[0m[1m)[0m[1m)[0m
    [36m            │       │   │    │    └ [0m[36m[1m'9d82402c-3d4f-45d9-81c4-d7abec5a98cc'[0m
    [36m            │       │   │    └ [0m[36m[1m<class 'uuid.UUID'>[0m
    [36m            │       │   └ [0m[36m[1m<module 'uuid' from 'C:\\Users\\Administrator\\AppData\\Local\\Programs\\Python\\Python313\\Lib\\uuid.py'>[0m
    [36m            │       └ [0m[36m[1m<function IndexingService.run at 0x0000028E6A0128E0>[0m
    [36m            └ [0m[36m[1m<src.application.indexing_service.IndexingService object at 0x0000028E60B86150>[0m

  File "[32mC:\bi ye she ji\backend\src\application\[0m[32m[1mindexing_service.py[0m", line [33m87[0m, in [35mrun[0m
    [35m[1mraise[0m [1mAppException[0m[1m([0m[34m[1m422[0m[1m,[0m [36mf"[0m[36m向量化失败：[0m[1m{[0m[1mexc[0m[1m}[0m[36m"[0m[1m)[0m [35m[1mfrom[0m [1mexc[0m
    [36m      └ [0m[36m[1m<class 'src.core.exceptions.AppException'>[0m

[31m[1msrc.core.exceptions.AppException[0m:[1m 向量化失败：Milvus 连接失败（http://localhost:19530）：<MilvusException: (code=2, message=Fail connecting to server on localhost:19530, illegal connection params or server unavailable)>[0m
[32m2026-09-06 11:48:23.710[0m | [1mINFO    [0m | [36msrc.application.index_runner[0m:[36m41[0m - [1m开始向量化文档 doc_id=04b26665-4a20-4239-98dd-175419e80131[0m
2026-09-06 11:48:34,222 [ERROR][_create_connection]: Failed to create new connection using: f32a8cb79f844156ad1c7514d63b53a3 (milvus_client.py:852)
[32m2026-09-06 11:48:34.223[0m | [31m[1mERROR   [0m | [36msrc.application.indexing_service[0m:[36m85[0m - [31m[1m文档向量化失败 doc_id=dbd710dc-ca0d-4084-9002-e75ca90e4ba9: Milvus 连接失败（http://localhost:19530）：<MilvusException: (code=2, message=Fail connecting to server on localhost:19530, illegal connection params or server unavailable)>[0m
[32m2026-09-06 11:48:34.239[0m | [31m[1mERROR   [0m | [36msrc.api.routes.documents[0m:[36m133[0m - [31m[1m后台向量化任务执行失败 doc_id=dbd710dc-ca0d-4084-9002-e75ca90e4ba9[0m
[33m[1mTraceback (most recent call last):[0m

  File "[32mC:\bi ye she ji\backend\src\infrastructure\[0m[32m[1mmilvus_store.py[0m", line [33m93[0m, in [35m_get_client[0m
    [1mself[0m[35m[1m.[0m[1m_client[0m [35m[1m=[0m [1mMilvusClient[0m[1m([0m[1muri[0m[35m[1m=[0m[1mself[0m[35m[1m.[0m[1m_uri[0m[1m)[0m
    [36m│    │         │                │    └ [0m[36m[1m'http://localhost:19530'[0m
    [36m│    │         │                └ [0m[36m[1m<src.infrastructure.milvus_store.MilvusStore object at 0x0000028E69F91400>[0m
    [36m│    │         └ [0m[36m[1m<class 'pymilvus.milvus_client.milvus_client.MilvusClient'>[0m
    [36m│    └ [0m[36m[1mNone[0m
    [36m└ [0m[36m[1m<src.infrastructure.milvus_store.MilvusStore object at 0x0000028E69F91400>[0m

  File "C:\bi ye she ji\backend\venv\Lib\site-packages\pymilvus\milvus_client\milvus_client.py", line 65, in __init__
    self._using = self._create_connection(
    │             │    └ <function MilvusClient._create_connection at 0x0000028E60909260>
    │             └ <pymilvus.milvus_client.milvus_client.MilvusClient object at 0x0000028E6A0139D0>
    └ <pymilvus.milvus_client.milvus_client.MilvusClient object at 0x0000028E6A0139D0>
  File "C:\bi ye she ji\backend\venv\Lib\site-packages\pymilvus\milvus_client\milvus_client.py", line 853, in _create_connection
    raise ex from ex
  File "C:\bi ye she ji\backend\venv\Lib\site-packages\pymilvus\milvus_client\milvus_client.py", line 850, in _create_connection
    connections.connect(using, user, password, db_name, token, uri=uri, **kwargs)
    │           │       │      │     │         │        │          │      └ {'timeout': None}
    │           │       │      │     │         │        │          └ 'http://localhost:19530'
    │           │       │      │     │         │        └ ''
    │           │       │      │     │         └ ''
    │           │       │      │     └ ''
    │           │       │      └ ''
    │           │       └ 'f32a8cb79f844156ad1c7514d63b53a3'
    │           └ <function Connections.connect at 0x0000028E6051A0C0>
    └ <pymilvus.orm.connections.Connections object at 0x0000028E604D12B0>
  File "C:\bi ye she ji\backend\venv\Lib\site-packages\pymilvus\orm\connections.py", line 461, in connect
    connect_milvus(**kwargs, user=user, password=password, token=token, db_name=db_name)
    │                │            │              │               │              └ ''
    │                │            │              │               └ ''
    │                │            │              └ ''
    │                │            └ ''
    │                └ {'timeout': None, 'address': 'localhost:19530'}
    └ <function Connections.connect.<locals>.connect_milvus at 0x0000028E6A013A60>
  File "C:\bi ye she ji\backend\venv\Lib\site-packages\pymilvus\orm\connections.py", line 411, in connect_milvus
    gh._wait_for_channel_ready(timeout=timeout)
    │  │                               └ 10.0
    │  └ <function GrpcHandler._wait_for_channel_ready at 0x0000028E604BFC40>
    └ <pymilvus.client.grpc_handler.GrpcHandler object at 0x0000028E60B44F30>
  File "C:\bi ye she ji\backend\venv\Lib\site-packages\pymilvus\client\grpc_handler.py", line 154, in _wait_for_channel_ready
    raise MilvusException(
          └ <class 'pymilvus.exceptions.MilvusException'>

[31m[1mpymilvus.exceptions.MilvusException[0m:[1m <MilvusException: (code=2, message=Fail connecting to server on localhost:19530, illegal connection params or server unavailable)>[0m


[1mThe above exception was the direct cause of the following exception:[0m


[33m[1mTraceback (most recent call last):[0m

  File "[32mC:\bi ye she ji\backend\src\application\[0m[32m[1mindexing_service.py[0m", line [33m83[0m, in [35mrun[0m
    [35m[1mawait[0m [1masyncio[0m[35m[1m.[0m[1mto_thread[0m[1m([0m[1mself[0m[35m[1m.[0m[1m_write_milvus[0m[1m,[0m [1mstr[0m[1m([0m[1mdoc[0m[35m[1m.[0m[1mid[0m[1m)[0m[1m,[0m [1mrows[0m[1m)[0m
    [36m      │       │         │    │                  │   │    └ [0m[36m[1m[VectorRow(id='3bb51c99-125a-45f4-97b1-391cf03d87eb', doc_id='dbd710dc-ca0d-4084-9002-e75ca90e4ba9', kb_id='d6f49c7f-6a59-423...[0m
    [36m      │       │         │    │                  │   └ [0m[36m[1m<sqlalchemy.orm.attributes.InstrumentedAttribute object at 0x0000028E68DDE660>[0m
    [36m      │       │         │    │                  └ [0m[36m[1m<src.domain.models.Document object at 0x0000028E689C52E0>[0m
    [36m      │       │         │    └ [0m[36m[1m<function IndexingService._write_milvus at 0x0000028E6A012A20>[0m
    [36m      │       │         └ [0m[36m[1m<src.application.indexing_service.IndexingService object at 0x0000028E60B13390>[0m
    [36m      │       └ [0m[36m[1m<function to_thread at 0x0000028E659B4540>[0m
    [36m      └ [0m[36m[1m<module 'asyncio' from 'C:\\Users\\Administrator\\AppData\\Local\\Programs\\Python\\Python313\\Lib\\asyncio\\__init__.py'>[0m

  File "C:\Users\Administrator\AppData\Local\Programs\Python\Python313\Lib\asyncio\threads.py", line 26, in to_thread
    return await loop.run_in_executor(None, func_call)
                 │    │                     └ functools.partial(<built-in method run of _contextvars.Context object at 0x0000028E68A701C0>, <bound method IndexingService._...
                 │    └ <function BaseEventLoop.run_in_executor at 0x0000028E659AE2A0>
                 └ <ProactorEventLoop running=False closed=True debug=False>
  File "C:\Users\Administrator\AppData\Local\Programs\Python\Python313\Lib\concurrent\futures\thread.py", line 59, in run
    result = self.fn(*self.args, **self.kwargs)
             │        │            └ None
             │        └ None
             └ None

  File "[32mC:\bi ye she ji\backend\src\application\[0m[32m[1mindexing_service.py[0m", line [33m130[0m, in [35m_write_milvus[0m
    [1mself[0m[35m[1m.[0m[1mstore[0m[35m[1m.[0m[1mensure_collection[0m[1m([0m[1m)[0m
    [36m│    │     └ [0m[36m[1m<function MilvusStore.ensure_collection at 0x0000028E69436160>[0m
    [36m│    └ [0m[36m[1m<src.infrastructure.milvus_store.MilvusStore object at 0x0000028E69F91400>[0m
    [36m└ [0m[36m[1m<src.application.indexing_service.IndexingService object at 0x0000028E60B13390>[0m

  File "[32mC:\bi ye she ji\backend\src\infrastructure\[0m[32m[1mmilvus_store.py[0m", line [33m99[0m, in [35mensure_collection[0m
    [1mclient[0m [35m[1m=[0m [1mself[0m[35m[1m.[0m[1m_get_client[0m[1m([0m[1m)[0m
    [36m         │    └ [0m[36m[1m<function MilvusStore._get_client at 0x0000028E694360C0>[0m
    [36m         └ [0m[36m[1m<src.infrastructure.milvus_store.MilvusStore object at 0x0000028E69F91400>[0m

  File "[32mC:\bi ye she ji\backend\src\infrastructure\[0m[32m[1mmilvus_store.py[0m", line [33m95[0m, in [35m_get_client[0m
    [35m[1mraise[0m [1mVectorStoreError[0m[1m([0m[36mf"[0m[36mMilvus 连接失败（[0m[1m{[0m[1mself[0m[35m[1m.[0m[1m_uri[0m[1m}[0m[36m）：[0m[1m{[0m[1mexc[0m[1m}[0m[36m"[0m[1m)[0m [35m[1mfrom[0m [1mexc[0m
    [36m      │                               │    └ [0m[36m[1m'http://localhost:19530'[0m
    [36m      │                               └ [0m[36m[1m<src.infrastructure.milvus_store.MilvusStore object at 0x0000028E69F91400>[0m
    [36m      └ [0m[36m[1m<class 'src.infrastructure.milvus_store.VectorStoreError'>[0m

[31m[1msrc.infrastructure.milvus_store.VectorStoreError[0m:[1m Milvus 连接失败（http://localhost:19530）：<MilvusException: (code=2, message=Fail connecting to server on localhost:19530, illegal connection params or server unavailable)>[0m


[1mThe above exception was the direct cause of the following exception:[0m


[33m[1mTraceback (most recent call last):[0m

  File "C:\Users\Administrator\AppData\Local\Programs\Python\Python313\Lib\threading.py", line 1015, in _bootstrap
    self._bootstrap_inner()
    │    └ <function Thread._bootstrap_inner at 0x0000028E636BD940>
    └ <WorkerThread(AnyIO worker thread, started 25548)>
  File "C:\Users\Administrator\AppData\Local\Programs\Python\Python313\Lib\threading.py", line 1044, in _bootstrap_inner
    self.run()
    │    └ <function WorkerThread.run at 0x0000028E6A001B20>
    └ <WorkerThread(AnyIO worker thread, started 25548)>
  File "C:\bi ye she ji\backend\venv\Lib\site-packages\anyio\_backends\_asyncio.py", line 1100, in run
    result = context.run(func, *args)
             │       │   │      └ ()
             │       │   └ functools.partial(<function _run_vectorize_safely at 0x0000028E6944EE80>, 'dbd710dc-ca0d-4084-9002-e75ca90e4ba9')
             │       └ <method 'run' of '_contextvars.Context' objects>
             └ <_contextvars.Context object at 0x0000028E7F003B80>

> File "[32mC:\bi ye she ji\backend\src\api\routes\[0m[32m[1mdocuments.py[0m", line [33m131[0m, in [35m_run_vectorize_safely[0m
    [1mrun_vectorize[0m[1m([0m[1mdoc_id[0m[1m)[0m
    [36m│             └ [0m[36m[1m'dbd710dc-ca0d-4084-9002-e75ca90e4ba9'[0m
    [36m└ [0m[36m[1m<function run_vectorize at 0x0000028E6A012200>[0m

  File "[32mC:\bi ye she ji\backend\src\application\[0m[32m[1mindex_runner.py[0m", line [33m43[0m, in [35mrun_vectorize[0m
    [35m[1mreturn[0m [1masyncio[0m[35m[1m.[0m[1mrun[0m[1m([0m[1m_run[0m[1m([0m[1m)[0m[1m)[0m
    [36m       │       │   └ [0m[36m[1m<function run_vectorize.<locals>._run at 0x0000028E7F0909A0>[0m
    [36m       │       └ [0m[36m[1m<function run at 0x0000028E655719E0>[0m
    [36m       └ [0m[36m[1m<module 'asyncio' from 'C:\\Users\\Administrator\\AppData\\Local\\Programs\\Python\\Python313\\Lib\\asyncio\\__init__.py'>[0m

  File "C:\Users\Administrator\AppData\Local\Programs\Python\Python313\Lib\asyncio\runners.py", line 196, in run
    return runner.run(main)
           │      │   └ <coroutine object run_vectorize.<locals>._run at 0x0000028E178E6680>
           │      └ <function Runner.run at 0x0000028E659AFEC0>
           └ <asyncio.runners.Runner object at 0x0000028E815E31B0>
  File "C:\Users\Administrator\AppData\Local\Programs\Python\Python313\Lib\asyncio\runners.py", line 119, in run
    return self._loop.run_until_complete(task)
           │    │                        └ <Task finished name='Task-241' coro=<run_vectorize.<locals>._run() done, defined at C:\bi ye she ji\backend\src\application\i...
           │    └ None
           └ <asyncio.runners.Runner object at 0x0000028E815E31B0>
  File "C:\Users\Administrator\AppData\Local\Programs\Python\Python313\Lib\asyncio\base_events.py", line 725, in run_until_complete
    return future.result()
           │      └ <method 'result' of '_asyncio.Task' objects>
           └ <Task finished name='Task-241' coro=<run_vectorize.<locals>._run() done, defined at C:\bi ye she ji\backend\src\application\i...

  File "[32mC:\bi ye she ji\backend\src\application\[0m[32m[1mindex_runner.py[0m", line [33m32[0m, in [35m_run[0m
    [1mdoc[0m [35m[1m=[0m [35m[1mawait[0m [1mservice[0m[35m[1m.[0m[1mrun[0m[1m([0m[1muuid[0m[35m[1m.[0m[1mUUID[0m[1m([0m[1mdoc_id[0m[1m)[0m[1m)[0m
    [36m            │       │   │    │    └ [0m[36m[1m'dbd710dc-ca0d-4084-9002-e75ca90e4ba9'[0m
    [36m            │       │   │    └ [0m[36m[1m<class 'uuid.UUID'>[0m
    [36m            │       │   └ [0m[36m[1m<module 'uuid' from 'C:\\Users\\Administrator\\AppData\\Local\\Programs\\Python\\Python313\\Lib\\uuid.py'>[0m
    [36m            │       └ [0m[36m[1m<function IndexingService.run at 0x0000028E6A0128E0>[0m
    [36m            └ [0m[36m[1m<src.application.indexing_service.IndexingService object at 0x0000028E60B13390>[0m

  File "[32mC:\bi ye she ji\backend\src\application\[0m[32m[1mindexing_service.py[0m", line [33m87[0m, in [35mrun[0m
    [35m[1mraise[0m [1mAppException[0m[1m([0m[34m[1m422[0m[1m,[0m [36mf"[0m[36m向量化失败：[0m[1m{[0m[1mexc[0m[1m}[0m[36m"[0m[1m)[0m [35m[1mfrom[0m [1mexc[0m
    [36m      └ [0m[36m[1m<class 'src.core.exceptions.AppException'>[0m

[31m[1msrc.core.exceptions.AppException[0m:[1m 向量化失败：Milvus 连接失败（http://localhost:19530）：<MilvusException: (code=2, message=Fail connecting to server on localhost:19530, illegal connection params or server unavailable)>[0m
[32m2026-09-06 11:48:34.252[0m | [1mINFO    [0m | [36msrc.application.index_runner[0m:[36m41[0m - [1m开始向量化文档 doc_id=46847018-3b9f-4e5d-9ecb-072ae7c452ea[0m
2026-09-06 11:48:41,692 [ERROR][_create_connection]: Failed to create new connection using: e36a2eaaed7d46ad9256b5bc96a0b710 (milvus_client.py:852)
[32m2026-09-06 11:48:41.695[0m | [31m[1mERROR   [0m | [36msrc.application.indexing_service[0m:[36m85[0m - [31m[1m文档向量化失败 doc_id=16f4c6d8-3414-4acf-8616-646c47f49b00: Milvus 连接失败（http://localhost:19530）：<MilvusException: (code=2, message=Fail connecting to server on localhost:19530, illegal connection params or server unavailable)>[0m
[32m2026-09-06 11:48:41.728[0m | [31m[1mERROR   [0m | [36msrc.api.routes.documents[0m:[36m133[0m - [31m[1m后台向量化任务执行失败 doc_id=16f4c6d8-3414-4acf-8616-646c47f49b00[0m
[33m[1mTraceback (most recent call last):[0m

  File "[32mC:\bi ye she ji\backend\src\infrastructure\[0m[32m[1mmilvus_store.py[0m", line [33m93[0m, in [35m_get_client[0m
    [1mself[0m[35m[1m.[0m[1m_client[0m [35m[1m=[0m [1mMilvusClient[0m[1m([0m[1muri[0m[35m[1m=[0m[1mself[0m[35m[1m.[0m[1m_uri[0m[1m)[0m
    [36m│    │         │                │    └ [0m[36m[1m'http://localhost:19530'[0m
    [36m│    │         │                └ [0m[36m[1m<src.infrastructure.milvus_store.MilvusStore object at 0x0000028E69F91400>[0m
    [36m│    │         └ [0m[36m[1m<class 'pymilvus.milvus_client.milvus_client.MilvusClient'>[0m
    [36m│    └ [0m[36m[1mNone[0m
    [36m└ [0m[36m[1m<src.infrastructure.milvus_store.MilvusStore object at 0x0000028E69F91400>[0m

  File "C:\bi ye she ji\backend\venv\Lib\site-packages\pymilvus\milvus_client\milvus_client.py", line 65, in __init__
    self._using = self._create_connection(
    │             │    └ <function MilvusClient._create_connection at 0x0000028E60909260>
    │             └ <pymilvus.milvus_client.milvus_client.MilvusClient object at 0x0000028E60BF4B90>
    └ <pymilvus.milvus_client.milvus_client.MilvusClient object at 0x0000028E60BF4B90>
  File "C:\bi ye she ji\backend\venv\Lib\site-packages\pymilvus\milvus_client\milvus_client.py", line 853, in _create_connection
    raise ex from ex
  File "C:\bi ye she ji\backend\venv\Lib\site-packages\pymilvus\milvus_client\milvus_client.py", line 850, in _create_connection
    connections.connect(using, user, password, db_name, token, uri=uri, **kwargs)
    │           │       │      │     │         │        │          │      └ {'timeout': None}
    │           │       │      │     │         │        │          └ 'http://localhost:19530'
    │           │       │      │     │         │        └ ''
    │           │       │      │     │         └ ''
    │           │       │      │     └ ''
    │           │       │      └ ''
    │           │       └ 'e36a2eaaed7d46ad9256b5bc96a0b710'
    │           └ <function Connections.connect at 0x0000028E6051A0C0>
    └ <pymilvus.orm.connections.Connections object at 0x0000028E604D12B0>
  File "C:\bi ye she ji\backend\venv\Lib\site-packages\pymilvus\orm\connections.py", line 461, in connect
    connect_milvus(**kwargs, user=user, password=password, token=token, db_name=db_name)
    │                │            │              │               │              └ ''
    │                │            │              │               └ ''
    │                │            │              └ ''
    │                │            └ ''
    │                └ {'timeout': None, 'address': 'localhost:19530'}
    └ <function Connections.connect.<locals>.connect_milvus at 0x0000028E60BF4CC0>
  File "C:\bi ye she ji\backend\venv\Lib\site-packages\pymilvus\orm\connections.py", line 411, in connect_milvus
    gh._wait_for_channel_ready(timeout=timeout)
    │  │                               └ 10.0
    │  └ <function GrpcHandler._wait_for_channel_ready at 0x0000028E604BFC40>
    └ <pymilvus.client.grpc_handler.GrpcHandler object at 0x0000028E6A113770>
  File "C:\bi ye she ji\backend\venv\Lib\site-packages\pymilvus\client\grpc_handler.py", line 154, in _wait_for_channel_ready
    raise MilvusException(
          └ <class 'pymilvus.exceptions.MilvusException'>

[31m[1mpymilvus.exceptions.MilvusException[0m:[1m <MilvusException: (code=2, message=Fail connecting to server on localhost:19530, illegal connection params or server unavailable)>[0m


[1mThe above exception was the direct cause of the following exception:[0m


[33m[1mTraceback (most recent call last):[0m

  File "[32mC:\bi ye she ji\backend\src\application\[0m[32m[1mindexing_service.py[0m", line [33m83[0m, in [35mrun[0m
    [35m[1mawait[0m [1masyncio[0m[35m[1m.[0m[1mto_thread[0m[1m([0m[1mself[0m[35m[1m.[0m[1m_write_milvus[0m[1m,[0m [1mstr[0m[1m([0m[1mdoc[0m[35m[1m.[0m[1mid[0m[1m)[0m[1m,[0m [1mrows[0m[1m)[0m
    [36m      │       │         │    │                  │   │    └ [0m[36m[1m[VectorRow(id='83bc56f0-ab02-42b1-ba6c-8ed1df4222e4', doc_id='16f4c6d8-3414-4acf-8616-646c47f49b00', kb_id='f49b77f8-a0f6-46f...[0m
    [36m      │       │         │    │                  │   └ [0m[36m[1m<sqlalchemy.orm.attributes.InstrumentedAttribute object at 0x0000028E68DDE660>[0m
    [36m      │       │         │    │                  └ [0m[36m[1m<src.domain.models.Document object at 0x0000028E689C6620>[0m
    [36m      │       │         │    └ [0m[36m[1m<function IndexingService._write_milvus at 0x0000028E6A012A20>[0m
    [36m      │       │         └ [0m[36m[1m<src.application.indexing_service.IndexingService object at 0x0000028E60B80CD0>[0m
    [36m      │       └ [0m[36m[1m<function to_thread at 0x0000028E659B4540>[0m
    [36m      └ [0m[36m[1m<module 'asyncio' from 'C:\\Users\\Administrator\\AppData\\Local\\Programs\\Python\\Python313\\Lib\\asyncio\\__init__.py'>[0m

  File "C:\Users\Administrator\AppData\Local\Programs\Python\Python313\Lib\asyncio\threads.py", line 26, in to_thread
    return await loop.run_in_executor(None, func_call)
                 │    │                     └ functools.partial(<built-in method run of _contextvars.Context object at 0x0000028E7E95E440>, <bound method IndexingService._...
                 │    └ <function BaseEventLoop.run_in_executor at 0x0000028E659AE2A0>
                 └ <ProactorEventLoop running=False closed=True debug=False>
  File "C:\Users\Administrator\AppData\Local\Programs\Python\Python313\Lib\concurrent\futures\thread.py", line 59, in run
    result = self.fn(*self.args, **self.kwargs)
             │        │            └ None
             │        └ None
             └ None

  File "[32mC:\bi ye she ji\backend\src\application\[0m[32m[1mindexing_service.py[0m", line [33m130[0m, in [35m_write_milvus[0m
    [1mself[0m[35m[1m.[0m[1mstore[0m[35m[1m.[0m[1mensure_collection[0m[1m([0m[1m)[0m
    [36m│    │     └ [0m[36m[1m<function MilvusStore.ensure_collection at 0x0000028E69436160>[0m
    [36m│    └ [0m[36m[1m<src.infrastructure.milvus_store.MilvusStore object at 0x0000028E69F91400>[0m
    [36m└ [0m[36m[1m<src.application.indexing_service.IndexingService object at 0x0000028E60B80CD0>[0m

  File "[32mC:\bi ye she ji\backend\src\infrastructure\[0m[32m[1mmilvus_store.py[0m", line [33m99[0m, in [35mensure_collection[0m
    [1mclient[0m [35m[1m=[0m [1mself[0m[35m[1m.[0m[1m_get_client[0m[1m([0m[1m)[0m
    [36m         │    └ [0m[36m[1m<function MilvusStore._get_client at 0x0000028E694360C0>[0m
    [36m         └ [0m[36m[1m<src.infrastructure.milvus_store.MilvusStore object at 0x0000028E69F91400>[0m

  File "[32mC:\bi ye she ji\backend\src\infrastructure\[0m[32m[1mmilvus_store.py[0m", line [33m95[0m, in [35m_get_client[0m
    [35m[1mraise[0m [1mVectorStoreError[0m[1m([0m[36mf"[0m[36mMilvus 连接失败（[0m[1m{[0m[1mself[0m[35m[1m.[0m[1m_uri[0m[1m}[0m[36m）：[0m[1m{[0m[1mexc[0m[1m}[0m[36m"[0m[1m)[0m [35m[1mfrom[0m [1mexc[0m
    [36m      │                               │    └ [0m[36m[1m'http://localhost:19530'[0m
    [36m      │                               └ [0m[36m[1m<src.infrastructure.milvus_store.MilvusStore object at 0x0000028E69F91400>[0m
    [36m      └ [0m[36m[1m<class 'src.infrastructure.milvus_store.VectorStoreError'>[0m

[31m[1msrc.infrastructure.milvus_store.VectorStoreError[0m:[1m Milvus 连接失败（http://localhost:19530）：<MilvusException: (code=2, message=Fail connecting to server on localhost:19530, illegal connection params or server unavailable)>[0m


[1mThe above exception was the direct cause of the following exception:[0m


[33m[1mTraceback (most recent call last):[0m

  File "C:\Users\Administrator\AppData\Local\Programs\Python\Python313\Lib\threading.py", line 1015, in _bootstrap
    self._bootstrap_inner()
    │    └ <function Thread._bootstrap_inner at 0x0000028E636BD940>
    └ <WorkerThread(AnyIO worker thread, started 8572)>
  File "C:\Users\Administrator\AppData\Local\Programs\Python\Python313\Lib\threading.py", line 1044, in _bootstrap_inner
    self.run()
    │    └ <function WorkerThread.run at 0x0000028E6A001B20>
    └ <WorkerThread(AnyIO worker thread, started 8572)>
  File "C:\bi ye she ji\backend\venv\Lib\site-packages\anyio\_backends\_asyncio.py", line 1100, in run
    result = context.run(func, *args)
             │       │   │      └ ()
             │       │   └ functools.partial(<function _run_vectorize_safely at 0x0000028E6944EE80>, '16f4c6d8-3414-4acf-8616-646c47f49b00')
             │       └ <method 'run' of '_contextvars.Context' objects>
             └ <_contextvars.Context object at 0x0000028E68A56CC0>

> File "[32mC:\bi ye she ji\backend\src\api\routes\[0m[32m[1mdocuments.py[0m", line [33m131[0m, in [35m_run_vectorize_safely[0m
    [1mrun_vectorize[0m[1m([0m[1mdoc_id[0m[1m)[0m
    [36m│             └ [0m[36m[1m'16f4c6d8-3414-4acf-8616-646c47f49b00'[0m
    [36m└ [0m[36m[1m<function run_vectorize at 0x0000028E6A012200>[0m

  File "[32mC:\bi ye she ji\backend\src\application\[0m[32m[1mindex_runner.py[0m", line [33m43[0m, in [35mrun_vectorize[0m
    [35m[1mreturn[0m [1masyncio[0m[35m[1m.[0m[1mrun[0m[1m([0m[1m_run[0m[1m([0m[1m)[0m[1m)[0m
    [36m       │       │   └ [0m[36m[1m<function run_vectorize.<locals>._run at 0x0000028E01C7E340>[0m
    [36m       │       └ [0m[36m[1m<function run at 0x0000028E655719E0>[0m
    [36m       └ [0m[36m[1m<module 'asyncio' from 'C:\\Users\\Administrator\\AppData\\Local\\Programs\\Python\\Python313\\Lib\\asyncio\\__init__.py'>[0m

  File "C:\Users\Administrator\AppData\Local\Programs\Python\Python313\Lib\asyncio\runners.py", line 196, in run
    return runner.run(main)
           │      │   └ <coroutine object run_vectorize.<locals>._run at 0x0000028E6A02E460>
           │      └ <function Runner.run at 0x0000028E659AFEC0>
           └ <asyncio.runners.Runner object at 0x0000028E609DBAD0>
  File "C:\Users\Administrator\AppData\Local\Programs\Python\Python313\Lib\asyncio\runners.py", line 119, in run
    return self._loop.run_until_complete(task)
           │    │                        └ <Task finished name='Task-248' coro=<run_vectorize.<locals>._run() done, defined at C:\bi ye she ji\backend\src\application\i...
           │    └ None
           └ <asyncio.runners.Runner object at 0x0000028E609DBAD0>
  File "C:\Users\Administrator\AppData\Local\Programs\Python\Python313\Lib\asyncio\base_events.py", line 725, in run_until_complete
    return future.result()
           │      └ <method 'result' of '_asyncio.Task' objects>
           └ <Task finished name='Task-248' coro=<run_vectorize.<locals>._run() done, defined at C:\bi ye she ji\backend\src\application\i...

  File "[32mC:\bi ye she ji\backend\src\application\[0m[32m[1mindex_runner.py[0m", line [33m32[0m, in [35m_run[0m
    [1mdoc[0m [35m[1m=[0m [35m[1mawait[0m [1mservice[0m[35m[1m.[0m[1mrun[0m[1m([0m[1muuid[0m[35m[1m.[0m[1mUUID[0m[1m([0m[1mdoc_id[0m[1m)[0m[1m)[0m
    [36m            │       │   │    │    └ [0m[36m[1m'16f4c6d8-3414-4acf-8616-646c47f49b00'[0m
    [36m            │       │   │    └ [0m[36m[1m<class 'uuid.UUID'>[0m
    [36m            │       │   └ [0m[36m[1m<module 'uuid' from 'C:\\Users\\Administrator\\AppData\\Local\\Programs\\Python\\Python313\\Lib\\uuid.py'>[0m
    [36m            │       └ [0m[36m[1m<function IndexingService.run at 0x0000028E6A0128E0>[0m
    [36m            └ [0m[36m[1m<src.application.indexing_service.IndexingService object at 0x0000028E60B80CD0>[0m

  File "[32mC:\bi ye she ji\backend\src\application\[0m[32m[1mindexing_service.py[0m", line [33m87[0m, in [35mrun[0m
    [35m[1mraise[0m [1mAppException[0m[1m([0m[34m[1m422[0m[1m,[0m [36mf"[0m[36m向量化失败：[0m[1m{[0m[1mexc[0m[1m}[0m[36m"[0m[1m)[0m [35m[1mfrom[0m [1mexc[0m
    [36m      └ [0m[36m[1m<class 'src.core.exceptions.AppException'>[0m

[31m[1msrc.core.exceptions.AppException[0m:[1m 向量化失败：Milvus 连接失败（http://localhost:19530）：<MilvusException: (code=2, message=Fail connecting to server on localhost:19530, illegal connection params or server unavailable)>[0m
[32m2026-09-06 11:48:41.761[0m | [1mINFO    [0m | [36msrc.application.index_runner[0m:[36m41[0m - [1m开始向量化文档 doc_id=2d0dbfb3-0417-44dc-9e6f-00f60e46022c[0m
2026-09-06 11:48:53,022 [ERROR][_create_connection]: Failed to create new connection using: da07cd91f30142078a4b85dfdd5710f3 (milvus_client.py:852)
[32m2026-09-06 11:48:53.024[0m | [31m[1mERROR   [0m | [36msrc.application.indexing_service[0m:[36m85[0m - [31m[1m文档向量化失败 doc_id=001f1822-0b62-4a68-b26f-dfb2643b4f92: Milvus 连接失败（http://localhost:19530）：<MilvusException: (code=2, message=Fail connecting to server on localhost:19530, illegal connection params or server unavailable)>[0m
[32m2026-09-06 11:48:53.051[0m | [31m[1mERROR   [0m | [36msrc.api.routes.documents[0m:[36m133[0m - [31m[1m后台向量化任务执行失败 doc_id=001f1822-0b62-4a68-b26f-dfb2643b4f92[0m
[33m[1mTraceback (most recent call last):[0m

  File "[32mC:\bi ye she ji\backend\src\infrastructure\[0m[32m[1mmilvus_store.py[0m", line [33m93[0m, in [35m_get_client[0m
    [1mself[0m[35m[1m.[0m[1m_client[0m [35m[1m=[0m [1mMilvusClient[0m[1m([0m[1muri[0m[35m[1m=[0m[1mself[0m[35m[1m.[0m[1m_uri[0m[1m)[0m
    [36m│    │         │                │    └ [0m[36m[1m'http://localhost:19530'[0m
    [36m│    │         │                └ [0m[36m[1m<src.infrastructure.milvus_store.MilvusStore object at 0x0000028E69F91400>[0m
    [36m│    │         └ [0m[36m[1m<class 'pymilvus.milvus_client.milvus_client.MilvusClient'>[0m
    [36m│    └ [0m[36m[1mNone[0m
    [36m└ [0m[36m[1m<src.infrastructure.milvus_store.MilvusStore object at 0x0000028E69F91400>[0m

  File "C:\bi ye she ji\backend\venv\Lib\site-packages\pymilvus\milvus_client\milvus_client.py", line 65, in __init__
    self._using = self._create_connection(
    │             │    └ <function MilvusClient._create_connection at 0x0000028E60909260>
    │             └ <pymilvus.milvus_client.milvus_client.MilvusClient object at 0x0000028E7EFF5910>
    └ <pymilvus.milvus_client.milvus_client.MilvusClient object at 0x0000028E7EFF5910>
  File "C:\bi ye she ji\backend\venv\Lib\site-packages\pymilvus\milvus_client\milvus_client.py", line 853, in _create_connection
    raise ex from ex
  File "C:\bi ye she ji\backend\venv\Lib\site-packages\pymilvus\milvus_client\milvus_client.py", line 850, in _create_connection
    connections.connect(using, user, password, db_name, token, uri=uri, **kwargs)
    │           │       │      │     │         │        │          │      └ {'timeout': None}
    │           │       │      │     │         │        │          └ 'http://localhost:19530'
    │           │       │      │     │         │        └ ''
    │           │       │      │     │         └ ''
    │           │       │      │     └ ''
    │           │       │      └ ''
    │           │       └ 'da07cd91f30142078a4b85dfdd5710f3'
    │           └ <function Connections.connect at 0x0000028E6051A0C0>
    └ <pymilvus.orm.connections.Connections object at 0x0000028E604D12B0>
  File "C:\bi ye she ji\backend\venv\Lib\site-packages\pymilvus\orm\connections.py", line 461, in connect
    connect_milvus(**kwargs, user=user, password=password, token=token, db_name=db_name)
    │                │            │              │               │              └ ''
    │                │            │              │               └ ''
    │                │            │              └ ''
    │                │            └ ''
    │                └ {'timeout': None, 'address': 'localhost:19530'}
    └ <function Connections.connect.<locals>.connect_milvus at 0x0000028E60B94B80>
  File "C:\bi ye she ji\backend\venv\Lib\site-packages\pymilvus\orm\connections.py", line 411, in connect_milvus
    gh._wait_for_channel_ready(timeout=timeout)
    │  │                               └ 10.0
    │  └ <function GrpcHandler._wait_for_channel_ready at 0x0000028E604BFC40>
    └ <pymilvus.client.grpc_handler.GrpcHandler object at 0x0000028E69F70750>
  File "C:\bi ye she ji\backend\venv\Lib\site-packages\pymilvus\client\grpc_handler.py", line 154, in _wait_for_channel_ready
    raise MilvusException(
          └ <class 'pymilvus.exceptions.MilvusException'>

[31m[1mpymilvus.exceptions.MilvusException[0m:[1m <MilvusException: (code=2, message=Fail connecting to server on localhost:19530, illegal connection params or server unavailable)>[0m


[1mThe above exception was the direct cause of the following exception:[0m


[33m[1mTraceback (most recent call last):[0m

  File "[32mC:\bi ye she ji\backend\src\application\[0m[32m[1mindexing_service.py[0m", line [33m83[0m, in [35mrun[0m
    [35m[1mawait[0m [1masyncio[0m[35m[1m.[0m[1mto_thread[0m[1m([0m[1mself[0m[35m[1m.[0m[1m_write_milvus[0m[1m,[0m [1mstr[0m[1m([0m[1mdoc[0m[35m[1m.[0m[1mid[0m[1m)[0m[1m,[0m [1mrows[0m[1m)[0m
    [36m      │       │         │    │                  │   │    └ [0m[36m[1m[VectorRow(id='2168514b-2f90-4f52-b5e2-3c5114819211', doc_id='001f1822-0b62-4a68-b26f-dfb2643b4f92', kb_id='7ddb51df-de9f-40d...[0m
    [36m      │       │         │    │                  │   └ [0m[36m[1m<sqlalchemy.orm.attributes.InstrumentedAttribute object at 0x0000028E68DDE660>[0m
    [36m      │       │         │    │                  └ [0m[36m[1m<src.domain.models.Document object at 0x0000028E60B843C0>[0m
    [36m      │       │         │    └ [0m[36m[1m<function IndexingService._write_milvus at 0x0000028E6A012A20>[0m
    [36m      │       │         └ [0m[36m[1m<src.application.indexing_service.IndexingService object at 0x0000028E7C9763C0>[0m
    [36m      │       └ [0m[36m[1m<function to_thread at 0x0000028E659B4540>[0m
    [36m      └ [0m[36m[1m<module 'asyncio' from 'C:\\Users\\Administrator\\AppData\\Local\\Programs\\Python\\Python313\\Lib\\asyncio\\__init__.py'>[0m

  File "C:\Users\Administrator\AppData\Local\Programs\Python\Python313\Lib\asyncio\threads.py", line 26, in to_thread
    return await loop.run_in_executor(None, func_call)
                 │    │                     └ functools.partial(<built-in method run of _contextvars.Context object at 0x0000028E614534C0>, <bound method IndexingService._...
                 │    └ <function BaseEventLoop.run_in_executor at 0x0000028E659AE2A0>
                 └ <ProactorEventLoop running=False closed=True debug=False>
  File "C:\Users\Administrator\AppData\Local\Programs\Python\Python313\Lib\concurrent\futures\thread.py", line 59, in run
    result = self.fn(*self.args, **self.kwargs)
             │        │            └ None
             │        └ None
             └ None

  File "[32mC:\bi ye she ji\backend\src\application\[0m[32m[1mindexing_service.py[0m", line [33m130[0m, in [35m_write_milvus[0m
    [1mself[0m[35m[1m.[0m[1mstore[0m[35m[1m.[0m[1mensure_collection[0m[1m([0m[1m)[0m
    [36m│    │     └ [0m[36m[1m<function MilvusStore.ensure_collection at 0x0000028E69436160>[0m
    [36m│    └ [0m[36m[1m<src.infrastructure.milvus_store.MilvusStore object at 0x0000028E69F91400>[0m
    [36m└ [0m[36m[1m<src.application.indexing_service.IndexingService object at 0x0000028E7C9763C0>[0m

  File "[32mC:\bi ye she ji\backend\src\infrastructure\[0m[32m[1mmilvus_store.py[0m", line [33m99[0m, in [35mensure_collection[0m
    [1mclient[0m [35m[1m=[0m [1mself[0m[35m[1m.[0m[1m_get_client[0m[1m([0m[1m)[0m
    [36m         │    └ [0m[36m[1m<function MilvusStore._get_client at 0x0000028E694360C0>[0m
    [36m         └ [0m[36m[1m<src.infrastructure.milvus_store.MilvusStore object at 0x0000028E69F91400>[0m

  File "[32mC:\bi ye she ji\backend\src\infrastructure\[0m[32m[1mmilvus_store.py[0m", line [33m95[0m, in [35m_get_client[0m
    [35m[1mraise[0m [1mVectorStoreError[0m[1m([0m[36mf"[0m[36mMilvus 连接失败（[0m[1m{[0m[1mself[0m[35m[1m.[0m[1m_uri[0m[1m}[0m[36m）：[0m[1m{[0m[1mexc[0m[1m}[0m[36m"[0m[1m)[0m [35m[1mfrom[0m [1mexc[0m
    [36m      │                               │    └ [0m[36m[1m'http://localhost:19530'[0m
    [36m      │                               └ [0m[36m[1m<src.infrastructure.milvus_store.MilvusStore object at 0x0000028E69F91400>[0m
    [36m      └ [0m[36m[1m<class 'src.infrastructure.milvus_store.VectorStoreError'>[0m

[31m[1msrc.infrastructure.milvus_store.VectorStoreError[0m:[1m Milvus 连接失败（http://localhost:19530）：<MilvusException: (code=2, message=Fail connecting to server on localhost:19530, illegal connection params or server unavailable)>[0m


[1mThe above exception was the direct cause of the following exception:[0m


[33m[1mTraceback (most recent call last):[0m

  File "C:\Users\Administrator\AppData\Local\Programs\Python\Python313\Lib\threading.py", line 1015, in _bootstrap
    self._bootstrap_inner()
    │    └ <function Thread._bootstrap_inner at 0x0000028E636BD940>
    └ <WorkerThread(AnyIO worker thread, started 7232)>
  File "C:\Users\Administrator\AppData\Local\Programs\Python\Python313\Lib\threading.py", line 1044, in _bootstrap_inner
    self.run()
    │    └ <function WorkerThread.run at 0x0000028E6A001B20>
    └ <WorkerThread(AnyIO worker thread, started 7232)>
  File "C:\bi ye she ji\backend\venv\Lib\site-packages\anyio\_backends\_asyncio.py", line 1100, in run
    result = context.run(func, *args)
             │       │   │      └ ()
             │       │   └ functools.partial(<function _run_vectorize_safely at 0x0000028E6944EE80>, '001f1822-0b62-4a68-b26f-dfb2643b4f92')
             │       └ <method 'run' of '_contextvars.Context' objects>
             └ <_contextvars.Context object at 0x0000028E01C98200>

> File "[32mC:\bi ye she ji\backend\src\api\routes\[0m[32m[1mdocuments.py[0m", line [33m131[0m, in [35m_run_vectorize_safely[0m
    [1mrun_vectorize[0m[1m([0m[1mdoc_id[0m[1m)[0m
    [36m│             └ [0m[36m[1m'001f1822-0b62-4a68-b26f-dfb2643b4f92'[0m
    [36m└ [0m[36m[1m<function run_vectorize at 0x0000028E6A012200>[0m

  File "[32mC:\bi ye she ji\backend\src\application\[0m[32m[1mindex_runner.py[0m", line [33m43[0m, in [35mrun_vectorize[0m
    [35m[1mreturn[0m [1masyncio[0m[35m[1m.[0m[1mrun[0m[1m([0m[1m_run[0m[1m([0m[1m)[0m[1m)[0m
    [36m       │       │   └ [0m[36m[1m<function run_vectorize.<locals>._run at 0x0000028E68A002C0>[0m
    [36m       │       └ [0m[36m[1m<function run at 0x0000028E655719E0>[0m
    [36m       └ [0m[36m[1m<module 'asyncio' from 'C:\\Users\\Administrator\\AppData\\Local\\Programs\\Python\\Python313\\Lib\\asyncio\\__init__.py'>[0m

  File "C:\Users\Administrator\AppData\Local\Programs\Python\Python313\Lib\asyncio\runners.py", line 196, in run
    return runner.run(main)
           │      │   └ <coroutine object run_vectorize.<locals>._run at 0x0000028E6899FBC0>
           │      └ <function Runner.run at 0x0000028E659AFEC0>
           └ <asyncio.runners.Runner object at 0x0000028E68A2B3D0>
  File "C:\Users\Administrator\AppData\Local\Programs\Python\Python313\Lib\asyncio\runners.py", line 119, in run
    return self._loop.run_until_complete(task)
           │    │                        └ <Task finished name='Task-255' coro=<run_vectorize.<locals>._run() done, defined at C:\bi ye she ji\backend\src\application\i...
           │    └ None
           └ <asyncio.runners.Runner object at 0x0000028E68A2B3D0>
  File "C:\Users\Administrator\AppData\Local\Programs\Python\Python313\Lib\asyncio\base_events.py", line 725, in run_until_complete
    return future.result()
           │      └ <method 'result' of '_asyncio.Task' objects>
           └ <Task finished name='Task-255' coro=<run_vectorize.<locals>._run() done, defined at C:\bi ye she ji\backend\src\application\i...

  File "[32mC:\bi ye she ji\backend\src\application\[0m[32m[1mindex_runner.py[0m", line [33m32[0m, in [35m_run[0m
    [1mdoc[0m [35m[1m=[0m [35m[1mawait[0m [1mservice[0m[35m[1m.[0m[1mrun[0m[1m([0m[1muuid[0m[35m[1m.[0m[1mUUID[0m[1m([0m[1mdoc_id[0m[1m)[0m[1m)[0m
    [36m            │       │   │    │    └ [0m[36m[1m'001f1822-0b62-4a68-b26f-dfb2643b4f92'[0m
    [36m            │       │   │    └ [0m[36m[1m<class 'uuid.UUID'>[0m
    [36m            │       │   └ [0m[36m[1m<module 'uuid' from 'C:\\Users\\Administrator\\AppData\\Local\\Programs\\Python\\Python313\\Lib\\uuid.py'>[0m
    [36m            │       └ [0m[36m[1m<function IndexingService.run at 0x0000028E6A0128E0>[0m
    [36m            └ [0m[36m[1m<src.application.indexing_service.IndexingService object at 0x0000028E7C9763C0>[0m

  File "[32mC:\bi ye she ji\backend\src\application\[0m[32m[1mindexing_service.py[0m", line [33m87[0m, in [35mrun[0m
    [35m[1mraise[0m [1mAppException[0m[1m([0m[34m[1m422[0m[1m,[0m [36mf"[0m[36m向量化失败：[0m[1m{[0m[1mexc[0m[1m}[0m[36m"[0m[1m)[0m [35m[1mfrom[0m [1mexc[0m
    [36m      └ [0m[36m[1m<class 'src.core.exceptions.AppException'>[0m

[31m[1msrc.core.exceptions.AppException[0m:[1m 向量化失败：Milvus 连接失败（http://localhost:19530）：<MilvusException: (code=2, message=Fail connecting to server on localhost:19530, illegal connection params or server unavailable)>[0m
[32m2026-09-06 11:48:53.079[0m | [1mINFO    [0m | [36msrc.application.index_runner[0m:[36m41[0m - [1m开始向量化文档 doc_id=963d09eb-0189-4dbe-b669-35fb8b932ffd[0m
2026-09-06 11:49:02,408 [ERROR][_create_connection]: Failed to create new connection using: 00a855dc83c44da69bb7dfc8e3ec99ad (milvus_client.py:852)
[32m2026-09-06 11:49:02.411[0m | [31m[1mERROR   [0m | [36msrc.application.indexing_service[0m:[36m85[0m - [31m[1m文档向量化失败 doc_id=43c40937-9c0b-4c08-b905-f2b8f959d27b: Milvus 连接失败（http://localhost:19530）：<MilvusException: (code=2, message=Fail connecting to server on localhost:19530, illegal connection params or server unavailable)>[0m
[32m2026-09-06 11:49:02.535[0m | [31m[1mERROR   [0m | [36msrc.api.routes.documents[0m:[36m133[0m - [31m[1m后台向量化任务执行失败 doc_id=43c40937-9c0b-4c08-b905-f2b8f959d27b[0m
[33m[1mTraceback (most recent call last):[0m

  File "[32mC:\bi ye she ji\backend\src\infrastructure\[0m[32m[1mmilvus_store.py[0m", line [33m93[0m, in [35m_get_client[0m
    [1mself[0m[35m[1m.[0m[1m_client[0m [35m[1m=[0m [1mMilvusClient[0m[1m([0m[1muri[0m[35m[1m=[0m[1mself[0m[35m[1m.[0m[1m_uri[0m[1m)[0m
    [36m│    │         │                │    └ [0m[36m[1m'http://localhost:19530'[0m
    [36m│    │         │                └ [0m[36m[1m<src.infrastructure.milvus_store.MilvusStore object at 0x0000028E69F91400>[0m
    [36m│    │         └ [0m[36m[1m<class 'pymilvus.milvus_client.milvus_client.MilvusClient'>[0m
    [36m│    └ [0m[36m[1mNone[0m
    [36m└ [0m[36m[1m<src.infrastructure.milvus_store.MilvusStore object at 0x0000028E69F91400>[0m

  File "C:\bi ye she ji\backend\venv\Lib\site-packages\pymilvus\milvus_client\milvus_client.py", line 65, in __init__
    self._using = self._create_connection(
    │             │    └ <function MilvusClient._create_connection at 0x0000028E60909260>
    │             └ <pymilvus.milvus_client.milvus_client.MilvusClient object at 0x0000028E01C9EAD0>
    └ <pymilvus.milvus_client.milvus_client.MilvusClient object at 0x0000028E01C9EAD0>
  File "C:\bi ye she ji\backend\venv\Lib\site-packages\pymilvus\milvus_client\milvus_client.py", line 853, in _create_connection
    raise ex from ex
  File "C:\bi ye she ji\backend\venv\Lib\site-packages\pymilvus\milvus_client\milvus_client.py", line 850, in _create_connection
    connections.connect(using, user, password, db_name, token, uri=uri, **kwargs)
    │           │       │      │     │         │        │          │      └ {'timeout': None}
    │           │       │      │     │         │        │          └ 'http://localhost:19530'
    │           │       │      │     │         │        └ ''
    │           │       │      │     │         └ ''
    │           │       │      │     └ ''
    │           │       │      └ ''
    │           │       └ '00a855dc83c44da69bb7dfc8e3ec99ad'
    │           └ <function Connections.connect at 0x0000028E6051A0C0>
    └ <pymilvus.orm.connections.Connections object at 0x0000028E604D12B0>
  File "C:\bi ye she ji\backend\venv\Lib\site-packages\pymilvus\orm\connections.py", line 461, in connect
    connect_milvus(**kwargs, user=user, password=password, token=token, db_name=db_name)
    │                │            │              │               │              └ ''
    │                │            │              │               └ ''
    │                │            │              └ ''
    │                │            └ ''
    │                └ {'timeout': None, 'address': 'localhost:19530'}
    └ <function Connections.connect.<locals>.connect_milvus at 0x0000028E60B26020>
  File "C:\bi ye she ji\backend\venv\Lib\site-packages\pymilvus\orm\connections.py", line 411, in connect_milvus
    gh._wait_for_channel_ready(timeout=timeout)
    │  │                               └ 10.0
    │  └ <function GrpcHandler._wait_for_channel_ready at 0x0000028E604BFC40>
    └ <pymilvus.client.grpc_handler.GrpcHandler object at 0x0000028E6095FE70>
  File "C:\bi ye she ji\backend\venv\Lib\site-packages\pymilvus\client\grpc_handler.py", line 154, in _wait_for_channel_ready
    raise MilvusException(
          └ <class 'pymilvus.exceptions.MilvusException'>

[31m[1mpymilvus.exceptions.MilvusException[0m:[1m <MilvusException: (code=2, message=Fail connecting to server on localhost:19530, illegal connection params or server unavailable)>[0m


[1mThe above exception was the direct cause of the following exception:[0m


[33m[1mTraceback (most recent call last):[0m

  File "[32mC:\bi ye she ji\backend\src\application\[0m[32m[1mindexing_service.py[0m", line [33m83[0m, in [35mrun[0m
    [35m[1mawait[0m [1masyncio[0m[35m[1m.[0m[1mto_thread[0m[1m([0m[1mself[0m[35m[1m.[0m[1m_write_milvus[0m[1m,[0m [1mstr[0m[1m([0m[1mdoc[0m[35m[1m.[0m[1mid[0m[1m)[0m[1m,[0m [1mrows[0m[1m)[0m
    [36m      │       │         │    │                  │   │    └ [0m[36m[1m[VectorRow(id='c0755eb2-c063-4f2c-80c8-7ec7f65df426', doc_id='43c40937-9c0b-4c08-b905-f2b8f959d27b', kb_id='c687997b-547b-4e9...[0m
    [36m      │       │         │    │                  │   └ [0m[36m[1m<sqlalchemy.orm.attributes.InstrumentedAttribute object at 0x0000028E68DDE660>[0m
    [36m      │       │         │    │                  └ [0m[36m[1m<src.domain.models.Document object at 0x0000028E60B845D0>[0m
    [36m      │       │         │    └ [0m[36m[1m<function IndexingService._write_milvus at 0x0000028E6A012A20>[0m
    [36m      │       │         └ [0m[36m[1m<src.application.indexing_service.IndexingService object at 0x0000028E609F0CD0>[0m
    [36m      │       └ [0m[36m[1m<function to_thread at 0x0000028E659B4540>[0m
    [36m      └ [0m[36m[1m<module 'asyncio' from 'C:\\Users\\Administrator\\AppData\\Local\\Programs\\Python\\Python313\\Lib\\asyncio\\__init__.py'>[0m

  File "C:\Users\Administrator\AppData\Local\Programs\Python\Python313\Lib\asyncio\threads.py", line 26, in to_thread
    return await loop.run_in_executor(None, func_call)
                 │    │                     └ functools.partial(<built-in method run of _contextvars.Context object at 0x0000028E6142BE80>, <bound method IndexingService._...
                 │    └ <function BaseEventLoop.run_in_executor at 0x0000028E659AE2A0>
                 └ <ProactorEventLoop running=False closed=True debug=False>
  File "C:\Users\Administrator\AppData\Local\Programs\Python\Python313\Lib\concurrent\futures\thread.py", line 59, in run
    result = self.fn(*self.args, **self.kwargs)
             │        │            └ None
             │        └ None
             └ None

  File "[32mC:\bi ye she ji\backend\src\application\[0m[32m[1mindexing_service.py[0m", line [33m130[0m, in [35m_write_milvus[0m
    [1mself[0m[35m[1m.[0m[1mstore[0m[35m[1m.[0m[1mensure_collection[0m[1m([0m[1m)[0m
    [36m│    │     └ [0m[36m[1m<function MilvusStore.ensure_collection at 0x0000028E69436160>[0m
    [36m│    └ [0m[36m[1m<src.infrastructure.milvus_store.MilvusStore object at 0x0000028E69F91400>[0m
    [36m└ [0m[36m[1m<src.application.indexing_service.IndexingService object at 0x0000028E609F0CD0>[0m

  File "[32mC:\bi ye she ji\backend\src\infrastructure\[0m[32m[1mmilvus_store.py[0m", line [33m99[0m, in [35mensure_collection[0m
    [1mclient[0m [35m[1m=[0m [1mself[0m[35m[1m.[0m[1m_get_client[0m[1m([0m[1m)[0m
    [36m         │    └ [0m[36m[1m<function MilvusStore._get_client at 0x0000028E694360C0>[0m
    [36m         └ [0m[36m[1m<src.infrastructure.milvus_store.MilvusStore object at 0x0000028E69F91400>[0m

  File "[32mC:\bi ye she ji\backend\src\infrastructure\[0m[32m[1mmilvus_store.py[0m", line [33m95[0m, in [35m_get_client[0m
    [35m[1mraise[0m [1mVectorStoreError[0m[1m([0m[36mf"[0m[36mMilvus 连接失败（[0m[1m{[0m[1mself[0m[35m[1m.[0m[1m_uri[0m[1m}[0m[36m）：[0m[1m{[0m[1mexc[0m[1m}[0m[36m"[0m[1m)[0m [35m[1mfrom[0m [1mexc[0m
    [36m      │                               │    └ [0m[36m[1m'http://localhost:19530'[0m
    [36m      │                               └ [0m[36m[1m<src.infrastructure.milvus_store.MilvusStore object at 0x0000028E69F91400>[0m
    [36m      └ [0m[36m[1m<class 'src.infrastructure.milvus_store.VectorStoreError'>[0m

[31m[1msrc.infrastructure.milvus_store.VectorStoreError[0m:[1m Milvus 连接失败（http://localhost:19530）：<MilvusException: (code=2, message=Fail connecting to server on localhost:19530, illegal connection params or server unavailable)>[0m


[1mThe above exception was the direct cause of the following exception:[0m


[33m[1mTraceback (most recent call last):[0m

  File "C:\Users\Administrator\AppData\Local\Programs\Python\Python313\Lib\threading.py", line 1015, in _bootstrap
    self._bootstrap_inner()
    │    └ <function Thread._bootstrap_inner at 0x0000028E636BD940>
    └ <WorkerThread(AnyIO worker thread, started 2284)>
  File "C:\Users\Administrator\AppData\Local\Programs\Python\Python313\Lib\threading.py", line 1044, in _bootstrap_inner
    self.run()
    │    └ <function WorkerThread.run at 0x0000028E6A001B20>
    └ <WorkerThread(AnyIO worker thread, started 2284)>
  File "C:\bi ye she ji\backend\venv\Lib\site-packages\anyio\_backends\_asyncio.py", line 1100, in run
    result = context.run(func, *args)
             │       │   │      └ ()
             │       │   └ functools.partial(<function _run_vectorize_safely at 0x0000028E6944EE80>, '43c40937-9c0b-4c08-b905-f2b8f959d27b')
             │       └ <method 'run' of '_contextvars.Context' objects>
             └ <_contextvars.Context object at 0x0000028E01B11A00>

> File "[32mC:\bi ye she ji\backend\src\api\routes\[0m[32m[1mdocuments.py[0m", line [33m131[0m, in [35m_run_vectorize_safely[0m
    [1mrun_vectorize[0m[1m([0m[1mdoc_id[0m[1m)[0m
    [36m│             └ [0m[36m[1m'43c40937-9c0b-4c08-b905-f2b8f959d27b'[0m
    [36m└ [0m[36m[1m<function run_vectorize at 0x0000028E6A012200>[0m

  File "[32mC:\bi ye she ji\backend\src\application\[0m[32m[1mindex_runner.py[0m", line [33m43[0m, in [35mrun_vectorize[0m
    [35m[1mreturn[0m [1masyncio[0m[35m[1m.[0m[1mrun[0m[1m([0m[1m_run[0m[1m([0m[1m)[0m[1m)[0m
    [36m       │       │   └ [0m[36m[1m<function run_vectorize.<locals>._run at 0x0000028E01CB3B00>[0m
    [36m       │       └ [0m[36m[1m<function run at 0x0000028E655719E0>[0m
    [36m       └ [0m[36m[1m<module 'asyncio' from 'C:\\Users\\Administrator\\AppData\\Local\\Programs\\Python\\Python313\\Lib\\asyncio\\__init__.py'>[0m

  File "C:\Users\Administrator\AppData\Local\Programs\Python\Python313\Lib\asyncio\runners.py", line 196, in run
    return runner.run(main)
           │      │   └ <coroutine object run_vectorize.<locals>._run at 0x0000028E60983BC0>
           │      └ <function Runner.run at 0x0000028E659AFEC0>
           └ <asyncio.runners.Runner object at 0x0000028E609DE8D0>
  File "C:\Users\Administrator\AppData\Local\Programs\Python\Python313\Lib\asyncio\runners.py", line 119, in run
    return self._loop.run_until_complete(task)
           │    │                        └ <Task finished name='Task-262' coro=<run_vectorize.<locals>._run() done, defined at C:\bi ye she ji\backend\src\application\i...
           │    └ None
           └ <asyncio.runners.Runner object at 0x0000028E609DE8D0>
  File "C:\Users\Administrator\AppData\Local\Programs\Python\Python313\Lib\asyncio\base_events.py", line 725, in run_until_complete
    return future.result()
           │      └ <method 'result' of '_asyncio.Task' objects>
           └ <Task finished name='Task-262' coro=<run_vectorize.<locals>._run() done, defined at C:\bi ye she ji\backend\src\application\i...

  File "[32mC:\bi ye she ji\backend\src\application\[0m[32m[1mindex_runner.py[0m", line [33m32[0m, in [35m_run[0m
    [1mdoc[0m [35m[1m=[0m [35m[1mawait[0m [1mservice[0m[35m[1m.[0m[1mrun[0m[1m([0m[1muuid[0m[35m[1m.[0m[1mUUID[0m[1m([0m[1mdoc_id[0m[1m)[0m[1m)[0m
    [36m            │       │   │    │    └ [0m[36m[1m'43c40937-9c0b-4c08-b905-f2b8f959d27b'[0m
    [36m            │       │   │    └ [0m[36m[1m<class 'uuid.UUID'>[0m
    [36m            │       │   └ [0m[36m[1m<module 'uuid' from 'C:\\Users\\Administrator\\AppData\\Local\\Programs\\Python\\Python313\\Lib\\uuid.py'>[0m
    [36m            │       └ [0m[36m[1m<function IndexingService.run at 0x0000028E6A0128E0>[0m
    [36m            └ [0m[36m[1m<src.application.indexing_service.IndexingService object at 0x0000028E609F0CD0>[0m

  File "[32mC:\bi ye she ji\backend\src\application\[0m[32m[1mindexing_service.py[0m", line [33m87[0m, in [35mrun[0m
    [35m[1mraise[0m [1mAppException[0m[1m([0m[34m[1m422[0m[1m,[0m [36mf"[0m[36m向量化失败：[0m[1m{[0m[1mexc[0m[1m}[0m[36m"[0m[1m)[0m [35m[1mfrom[0m [1mexc[0m
    [36m      └ [0m[36m[1m<class 'src.core.exceptions.AppException'>[0m

[31m[1msrc.core.exceptions.AppException[0m:[1m 向量化失败：Milvus 连接失败（http://localhost:19530）：<MilvusException: (code=2, message=Fail connecting to server on localhost:19530, illegal connection params or server unavailable)>[0m
[32m2026-09-06 11:49:02.572[0m | [1mINFO    [0m | [36msrc.application.index_runner[0m:[36m41[0m - [1m开始向量化文档 doc_id=ea4f066e-cbca-4326-ad8a-790b6aa182a6[0m
2026-09-06 11:49:17,337 [ERROR][_create_connection]: Failed to create new connection using: f2e55a0c19e24ef2854244dff67bf678 (milvus_client.py:852)
[32m2026-09-06 11:49:17.339[0m | [31m[1mERROR   [0m | [36msrc.application.indexing_service[0m:[36m85[0m - [31m[1m文档向量化失败 doc_id=a0841b7a-9edd-4415-9dc2-29d1ce967610: Milvus 连接失败（http://localhost:19530）：<MilvusException: (code=2, message=Fail connecting to server on localhost:19530, illegal connection params or server unavailable)>[0m
[32m2026-09-06 11:49:17.380[0m | [31m[1mERROR   [0m | [36msrc.api.routes.documents[0m:[36m133[0m - [31m[1m后台向量化任务执行失败 doc_id=a0841b7a-9edd-4415-9dc2-29d1ce967610[0m
[33m[1mTraceback (most recent call last):[0m

  File "[32mC:\bi ye she ji\backend\src\infrastructure\[0m[32m[1mmilvus_store.py[0m", line [33m93[0m, in [35m_get_client[0m
    [1mself[0m[35m[1m.[0m[1m_client[0m [35m[1m=[0m [1mMilvusClient[0m[1m([0m[1muri[0m[35m[1m=[0m[1mself[0m[35m[1m.[0m[1m_uri[0m[1m)[0m
    [36m│    │         │                │    └ [0m[36m[1m'http://localhost:19530'[0m
    [36m│    │         │                └ [0m[36m[1m<src.infrastructure.milvus_store.MilvusStore object at 0x0000028E69F91400>[0m
    [36m│    │         └ [0m[36m[1m<class 'pymilvus.milvus_client.milvus_client.MilvusClient'>[0m
    [36m│    └ [0m[36m[1mNone[0m
    [36m└ [0m[36m[1m<src.infrastructure.milvus_store.MilvusStore object at 0x0000028E69F91400>[0m

  File "C:\bi ye she ji\backend\venv\Lib\site-packages\pymilvus\milvus_client\milvus_client.py", line 65, in __init__
    self._using = self._create_connection(
    │             │    └ <function MilvusClient._create_connection at 0x0000028E60909260>
    │             └ <pymilvus.milvus_client.milvus_client.MilvusClient object at 0x0000028E609F0ED0>
    └ <pymilvus.milvus_client.milvus_client.MilvusClient object at 0x0000028E609F0ED0>
  File "C:\bi ye she ji\backend\venv\Lib\site-packages\pymilvus\milvus_client\milvus_client.py", line 853, in _create_connection
    raise ex from ex
  File "C:\bi ye she ji\backend\venv\Lib\site-packages\pymilvus\milvus_client\milvus_client.py", line 850, in _create_connection
    connections.connect(using, user, password, db_name, token, uri=uri, **kwargs)
    │           │       │      │     │         │        │          │      └ {'timeout': None}
    │           │       │      │     │         │        │          └ 'http://localhost:19530'
    │           │       │      │     │         │        └ ''
    │           │       │      │     │         └ ''
    │           │       │      │     └ ''
    │           │       │      └ ''
    │           │       └ 'f2e55a0c19e24ef2854244dff67bf678'
    │           └ <function Connections.connect at 0x0000028E6051A0C0>
    └ <pymilvus.orm.connections.Connections object at 0x0000028E604D12B0>
  File "C:\bi ye she ji\backend\venv\Lib\site-packages\pymilvus\orm\connections.py", line 461, in connect
    connect_milvus(**kwargs, user=user, password=password, token=token, db_name=db_name)
    │                │            │              │               │              └ ''
    │                │            │              │               └ ''
    │                │            │              └ ''
    │                │            └ ''
    │                └ {'timeout': None, 'address': 'localhost:19530'}
    └ <function Connections.connect.<locals>.connect_milvus at 0x0000028E8163EFC0>
  File "C:\bi ye she ji\backend\venv\Lib\site-packages\pymilvus\orm\connections.py", line 411, in connect_milvus
    gh._wait_for_channel_ready(timeout=timeout)
    │  │                               └ 10.0
    │  └ <function GrpcHandler._wait_for_channel_ready at 0x0000028E604BFC40>
    └ <pymilvus.client.grpc_handler.GrpcHandler object at 0x0000028E81648F30>
  File "C:\bi ye she ji\backend\venv\Lib\site-packages\pymilvus\client\grpc_handler.py", line 154, in _wait_for_channel_ready
    raise MilvusException(
          └ <class 'pymilvus.exceptions.MilvusException'>

[31m[1mpymilvus.exceptions.MilvusException[0m:[1m <MilvusException: (code=2, message=Fail connecting to server on localhost:19530, illegal connection params or server unavailable)>[0m


[1mThe above exception was the direct cause of the following exception:[0m


[33m[1mTraceback (most recent call last):[0m

  File "[32mC:\bi ye she ji\backend\src\application\[0m[32m[1mindexing_service.py[0m", line [33m83[0m, in [35mrun[0m
    [35m[1mawait[0m [1masyncio[0m[35m[1m.[0m[1mto_thread[0m[1m([0m[1mself[0m[35m[1m.[0m[1m_write_milvus[0m[1m,[0m [1mstr[0m[1m([0m[1mdoc[0m[35m[1m.[0m[1mid[0m[1m)[0m[1m,[0m [1mrows[0m[1m)[0m
    [36m      │       │         │    │                  │   │    └ [0m[36m[1m[VectorRow(id='3e7c4926-8a08-48a9-9f0a-a204e1e6462d', doc_id='a0841b7a-9edd-4415-9dc2-29d1ce967610', kb_id='c16e6dff-9340-40f...[0m
    [36m      │       │         │    │                  │   └ [0m[36m[1m<sqlalchemy.orm.attributes.InstrumentedAttribute object at 0x0000028E68DDE660>[0m
    [36m      │       │         │    │                  └ [0m[36m[1m<src.domain.models.Document object at 0x0000028E60B86FC0>[0m
    [36m      │       │         │    └ [0m[36m[1m<function IndexingService._write_milvus at 0x0000028E6A012A20>[0m
    [36m      │       │         └ [0m[36m[1m<src.application.indexing_service.IndexingService object at 0x0000028E60B018D0>[0m
    [36m      │       └ [0m[36m[1m<function to_thread at 0x0000028E659B4540>[0m
    [36m      └ [0m[36m[1m<module 'asyncio' from 'C:\\Users\\Administrator\\AppData\\Local\\Programs\\Python\\Python313\\Lib\\asyncio\\__init__.py'>[0m

  File "C:\Users\Administrator\AppData\Local\Programs\Python\Python313\Lib\asyncio\threads.py", line 26, in to_thread
    return await loop.run_in_executor(None, func_call)
                 │    │                     └ functools.partial(<built-in method run of _contextvars.Context object at 0x0000028E614485C0>, <bound method IndexingService._...
                 │    └ <function BaseEventLoop.run_in_executor at 0x0000028E659AE2A0>
                 └ <ProactorEventLoop running=False closed=True debug=False>
  File "C:\Users\Administrator\AppData\Local\Programs\Python\Python313\Lib\concurrent\futures\thread.py", line 59, in run
    result = self.fn(*self.args, **self.kwargs)
             │        │            └ None
             │        └ None
             └ None

  File "[32mC:\bi ye she ji\backend\src\application\[0m[32m[1mindexing_service.py[0m", line [33m130[0m, in [35m_write_milvus[0m
    [1mself[0m[35m[1m.[0m[1mstore[0m[35m[1m.[0m[1mensure_collection[0m[1m([0m[1m)[0m
    [36m│    │     └ [0m[36m[1m<function MilvusStore.ensure_collection at 0x0000028E69436160>[0m
    [36m│    └ [0m[36m[1m<src.infrastructure.milvus_store.MilvusStore object at 0x0000028E69F91400>[0m
    [36m└ [0m[36m[1m<src.application.indexing_service.IndexingService object at 0x0000028E60B018D0>[0m

  File "[32mC:\bi ye she ji\backend\src\infrastructure\[0m[32m[1mmilvus_store.py[0m", line [33m99[0m, in [35mensure_collection[0m
    [1mclient[0m [35m[1m=[0m [1mself[0m[35m[1m.[0m[1m_get_client[0m[1m([0m[1m)[0m
    [36m         │    └ [0m[36m[1m<function MilvusStore._get_client at 0x0000028E694360C0>[0m
    [36m         └ [0m[36m[1m<src.infrastructure.milvus_store.MilvusStore object at 0x0000028E69F91400>[0m

  File "[32mC:\bi ye she ji\backend\src\infrastructure\[0m[32m[1mmilvus_store.py[0m", line [33m95[0m, in [35m_get_client[0m
    [35m[1mraise[0m [1mVectorStoreError[0m[1m([0m[36mf"[0m[36mMilvus 连接失败（[0m[1m{[0m[1mself[0m[35m[1m.[0m[1m_uri[0m[1m}[0m[36m）：[0m[1m{[0m[1mexc[0m[1m}[0m[36m"[0m[1m)[0m [35m[1mfrom[0m [1mexc[0m
    [36m      │                               │    └ [0m[36m[1m'http://localhost:19530'[0m
    [36m      │                               └ [0m[36m[1m<src.infrastructure.milvus_store.MilvusStore object at 0x0000028E69F91400>[0m
    [36m      └ [0m[36m[1m<class 'src.infrastructure.milvus_store.VectorStoreError'>[0m

[31m[1msrc.infrastructure.milvus_store.VectorStoreError[0m:[1m Milvus 连接失败（http://localhost:19530）：<MilvusException: (code=2, message=Fail connecting to server on localhost:19530, illegal connection params or server unavailable)>[0m


[1mThe above exception was the direct cause of the following exception:[0m


[33m[1mTraceback (most recent call last):[0m

  File "C:\Users\Administrator\AppData\Local\Programs\Python\Python313\Lib\threading.py", line 1015, in _bootstrap
    self._bootstrap_inner()
    │    └ <function Thread._bootstrap_inner at 0x0000028E636BD940>
    └ <WorkerThread(AnyIO worker thread, started 4304)>
  File "C:\Users\Administrator\AppData\Local\Programs\Python\Python313\Lib\threading.py", line 1044, in _bootstrap_inner
    self.run()
    │    └ <function WorkerThread.run at 0x0000028E6A001B20>
    └ <WorkerThread(AnyIO worker thread, started 4304)>
  File "C:\bi ye she ji\backend\venv\Lib\site-packages\anyio\_backends\_asyncio.py", line 1100, in run
    result = context.run(func, *args)
             │       │   │      └ ()
             │       │   └ functools.partial(<function _run_vectorize_safely at 0x0000028E6944EE80>, 'a0841b7a-9edd-4415-9dc2-29d1ce967610')
             │       └ <method 'run' of '_contextvars.Context' objects>
             └ <_contextvars.Context object at 0x0000028E01B13000>

> File "[32mC:\bi ye she ji\backend\src\api\routes\[0m[32m[1mdocuments.py[0m", line [33m131[0m, in [35m_run_vectorize_safely[0m
    [1mrun_vectorize[0m[1m([0m[1mdoc_id[0m[1m)[0m
    [36m│             └ [0m[36m[1m'a0841b7a-9edd-4415-9dc2-29d1ce967610'[0m
    [36m└ [0m[36m[1m<function run_vectorize at 0x0000028E6A012200>[0m

  File "[32mC:\bi ye she ji\backend\src\application\[0m[32m[1mindex_runner.py[0m", line [33m43[0m, in [35mrun_vectorize[0m
    [35m[1mreturn[0m [1masyncio[0m[35m[1m.[0m[1mrun[0m[1m([0m[1m_run[0m[1m([0m[1m)[0m[1m)[0m
    [36m       │       │   └ [0m[36m[1m<function run_vectorize.<locals>._run at 0x0000028E01B1A0C0>[0m
    [36m       │       └ [0m[36m[1m<function run at 0x0000028E655719E0>[0m
    [36m       └ [0m[36m[1m<module 'asyncio' from 'C:\\Users\\Administrator\\AppData\\Local\\Programs\\Python\\Python313\\Lib\\asyncio\\__init__.py'>[0m

  File "C:\Users\Administrator\AppData\Local\Programs\Python\Python313\Lib\asyncio\runners.py", line 196, in run
    return runner.run(main)
           │      │   └ <coroutine object run_vectorize.<locals>._run at 0x0000028E60980370>
           │      └ <function Runner.run at 0x0000028E659AFEC0>
           └ <asyncio.runners.Runner object at 0x0000028E60B887D0>
  File "C:\Users\Administrator\AppData\Local\Programs\Python\Python313\Lib\asyncio\runners.py", line 119, in run
    return self._loop.run_until_complete(task)
           │    │                        └ <Task finished name='Task-269' coro=<run_vectorize.<locals>._run() done, defined at C:\bi ye she ji\backend\src\application\i...
           │    └ None
           └ <asyncio.runners.Runner object at 0x0000028E60B887D0>
  File "C:\Users\Administrator\AppData\Local\Programs\Python\Python313\Lib\asyncio\base_events.py", line 725, in run_until_complete
    return future.result()
           │      └ <method 'result' of '_asyncio.Task' objects>
           └ <Task finished name='Task-269' coro=<run_vectorize.<locals>._run() done, defined at C:\bi ye she ji\backend\src\application\i...

  File "[32mC:\bi ye she ji\backend\src\application\[0m[32m[1mindex_runner.py[0m", line [33m32[0m, in [35m_run[0m
    [1mdoc[0m [35m[1m=[0m [35m[1mawait[0m [1mservice[0m[35m[1m.[0m[1mrun[0m[1m([0m[1muuid[0m[35m[1m.[0m[1mUUID[0m[1m([0m[1mdoc_id[0m[1m)[0m[1m)[0m
    [36m            │       │   │    │    └ [0m[36m[1m'a0841b7a-9edd-4415-9dc2-29d1ce967610'[0m
    [36m            │       │   │    └ [0m[36m[1m<class 'uuid.UUID'>[0m
    [36m            │       │   └ [0m[36m[1m<module 'uuid' from 'C:\\Users\\Administrator\\AppData\\Local\\Programs\\Python\\Python313\\Lib\\uuid.py'>[0m
    [36m            │       └ [0m[36m[1m<function IndexingService.run at 0x0000028E6A0128E0>[0m
    [36m            └ [0m[36m[1m<src.application.indexing_service.IndexingService object at 0x0000028E60B018D0>[0m

  File "[32mC:\bi ye she ji\backend\src\application\[0m[32m[1mindexing_service.py[0m", line [33m87[0m, in [35mrun[0m
    [35m[1mraise[0m [1mAppException[0m[1m([0m[34m[1m422[0m[1m,[0m [36mf"[0m[36m向量化失败：[0m[1m{[0m[1mexc[0m[1m}[0m[36m"[0m[1m)[0m [35m[1mfrom[0m [1mexc[0m
    [36m      └ [0m[36m[1m<class 'src.core.exceptions.AppException'>[0m

[31m[1msrc.core.exceptions.AppException[0m:[1m 向量化失败：Milvus 连接失败（http://localhost:19530）：<MilvusException: (code=2, message=Fail connecting to server on localhost:19530, illegal connection params or server unavailable)>[0m
[32m2026-09-06 11:49:17.415[0m | [1mINFO    [0m | [36msrc.application.index_runner[0m:[36m41[0m - [1m开始向量化文档 doc_id=98758194-560e-47bd-ba35-781c6ccb8c2b[0m
2026-09-06 11:49:27,254 [ERROR][_create_connection]: Failed to create new connection using: 7ba86ba056a2417aba497861474bec90 (milvus_client.py:852)
[32m2026-09-06 11:49:27.256[0m | [31m[1mERROR   [0m | [36msrc.application.indexing_service[0m:[36m85[0m - [31m[1m文档向量化失败 doc_id=07e59afa-47ed-47aa-887e-ba910c8e0ff5: Milvus 连接失败（http://localhost:19530）：<MilvusException: (code=2, message=Fail connecting to server on localhost:19530, illegal connection params or server unavailable)>[0m
[32m2026-09-06 11:49:27.294[0m | [31m[1mERROR   [0m | [36msrc.api.routes.documents[0m:[36m133[0m - [31m[1m后台向量化任务执行失败 doc_id=07e59afa-47ed-47aa-887e-ba910c8e0ff5[0m
[33m[1mTraceback (most recent call last):[0m

  File "[32mC:\bi ye she ji\backend\src\infrastructure\[0m[32m[1mmilvus_store.py[0m", line [33m93[0m, in [35m_get_client[0m
    [1mself[0m[35m[1m.[0m[1m_client[0m [35m[1m=[0m [1mMilvusClient[0m[1m([0m[1muri[0m[35m[1m=[0m[1mself[0m[35m[1m.[0m[1m_uri[0m[1m)[0m
    [36m│    │         │                │    └ [0m[36m[1m'http://localhost:19530'[0m
    [36m│    │         │                └ [0m[36m[1m<src.infrastructure.milvus_store.MilvusStore object at 0x0000028E69F91400>[0m
    [36m│    │         └ [0m[36m[1m<class 'pymilvus.milvus_client.milvus_client.MilvusClient'>[0m
    [36m│    └ [0m[36m[1mNone[0m
    [36m└ [0m[36m[1m<src.infrastructure.milvus_store.MilvusStore object at 0x0000028E69F91400>[0m

  File "C:\bi ye she ji\backend\venv\Lib\site-packages\pymilvus\milvus_client\milvus_client.py", line 65, in __init__
    self._using = self._create_connection(
    │             │    └ <function MilvusClient._create_connection at 0x0000028E60909260>
    │             └ <pymilvus.milvus_client.milvus_client.MilvusClient object at 0x0000028E81644360>
    └ <pymilvus.milvus_client.milvus_client.MilvusClient object at 0x0000028E81644360>
  File "C:\bi ye she ji\backend\venv\Lib\site-packages\pymilvus\milvus_client\milvus_client.py", line 853, in _create_connection
    raise ex from ex
  File "C:\bi ye she ji\backend\venv\Lib\site-packages\pymilvus\milvus_client\milvus_client.py", line 850, in _create_connection
    connections.connect(using, user, password, db_name, token, uri=uri, **kwargs)
    │           │       │      │     │         │        │          │      └ {'timeout': None}
    │           │       │      │     │         │        │          └ 'http://localhost:19530'
    │           │       │      │     │         │        └ ''
    │           │       │      │     │         └ ''
    │           │       │      │     └ ''
    │           │       │      └ ''
    │           │       └ '7ba86ba056a2417aba497861474bec90'
    │           └ <function Connections.connect at 0x0000028E6051A0C0>
    └ <pymilvus.orm.connections.Connections object at 0x0000028E604D12B0>
  File "C:\bi ye she ji\backend\venv\Lib\site-packages\pymilvus\orm\connections.py", line 461, in connect
    connect_milvus(**kwargs, user=user, password=password, token=token, db_name=db_name)
    │                │            │              │               │              └ ''
    │                │            │              │               └ ''
    │                │            │              └ ''
    │                │            └ ''
    │                └ {'timeout': None, 'address': 'localhost:19530'}
    └ <function Connections.connect.<locals>.connect_milvus at 0x0000028E8165EFC0>
  File "C:\bi ye she ji\backend\venv\Lib\site-packages\pymilvus\orm\connections.py", line 411, in connect_milvus
    gh._wait_for_channel_ready(timeout=timeout)
    │  │                               └ 10.0
    │  └ <function GrpcHandler._wait_for_channel_ready at 0x0000028E604BFC40>
    └ <pymilvus.client.grpc_handler.GrpcHandler object at 0x0000028E816497F0>
  File "C:\bi ye she ji\backend\venv\Lib\site-packages\pymilvus\client\grpc_handler.py", line 154, in _wait_for_channel_ready
    raise MilvusException(
          └ <class 'pymilvus.exceptions.MilvusException'>

[31m[1mpymilvus.exceptions.MilvusException[0m:[1m <MilvusException: (code=2, message=Fail connecting to server on localhost:19530, illegal connection params or server unavailable)>[0m


[1mThe above exception was the direct cause of the following exception:[0m


[33m[1mTraceback (most recent call last):[0m

  File "[32mC:\bi ye she ji\backend\src\application\[0m[32m[1mindexing_service.py[0m", line [33m83[0m, in [35mrun[0m
    [35m[1mawait[0m [1masyncio[0m[35m[1m.[0m[1mto_thread[0m[1m([0m[1mself[0m[35m[1m.[0m[1m_write_milvus[0m[1m,[0m [1mstr[0m[1m([0m[1mdoc[0m[35m[1m.[0m[1mid[0m[1m)[0m[1m,[0m [1mrows[0m[1m)[0m
    [36m      │       │         │    │                  │   │    └ [0m[36m[1m[VectorRow(id='80cd4e58-e63e-4600-9ed3-0223230d6a9e', doc_id='07e59afa-47ed-47aa-887e-ba910c8e0ff5', kb_id='b8ec17f1-0cb4-467...[0m
    [36m      │       │         │    │                  │   └ [0m[36m[1m<sqlalchemy.orm.attributes.InstrumentedAttribute object at 0x0000028E68DDE660>[0m
    [36m      │       │         │    │                  └ [0m[36m[1m<src.domain.models.Document object at 0x0000028E60B87540>[0m
    [36m      │       │         │    └ [0m[36m[1m<function IndexingService._write_milvus at 0x0000028E6A012A20>[0m
    [36m      │       │         └ [0m[36m[1m<src.application.indexing_service.IndexingService object at 0x0000028E815C9EF0>[0m
    [36m      │       └ [0m[36m[1m<function to_thread at 0x0000028E659B4540>[0m
    [36m      └ [0m[36m[1m<module 'asyncio' from 'C:\\Users\\Administrator\\AppData\\Local\\Programs\\Python\\Python313\\Lib\\asyncio\\__init__.py'>[0m

  File "C:\Users\Administrator\AppData\Local\Programs\Python\Python313\Lib\asyncio\threads.py", line 26, in to_thread
    return await loop.run_in_executor(None, func_call)
                 │    │                     └ functools.partial(<built-in method run of _contextvars.Context object at 0x0000028E7EF06C00>, <bound method IndexingService._...
                 │    └ <function BaseEventLoop.run_in_executor at 0x0000028E659AE2A0>
                 └ <ProactorEventLoop running=False closed=True debug=False>
  File "C:\Users\Administrator\AppData\Local\Programs\Python\Python313\Lib\concurrent\futures\thread.py", line 59, in run
    result = self.fn(*self.args, **self.kwargs)
             │        │            └ None
             │        └ None
             └ None

  File "[32mC:\bi ye she ji\backend\src\application\[0m[32m[1mindexing_service.py[0m", line [33m130[0m, in [35m_write_milvus[0m
    [1mself[0m[35m[1m.[0m[1mstore[0m[35m[1m.[0m[1mensure_collection[0m[1m([0m[1m)[0m
    [36m│    │     └ [0m[36m[1m<function MilvusStore.ensure_collection at 0x0000028E69436160>[0m
    [36m│    └ [0m[36m[1m<src.infrastructure.milvus_store.MilvusStore object at 0x0000028E69F91400>[0m
    [36m└ [0m[36m[1m<src.application.indexing_service.IndexingService object at 0x0000028E815C9EF0>[0m

  File "[32mC:\bi ye she ji\backend\src\infrastructure\[0m[32m[1mmilvus_store.py[0m", line [33m99[0m, in [35mensure_collection[0m
    [1mclient[0m [35m[1m=[0m [1mself[0m[35m[1m.[0m[1m_get_client[0m[1m([0m[1m)[0m
    [36m         │    └ [0m[36m[1m<function MilvusStore._get_client at 0x0000028E694360C0>[0m
    [36m         └ [0m[36m[1m<src.infrastructure.milvus_store.MilvusStore object at 0x0000028E69F91400>[0m

  File "[32mC:\bi ye she ji\backend\src\infrastructure\[0m[32m[1mmilvus_store.py[0m", line [33m95[0m, in [35m_get_client[0m
    [35m[1mraise[0m [1mVectorStoreError[0m[1m([0m[36mf"[0m[36mMilvus 连接失败（[0m[1m{[0m[1mself[0m[35m[1m.[0m[1m_uri[0m[1m}[0m[36m）：[0m[1m{[0m[1mexc[0m[1m}[0m[36m"[0m[1m)[0m [35m[1mfrom[0m [1mexc[0m
    [36m      │                               │    └ [0m[36m[1m'http://localhost:19530'[0m
    [36m      │                               └ [0m[36m[1m<src.infrastructure.milvus_store.MilvusStore object at 0x0000028E69F91400>[0m
    [36m      └ [0m[36m[1m<class 'src.infrastructure.milvus_store.VectorStoreError'>[0m

[31m[1msrc.infrastructure.milvus_store.VectorStoreError[0m:[1m Milvus 连接失败（http://localhost:19530）：<MilvusException: (code=2, message=Fail connecting to server on localhost:19530, illegal connection params or server unavailable)>[0m


[1mThe above exception was the direct cause of the following exception:[0m


[33m[1mTraceback (most recent call last):[0m

  File "C:\Users\Administrator\AppData\Local\Programs\Python\Python313\Lib\threading.py", line 1015, in _bootstrap
    self._bootstrap_inner()
    │    └ <function Thread._bootstrap_inner at 0x0000028E636BD940>
    └ <WorkerThread(AnyIO worker thread, started 25204)>
  File "C:\Users\Administrator\AppData\Local\Programs\Python\Python313\Lib\threading.py", line 1044, in _bootstrap_inner
    self.run()
    │    └ <function WorkerThread.run at 0x0000028E6A001B20>
    └ <WorkerThread(AnyIO worker thread, started 25204)>
  File "C:\bi ye she ji\backend\venv\Lib\site-packages\anyio\_backends\_asyncio.py", line 1100, in run
    result = context.run(func, *args)
             │       │   │      └ ()
             │       │   └ functools.partial(<function _run_vectorize_safely at 0x0000028E6944EE80>, '07e59afa-47ed-47aa-887e-ba910c8e0ff5')
             │       └ <method 'run' of '_contextvars.Context' objects>
             └ <_contextvars.Context object at 0x0000028E01B0FCC0>

> File "[32mC:\bi ye she ji\backend\src\api\routes\[0m[32m[1mdocuments.py[0m", line [33m131[0m, in [35m_run_vectorize_safely[0m
    [1mrun_vectorize[0m[1m([0m[1mdoc_id[0m[1m)[0m
    [36m│             └ [0m[36m[1m'07e59afa-47ed-47aa-887e-ba910c8e0ff5'[0m
    [36m└ [0m[36m[1m<function run_vectorize at 0x0000028E6A012200>[0m

  File "[32mC:\bi ye she ji\backend\src\application\[0m[32m[1mindex_runner.py[0m", line [33m43[0m, in [35mrun_vectorize[0m
    [35m[1mreturn[0m [1masyncio[0m[35m[1m.[0m[1mrun[0m[1m([0m[1m_run[0m[1m([0m[1m)[0m[1m)[0m
    [36m       │       │   └ [0m[36m[1m<function run_vectorize.<locals>._run at 0x0000028E01B1B9C0>[0m
    [36m       │       └ [0m[36m[1m<function run at 0x0000028E655719E0>[0m
    [36m       └ [0m[36m[1m<module 'asyncio' from 'C:\\Users\\Administrator\\AppData\\Local\\Programs\\Python\\Python313\\Lib\\asyncio\\__init__.py'>[0m

  File "C:\Users\Administrator\AppData\Local\Programs\Python\Python313\Lib\asyncio\runners.py", line 196, in run
    return runner.run(main)
           │      │   └ <coroutine object run_vectorize.<locals>._run at 0x0000028E60981690>
           │      └ <function Runner.run at 0x0000028E659AFEC0>
           └ <asyncio.runners.Runner object at 0x0000028E609C35D0>
  File "C:\Users\Administrator\AppData\Local\Programs\Python\Python313\Lib\asyncio\runners.py", line 119, in run
    return self._loop.run_until_complete(task)
           │    │                        └ <Task finished name='Task-276' coro=<run_vectorize.<locals>._run() done, defined at C:\bi ye she ji\backend\src\application\i...
           │    └ None
           └ <asyncio.runners.Runner object at 0x0000028E609C35D0>
  File "C:\Users\Administrator\AppData\Local\Programs\Python\Python313\Lib\asyncio\base_events.py", line 725, in run_until_complete
    return future.result()
           │      └ <method 'result' of '_asyncio.Task' objects>
           └ <Task finished name='Task-276' coro=<run_vectorize.<locals>._run() done, defined at C:\bi ye she ji\backend\src\application\i...

  File "[32mC:\bi ye she ji\backend\src\application\[0m[32m[1mindex_runner.py[0m", line [33m32[0m, in [35m_run[0m
    [1mdoc[0m [35m[1m=[0m [35m[1mawait[0m [1mservice[0m[35m[1m.[0m[1mrun[0m[1m([0m[1muuid[0m[35m[1m.[0m[1mUUID[0m[1m([0m[1mdoc_id[0m[1m)[0m[1m)[0m
    [36m            │       │   │    │    └ [0m[36m[1m'07e59afa-47ed-47aa-887e-ba910c8e0ff5'[0m
    [36m            │       │   │    └ [0m[36m[1m<class 'uuid.UUID'>[0m
    [36m            │       │   └ [0m[36m[1m<module 'uuid' from 'C:\\Users\\Administrator\\AppData\\Local\\Programs\\Python\\Python313\\Lib\\uuid.py'>[0m
    [36m            │       └ [0m[36m[1m<function IndexingService.run at 0x0000028E6A0128E0>[0m
    [36m            └ [0m[36m[1m<src.application.indexing_service.IndexingService object at 0x0000028E815C9EF0>[0m

  File "[32mC:\bi ye she ji\backend\src\application\[0m[32m[1mindexing_service.py[0m", line [33m87[0m, in [35mrun[0m
    [35m[1mraise[0m [1mAppException[0m[1m([0m[34m[1m422[0m[1m,[0m [36mf"[0m[36m向量化失败：[0m[1m{[0m[1mexc[0m[1m}[0m[36m"[0m[1m)[0m [35m[1mfrom[0m [1mexc[0m
    [36m      └ [0m[36m[1m<class 'src.core.exceptions.AppException'>[0m

[31m[1msrc.core.exceptions.AppException[0m:[1m 向量化失败：Milvus 连接失败（http://localhost:19530）：<MilvusException: (code=2, message=Fail connecting to server on localhost:19530, illegal connection params or server unavailable)>[0m
[32m2026-09-06 11:49:27.330[0m | [1mINFO    [0m | [36msrc.application.index_runner[0m:[36m41[0m - [1m开始向量化文档 doc_id=71b3a3aa-b095-4975-95a5-7b80312cdf8f[0m
2026-09-06 11:49:44,239 [ERROR][_create_connection]: Failed to create new connection using: 15e3a79d83c848ecb209c06c7fe44375 (milvus_client.py:852)
[32m2026-09-06 11:49:44.242[0m | [31m[1mERROR   [0m | [36msrc.application.indexing_service[0m:[36m85[0m - [31m[1m文档向量化失败 doc_id=02d11d40-0e94-4dbb-9857-ea47b04a3a68: Milvus 连接失败（http://localhost:19530）：<MilvusException: (code=2, message=Fail connecting to server on localhost:19530, illegal connection params or server unavailable)>[0m
[32m2026-09-06 11:49:44.278[0m | [31m[1mERROR   [0m | [36msrc.api.routes.documents[0m:[36m133[0m - [31m[1m后台向量化任务执行失败 doc_id=02d11d40-0e94-4dbb-9857-ea47b04a3a68[0m
[33m[1mTraceback (most recent call last):[0m

  File "[32mC:\bi ye she ji\backend\src\infrastructure\[0m[32m[1mmilvus_store.py[0m", line [33m93[0m, in [35m_get_client[0m
    [1mself[0m[35m[1m.[0m[1m_client[0m [35m[1m=[0m [1mMilvusClient[0m[1m([0m[1muri[0m[35m[1m=[0m[1mself[0m[35m[1m.[0m[1m_uri[0m[1m)[0m
    [36m│    │         │                │    └ [0m[36m[1m'http://localhost:19530'[0m
    [36m│    │         │                └ [0m[36m[1m<src.infrastructure.milvus_store.MilvusStore object at 0x0000028E69F91400>[0m
    [36m│    │         └ [0m[36m[1m<class 'pymilvus.milvus_client.milvus_client.MilvusClient'>[0m
    [36m│    └ [0m[36m[1mNone[0m
    [36m└ [0m[36m[1m<src.infrastructure.milvus_store.MilvusStore object at 0x0000028E69F91400>[0m

  File "C:\bi ye she ji\backend\venv\Lib\site-packages\pymilvus\milvus_client\milvus_client.py", line 65, in __init__
    self._using = self._create_connection(
    │             │    └ <function MilvusClient._create_connection at 0x0000028E60909260>
    │             └ <pymilvus.milvus_client.milvus_client.MilvusClient object at 0x0000028E01CBD240>
    └ <pymilvus.milvus_client.milvus_client.MilvusClient object at 0x0000028E01CBD240>
  File "C:\bi ye she ji\backend\venv\Lib\site-packages\pymilvus\milvus_client\milvus_client.py", line 853, in _create_connection
    raise ex from ex
  File "C:\bi ye she ji\backend\venv\Lib\site-packages\pymilvus\milvus_client\milvus_client.py", line 850, in _create_connection
    connections.connect(using, user, password, db_name, token, uri=uri, **kwargs)
    │           │       │      │     │         │        │          │      └ {'timeout': None}
    │           │       │      │     │         │        │          └ 'http://localhost:19530'
    │           │       │      │     │         │        └ ''
    │           │       │      │     │         └ ''
    │           │       │      │     └ ''
    │           │       │      └ ''
    │           │       └ '15e3a79d83c848ecb209c06c7fe44375'
    │           └ <function Connections.connect at 0x0000028E6051A0C0>
    └ <pymilvus.orm.connections.Connections object at 0x0000028E604D12B0>
  File "C:\bi ye she ji\backend\venv\Lib\site-packages\pymilvus\orm\connections.py", line 461, in connect
    connect_milvus(**kwargs, user=user, password=password, token=token, db_name=db_name)
    │                │            │              │               │              └ ''
    │                │            │              │               └ ''
    │                │            │              └ ''
    │                │            └ ''
    │                └ {'timeout': None, 'address': 'localhost:19530'}
    └ <function Connections.connect.<locals>.connect_milvus at 0x0000028E81680FE0>
  File "C:\bi ye she ji\backend\venv\Lib\site-packages\pymilvus\orm\connections.py", line 411, in connect_milvus
    gh._wait_for_channel_ready(timeout=timeout)
    │  │                               └ 10.0
    │  └ <function GrpcHandler._wait_for_channel_ready at 0x0000028E604BFC40>
    └ <pymilvus.client.grpc_handler.GrpcHandler object at 0x0000028E8168E6D0>
  File "C:\bi ye she ji\backend\venv\Lib\site-packages\pymilvus\client\grpc_handler.py", line 154, in _wait_for_channel_ready
    raise MilvusException(
          └ <class 'pymilvus.exceptions.MilvusException'>

[31m[1mpymilvus.exceptions.MilvusException[0m:[1m <MilvusException: (code=2, message=Fail connecting to server on localhost:19530, illegal connection params or server unavailable)>[0m


[1mThe above exception was the direct cause of the following exception:[0m


[33m[1mTraceback (most recent call last):[0m

  File "[32mC:\bi ye she ji\backend\src\application\[0m[32m[1mindexing_service.py[0m", line [33m83[0m, in [35mrun[0m
    [35m[1mawait[0m [1masyncio[0m[35m[1m.[0m[1mto_thread[0m[1m([0m[1mself[0m[35m[1m.[0m[1m_write_milvus[0m[1m,[0m [1mstr[0m[1m([0m[1mdoc[0m[35m[1m.[0m[1mid[0m[1m)[0m[1m,[0m [1mrows[0m[1m)[0m
    [36m      │       │         │    │                  │   │    └ [0m[36m[1m[VectorRow(id='372e4276-10e1-4cdb-b018-eb416103b009', doc_id='02d11d40-0e94-4dbb-9857-ea47b04a3a68', kb_id='e8b2f0bb-ee1e-471...[0m
    [36m      │       │         │    │                  │   └ [0m[36m[1m<sqlalchemy.orm.attributes.InstrumentedAttribute object at 0x0000028E68DDE660>[0m
    [36m      │       │         │    │                  └ [0m[36m[1m<src.domain.models.Document object at 0x0000028E0296D860>[0m
    [36m      │       │         │    └ [0m[36m[1m<function IndexingService._write_milvus at 0x0000028E6A012A20>[0m
    [36m      │       │         └ [0m[36m[1m<src.application.indexing_service.IndexingService object at 0x0000028E815CB8C0>[0m
    [36m      │       └ [0m[36m[1m<function to_thread at 0x0000028E659B4540>[0m
    [36m      └ [0m[36m[1m<module 'asyncio' from 'C:\\Users\\Administrator\\AppData\\Local\\Programs\\Python\\Python313\\Lib\\asyncio\\__init__.py'>[0m

  File "C:\Users\Administrator\AppData\Local\Programs\Python\Python313\Lib\asyncio\threads.py", line 26, in to_thread
    return await loop.run_in_executor(None, func_call)
                 │    │                     └ functools.partial(<built-in method run of _contextvars.Context object at 0x0000028E6154D880>, <bound method IndexingService._...
                 │    └ <function BaseEventLoop.run_in_executor at 0x0000028E659AE2A0>
                 └ <ProactorEventLoop running=False closed=True debug=False>
  File "C:\Users\Administrator\AppData\Local\Programs\Python\Python313\Lib\concurrent\futures\thread.py", line 59, in run
    result = self.fn(*self.args, **self.kwargs)
             │        │            └ None
             │        └ None
             └ None

  File "[32mC:\bi ye she ji\backend\src\application\[0m[32m[1mindexing_service.py[0m", line [33m130[0m, in [35m_write_milvus[0m
    [1mself[0m[35m[1m.[0m[1mstore[0m[35m[1m.[0m[1mensure_collection[0m[1m([0m[1m)[0m
    [36m│    │     └ [0m[36m[1m<function MilvusStore.ensure_collection at 0x0000028E69436160>[0m
    [36m│    └ [0m[36m[1m<src.infrastructure.milvus_store.MilvusStore object at 0x0000028E69F91400>[0m
    [36m└ [0m[36m[1m<src.application.indexing_service.IndexingService object at 0x0000028E815CB8C0>[0m

  File "[32mC:\bi ye she ji\backend\src\infrastructure\[0m[32m[1mmilvus_store.py[0m", line [33m99[0m, in [35mensure_collection[0m
    [1mclient[0m [35m[1m=[0m [1mself[0m[35m[1m.[0m[1m_get_client[0m[1m([0m[1m)[0m
    [36m         │    └ [0m[36m[1m<function MilvusStore._get_client at 0x0000028E694360C0>[0m
    [36m         └ [0m[36m[1m<src.infrastructure.milvus_store.MilvusStore object at 0x0000028E69F91400>[0m

  File "[32mC:\bi ye she ji\backend\src\infrastructure\[0m[32m[1mmilvus_store.py[0m", line [33m95[0m, in [35m_get_client[0m
    [35m[1mraise[0m [1mVectorStoreError[0m[1m([0m[36mf"[0m[36mMilvus 连接失败（[0m[1m{[0m[1mself[0m[35m[1m.[0m[1m_uri[0m[1m}[0m[36m）：[0m[1m{[0m[1mexc[0m[1m}[0m[36m"[0m[1m)[0m [35m[1mfrom[0m [1mexc[0m
    [36m      │                               │    └ [0m[36m[1m'http://localhost:19530'[0m
    [36m      │                               └ [0m[36m[1m<src.infrastructure.milvus_store.MilvusStore object at 0x0000028E69F91400>[0m
    [36m      └ [0m[36m[1m<class 'src.infrastructure.milvus_store.VectorStoreError'>[0m

[31m[1msrc.infrastructure.milvus_store.VectorStoreError[0m:[1m Milvus 连接失败（http://localhost:19530）：<MilvusException: (code=2, message=Fail connecting to server on localhost:19530, illegal connection params or server unavailable)>[0m


[1mThe above exception was the direct cause of the following exception:[0m


[33m[1mTraceback (most recent call last):[0m

  File "C:\Users\Administrator\AppData\Local\Programs\Python\Python313\Lib\threading.py", line 1015, in _bootstrap
    self._bootstrap_inner()
    │    └ <function Thread._bootstrap_inner at 0x0000028E636BD940>
    └ <WorkerThread(AnyIO worker thread, started 16348)>
  File "C:\Users\Administrator\AppData\Local\Programs\Python\Python313\Lib\threading.py", line 1044, in _bootstrap_inner
    self.run()
    │    └ <function WorkerThread.run at 0x0000028E6A001B20>
    └ <WorkerThread(AnyIO worker thread, started 16348)>
  File "C:\bi ye she ji\backend\venv\Lib\site-packages\anyio\_backends\_asyncio.py", line 1100, in run
    result = context.run(func, *args)
             │       │   │      └ ()
             │       │   └ functools.partial(<function _run_vectorize_safely at 0x0000028E6944EE80>, '02d11d40-0e94-4dbb-9857-ea47b04a3a68')
             │       └ <method 'run' of '_contextvars.Context' objects>
             └ <_contextvars.Context object at 0x0000028E01B0F200>

> File "[32mC:\bi ye she ji\backend\src\api\routes\[0m[32m[1mdocuments.py[0m", line [33m131[0m, in [35m_run_vectorize_safely[0m
    [1mrun_vectorize[0m[1m([0m[1mdoc_id[0m[1m)[0m
    [36m│             └ [0m[36m[1m'02d11d40-0e94-4dbb-9857-ea47b04a3a68'[0m
    [36m└ [0m[36m[1m<function run_vectorize at 0x0000028E6A012200>[0m

  File "[32mC:\bi ye she ji\backend\src\application\[0m[32m[1mindex_runner.py[0m", line [33m43[0m, in [35mrun_vectorize[0m
    [35m[1mreturn[0m [1masyncio[0m[35m[1m.[0m[1mrun[0m[1m([0m[1m_run[0m[1m([0m[1m)[0m[1m)[0m
    [36m       │       │   └ [0m[36m[1m<function run_vectorize.<locals>._run at 0x0000028E01B4C9A0>[0m
    [36m       │       └ [0m[36m[1m<function run at 0x0000028E655719E0>[0m
    [36m       └ [0m[36m[1m<module 'asyncio' from 'C:\\Users\\Administrator\\AppData\\Local\\Programs\\Python\\Python313\\Lib\\asyncio\\__init__.py'>[0m

  File "C:\Users\Administrator\AppData\Local\Programs\Python\Python313\Lib\asyncio\runners.py", line 196, in run
    return runner.run(main)
           │      │   └ <coroutine object run_vectorize.<locals>._run at 0x0000028E60982790>
           │      └ <function Runner.run at 0x0000028E659AFEC0>
           └ <asyncio.runners.Runner object at 0x0000028E60BCFDD0>
  File "C:\Users\Administrator\AppData\Local\Programs\Python\Python313\Lib\asyncio\runners.py", line 119, in run
    return self._loop.run_until_complete(task)
           │    │                        └ <Task finished name='Task-283' coro=<run_vectorize.<locals>._run() done, defined at C:\bi ye she ji\backend\src\application\i...
           │    └ None
           └ <asyncio.runners.Runner object at 0x0000028E60BCFDD0>
  File "C:\Users\Administrator\AppData\Local\Programs\Python\Python313\Lib\asyncio\base_events.py", line 725, in run_until_complete
    return future.result()
           │      └ <method 'result' of '_asyncio.Task' objects>
           └ <Task finished name='Task-283' coro=<run_vectorize.<locals>._run() done, defined at C:\bi ye she ji\backend\src\application\i...

  File "[32mC:\bi ye she ji\backend\src\application\[0m[32m[1mindex_runner.py[0m", line [33m32[0m, in [35m_run[0m
    [1mdoc[0m [35m[1m=[0m [35m[1mawait[0m [1mservice[0m[35m[1m.[0m[1mrun[0m[1m([0m[1muuid[0m[35m[1m.[0m[1mUUID[0m[1m([0m[1mdoc_id[0m[1m)[0m[1m)[0m
    [36m            │       │   │    │    └ [0m[36m[1m'02d11d40-0e94-4dbb-9857-ea47b04a3a68'[0m
    [36m            │       │   │    └ [0m[36m[1m<class 'uuid.UUID'>[0m
    [36m            │       │   └ [0m[36m[1m<module 'uuid' from 'C:\\Users\\Administrator\\AppData\\Local\\Programs\\Python\\Python313\\Lib\\uuid.py'>[0m
    [36m            │       └ [0m[36m[1m<function IndexingService.run at 0x0000028E6A0128E0>[0m
    [36m            └ [0m[36m[1m<src.application.indexing_service.IndexingService object at 0x0000028E815CB8C0>[0m

  File "[32mC:\bi ye she ji\backend\src\application\[0m[32m[1mindexing_service.py[0m", line [33m87[0m, in [35mrun[0m
    [35m[1mraise[0m [1mAppException[0m[1m([0m[34m[1m422[0m[1m,[0m [36mf"[0m[36m向量化失败：[0m[1m{[0m[1mexc[0m[1m}[0m[36m"[0m[1m)[0m [35m[1mfrom[0m [1mexc[0m
    [36m      └ [0m[36m[1m<class 'src.core.exceptions.AppException'>[0m

[31m[1msrc.core.exceptions.AppException[0m:[1m 向量化失败：Milvus 连接失败（http://localhost:19530）：<MilvusException: (code=2, message=Fail connecting to server on localhost:19530, illegal connection params or server unavailable)>[0m
[32m2026-09-06 11:49:44.316[0m | [1mINFO    [0m | [36msrc.application.index_runner[0m:[36m41[0m - [1m开始向量化文档 doc_id=b3a57a7f-590d-4f23-a114-1e60aed30616[0m
2026-09-06 11:49:56,899 [ERROR][_create_connection]: Failed to create new connection using: 15abf303c8e2407bba8ed6a564821078 (milvus_client.py:852)
[32m2026-09-06 11:49:56.903[0m | [31m[1mERROR   [0m | [36msrc.application.indexing_service[0m:[36m85[0m - [31m[1m文档向量化失败 doc_id=61dd9c94-610c-46c4-93ff-32f3b1f9e129: Milvus 连接失败（http://localhost:19530）：<MilvusException: (code=2, message=Fail connecting to server on localhost:19530, illegal connection params or server unavailable)>[0m
[32m2026-09-06 11:49:56.924[0m | [31m[1mERROR   [0m | [36msrc.api.routes.documents[0m:[36m133[0m - [31m[1m后台向量化任务执行失败 doc_id=61dd9c94-610c-46c4-93ff-32f3b1f9e129[0m
[33m[1mTraceback (most recent call last):[0m

  File "[32mC:\bi ye she ji\backend\src\infrastructure\[0m[32m[1mmilvus_store.py[0m", line [33m93[0m, in [35m_get_client[0m
    [1mself[0m[35m[1m.[0m[1m_client[0m [35m[1m=[0m [1mMilvusClient[0m[1m([0m[1muri[0m[35m[1m=[0m[1mself[0m[35m[1m.[0m[1m_uri[0m[1m)[0m
    [36m│    │         │                │    └ [0m[36m[1m'http://localhost:19530'[0m
    [36m│    │         │                └ [0m[36m[1m<src.infrastructure.milvus_store.MilvusStore object at 0x0000028E69F91400>[0m
    [36m│    │         └ [0m[36m[1m<class 'pymilvus.milvus_client.milvus_client.MilvusClient'>[0m
    [36m│    └ [0m[36m[1mNone[0m
    [36m└ [0m[36m[1m<src.infrastructure.milvus_store.MilvusStore object at 0x0000028E69F91400>[0m

  File "C:\bi ye she ji\backend\venv\Lib\site-packages\pymilvus\milvus_client\milvus_client.py", line 65, in __init__
    self._using = self._create_connection(
    │             │    └ <function MilvusClient._create_connection at 0x0000028E60909260>
    │             └ <pymilvus.milvus_client.milvus_client.MilvusClient object at 0x0000028E81673F50>
    └ <pymilvus.milvus_client.milvus_client.MilvusClient object at 0x0000028E81673F50>
  File "C:\bi ye she ji\backend\venv\Lib\site-packages\pymilvus\milvus_client\milvus_client.py", line 853, in _create_connection
    raise ex from ex
  File "C:\bi ye she ji\backend\venv\Lib\site-packages\pymilvus\milvus_client\milvus_client.py", line 850, in _create_connection
    connections.connect(using, user, password, db_name, token, uri=uri, **kwargs)
    │           │       │      │     │         │        │          │      └ {'timeout': None}
    │           │       │      │     │         │        │          └ 'http://localhost:19530'
    │           │       │      │     │         │        └ ''
    │           │       │      │     │         └ ''
    │           │       │      │     └ ''
    │           │       │      └ ''
    │           │       └ '15abf303c8e2407bba8ed6a564821078'
    │           └ <function Connections.connect at 0x0000028E6051A0C0>
    └ <pymilvus.orm.connections.Connections object at 0x0000028E604D12B0>
  File "C:\bi ye she ji\backend\venv\Lib\site-packages\pymilvus\orm\connections.py", line 461, in connect
    connect_milvus(**kwargs, user=user, password=password, token=token, db_name=db_name)
    │                │            │              │               │              └ ''
    │                │            │              │               └ ''
    │                │            │              └ ''
    │                │            └ ''
    │                └ {'timeout': None, 'address': 'localhost:19530'}
    └ <function Connections.connect.<locals>.connect_milvus at 0x0000028E839D2F20>
  File "C:\bi ye she ji\backend\venv\Lib\site-packages\pymilvus\orm\connections.py", line 411, in connect_milvus
    gh._wait_for_channel_ready(timeout=timeout)
    │  │                               └ 10.0
    │  └ <function GrpcHandler._wait_for_channel_ready at 0x0000028E604BFC40>
    └ <pymilvus.client.grpc_handler.GrpcHandler object at 0x0000028E8168FE70>
  File "C:\bi ye she ji\backend\venv\Lib\site-packages\pymilvus\client\grpc_handler.py", line 154, in _wait_for_channel_ready
    raise MilvusException(
          └ <class 'pymilvus.exceptions.MilvusException'>

[31m[1mpymilvus.exceptions.MilvusException[0m:[1m <MilvusException: (code=2, message=Fail connecting to server on localhost:19530, illegal connection params or server unavailable)>[0m


[1mThe above exception was the direct cause of the following exception:[0m


[33m[1mTraceback (most recent call last):[0m

  File "[32mC:\bi ye she ji\backend\src\application\[0m[32m[1mindexing_service.py[0m", line [33m83[0m, in [35mrun[0m
    [35m[1mawait[0m [1masyncio[0m[35m[1m.[0m[1mto_thread[0m[1m([0m[1mself[0m[35m[1m.[0m[1m_write_milvus[0m[1m,[0m [1mstr[0m[1m([0m[1mdoc[0m[35m[1m.[0m[1mid[0m[1m)[0m[1m,[0m [1mrows[0m[1m)[0m
    [36m      │       │         │    │                  │   │    └ [0m[36m[1m[VectorRow(id='a2e0f29c-ee63-497b-9a90-f4417546bf51', doc_id='61dd9c94-610c-46c4-93ff-32f3b1f9e129', kb_id='ae78f546-bae6-454...[0m
    [36m      │       │         │    │                  │   └ [0m[36m[1m<sqlalchemy.orm.attributes.InstrumentedAttribute object at 0x0000028E68DDE660>[0m
    [36m      │       │         │    │                  └ [0m[36m[1m<src.domain.models.Document object at 0x0000028E60B87D80>[0m
    [36m      │       │         │    └ [0m[36m[1m<function IndexingService._write_milvus at 0x0000028E6A012A20>[0m
    [36m      │       │         └ [0m[36m[1m<src.application.indexing_service.IndexingService object at 0x0000028E81645E80>[0m
    [36m      │       └ [0m[36m[1m<function to_thread at 0x0000028E659B4540>[0m
    [36m      └ [0m[36m[1m<module 'asyncio' from 'C:\\Users\\Administrator\\AppData\\Local\\Programs\\Python\\Python313\\Lib\\asyncio\\__init__.py'>[0m

  File "C:\Users\Administrator\AppData\Local\Programs\Python\Python313\Lib\asyncio\threads.py", line 26, in to_thread
    return await loop.run_in_executor(None, func_call)
                 │    │                     └ functools.partial(<built-in method run of _contextvars.Context object at 0x0000028E01B0FCC0>, <bound method IndexingService._...
                 │    └ <function BaseEventLoop.run_in_executor at 0x0000028E659AE2A0>
                 └ <ProactorEventLoop running=False closed=True debug=False>
  File "C:\Users\Administrator\AppData\Local\Programs\Python\Python313\Lib\concurrent\futures\thread.py", line 59, in run
    result = self.fn(*self.args, **self.kwargs)
             │        │            └ None
             │        └ None
             └ None

  File "[32mC:\bi ye she ji\backend\src\application\[0m[32m[1mindexing_service.py[0m", line [33m130[0m, in [35m_write_milvus[0m
    [1mself[0m[35m[1m.[0m[1mstore[0m[35m[1m.[0m[1mensure_collection[0m[1m([0m[1m)[0m
    [36m│    │     └ [0m[36m[1m<function MilvusStore.ensure_collection at 0x0000028E69436160>[0m
    [36m│    └ [0m[36m[1m<src.infrastructure.milvus_store.MilvusStore object at 0x0000028E69F91400>[0m
    [36m└ [0m[36m[1m<src.application.indexing_service.IndexingService object at 0x0000028E81645E80>[0m

  File "[32mC:\bi ye she ji\backend\src\infrastructure\[0m[32m[1mmilvus_store.py[0m", line [33m99[0m, in [35mensure_collection[0m
    [1mclient[0m [35m[1m=[0m [1mself[0m[35m[1m.[0m[1m_get_client[0m[1m([0m[1m)[0m
    [36m         │    └ [0m[36m[1m<function MilvusStore._get_client at 0x0000028E694360C0>[0m
    [36m         └ [0m[36m[1m<src.infrastructure.milvus_store.MilvusStore object at 0x0000028E69F91400>[0m

  File "[32mC:\bi ye she ji\backend\src\infrastructure\[0m[32m[1mmilvus_store.py[0m", line [33m95[0m, in [35m_get_client[0m
    [35m[1mraise[0m [1mVectorStoreError[0m[1m([0m[36mf"[0m[36mMilvus 连接失败（[0m[1m{[0m[1mself[0m[35m[1m.[0m[1m_uri[0m[1m}[0m[36m）：[0m[1m{[0m[1mexc[0m[1m}[0m[36m"[0m[1m)[0m [35m[1mfrom[0m [1mexc[0m
    [36m      │                               │    └ [0m[36m[1m'http://localhost:19530'[0m
    [36m      │                               └ [0m[36m[1m<src.infrastructure.milvus_store.MilvusStore object at 0x0000028E69F91400>[0m
    [36m      └ [0m[36m[1m<class 'src.infrastructure.milvus_store.VectorStoreError'>[0m

[31m[1msrc.infrastructure.milvus_store.VectorStoreError[0m:[1m Milvus 连接失败（http://localhost:19530）：<MilvusException: (code=2, message=Fail connecting to server on localhost:19530, illegal connection params or server unavailable)>[0m


[1mThe above exception was the direct cause of the following exception:[0m


[33m[1mTraceback (most recent call last):[0m

  File "C:\Users\Administrator\AppData\Local\Programs\Python\Python313\Lib\threading.py", line 1015, in _bootstrap
    self._bootstrap_inner()
    │    └ <function Thread._bootstrap_inner at 0x0000028E636BD940>
    └ <WorkerThread(AnyIO worker thread, started 17360)>
  File "C:\Users\Administrator\AppData\Local\Programs\Python\Python313\Lib\threading.py", line 1044, in _bootstrap_inner
    self.run()
    │    └ <function WorkerThread.run at 0x0000028E6A001B20>
    └ <WorkerThread(AnyIO worker thread, started 17360)>
  File "C:\bi ye she ji\backend\venv\Lib\site-packages\anyio\_backends\_asyncio.py", line 1100, in run
    result = context.run(func, *args)
             │       │   │      └ ()
             │       │   └ functools.partial(<function _run_vectorize_safely at 0x0000028E6944EE80>, '61dd9c94-610c-46c4-93ff-32f3b1f9e129')
             │       └ <method 'run' of '_contextvars.Context' objects>
             └ <_contextvars.Context object at 0x0000028E01B21E00>

> File "[32mC:\bi ye she ji\backend\src\api\routes\[0m[32m[1mdocuments.py[0m", line [33m131[0m, in [35m_run_vectorize_safely[0m
    [1mrun_vectorize[0m[1m([0m[1mdoc_id[0m[1m)[0m
    [36m│             └ [0m[36m[1m'61dd9c94-610c-46c4-93ff-32f3b1f9e129'[0m
    [36m└ [0m[36m[1m<function run_vectorize at 0x0000028E6A012200>[0m

  File "[32mC:\bi ye she ji\backend\src\application\[0m[32m[1mindex_runner.py[0m", line [33m43[0m, in [35mrun_vectorize[0m
    [35m[1mreturn[0m [1masyncio[0m[35m[1m.[0m[1mrun[0m[1m([0m[1m_run[0m[1m([0m[1m)[0m[1m)[0m
    [36m       │       │   └ [0m[36m[1m<function run_vectorize.<locals>._run at 0x0000028E01CB2160>[0m
    [36m       │       └ [0m[36m[1m<function run at 0x0000028E655719E0>[0m
    [36m       └ [0m[36m[1m<module 'asyncio' from 'C:\\Users\\Administrator\\AppData\\Local\\Programs\\Python\\Python313\\Lib\\asyncio\\__init__.py'>[0m

  File "C:\Users\Administrator\AppData\Local\Programs\Python\Python313\Lib\asyncio\runners.py", line 196, in run
    return runner.run(main)
           │      │   └ <coroutine object run_vectorize.<locals>._run at 0x0000028E60980260>
           │      └ <function Runner.run at 0x0000028E659AFEC0>
           └ <asyncio.runners.Runner object at 0x0000028E81634C50>
  File "C:\Users\Administrator\AppData\Local\Programs\Python\Python313\Lib\asyncio\runners.py", line 119, in run
    return self._loop.run_until_complete(task)
           │    │                        └ <Task finished name='Task-290' coro=<run_vectorize.<locals>._run() done, defined at C:\bi ye she ji\backend\src\application\i...
           │    └ None
           └ <asyncio.runners.Runner object at 0x0000028E81634C50>
  File "C:\Users\Administrator\AppData\Local\Programs\Python\Python313\Lib\asyncio\base_events.py", line 725, in run_until_complete
    return future.result()
           │      └ <method 'result' of '_asyncio.Task' objects>
           └ <Task finished name='Task-290' coro=<run_vectorize.<locals>._run() done, defined at C:\bi ye she ji\backend\src\application\i...

  File "[32mC:\bi ye she ji\backend\src\application\[0m[32m[1mindex_runner.py[0m", line [33m32[0m, in [35m_run[0m
    [1mdoc[0m [35m[1m=[0m [35m[1mawait[0m [1mservice[0m[35m[1m.[0m[1mrun[0m[1m([0m[1muuid[0m[35m[1m.[0m[1mUUID[0m[1m([0m[1mdoc_id[0m[1m)[0m[1m)[0m
    [36m            │       │   │    │    └ [0m[36m[1m'61dd9c94-610c-46c4-93ff-32f3b1f9e129'[0m
    [36m            │       │   │    └ [0m[36m[1m<class 'uuid.UUID'>[0m
    [36m            │       │   └ [0m[36m[1m<module 'uuid' from 'C:\\Users\\Administrator\\AppData\\Local\\Programs\\Python\\Python313\\Lib\\uuid.py'>[0m
    [36m            │       └ [0m[36m[1m<function IndexingService.run at 0x0000028E6A0128E0>[0m
    [36m            └ [0m[36m[1m<src.application.indexing_service.IndexingService object at 0x0000028E81645E80>[0m

  File "[32mC:\bi ye she ji\backend\src\application\[0m[32m[1mindexing_service.py[0m", line [33m87[0m, in [35mrun[0m
    [35m[1mraise[0m [1mAppException[0m[1m([0m[34m[1m422[0m[1m,[0m [36mf"[0m[36m向量化失败：[0m[1m{[0m[1mexc[0m[1m}[0m[36m"[0m[1m)[0m [35m[1mfrom[0m [1mexc[0m
    [36m      └ [0m[36m[1m<class 'src.core.exceptions.AppException'>[0m

[31m[1msrc.core.exceptions.AppException[0m:[1m 向量化失败：Milvus 连接失败（http://localhost:19530）：<MilvusException: (code=2, message=Fail connecting to server on localhost:19530, illegal connection params or server unavailable)>[0m
[32m2026-09-06 11:49:56.947[0m | [1mINFO    [0m | [36msrc.application.index_runner[0m:[36m41[0m - [1m开始向量化文档 doc_id=2485c56d-160f-4ec6-80f2-bde91c12eba4[0m
2026-09-06 11:49:57,332 [ERROR][_create_connection]: Failed to create new connection using: 6babc775afe142e59389ff3345972077 (milvus_client.py:852)
[32m2026-09-06 11:49:57.334[0m | [31m[1mERROR   [0m | [36msrc.application.indexing_service[0m:[36m85[0m - [31m[1m文档向量化失败 doc_id=b82e1332-6497-4a20-9f2a-5076ffd100c6: Milvus 连接失败（http://localhost:19530）：<MilvusException: (code=2, message=Fail connecting to server on localhost:19530, illegal connection params or server unavailable)>[0m
[32m2026-09-06 11:49:57.358[0m | [31m[1mERROR   [0m | [36msrc.api.routes.documents[0m:[36m133[0m - [31m[1m后台向量化任务执行失败 doc_id=b82e1332-6497-4a20-9f2a-5076ffd100c6[0m
[33m[1mTraceback (most recent call last):[0m

  File "[32mC:\bi ye she ji\backend\src\infrastructure\[0m[32m[1mmilvus_store.py[0m", line [33m93[0m, in [35m_get_client[0m
    [1mself[0m[35m[1m.[0m[1m_client[0m [35m[1m=[0m [1mMilvusClient[0m[1m([0m[1muri[0m[35m[1m=[0m[1mself[0m[35m[1m.[0m[1m_uri[0m[1m)[0m
    [36m│    │         │                │    └ [0m[36m[1m'http://localhost:19530'[0m
    [36m│    │         │                └ [0m[36m[1m<src.infrastructure.milvus_store.MilvusStore object at 0x0000028E69F91400>[0m
    [36m│    │         └ [0m[36m[1m<class 'pymilvus.milvus_client.milvus_client.MilvusClient'>[0m
    [36m│    └ [0m[36m[1mNone[0m
    [36m└ [0m[36m[1m<src.infrastructure.milvus_store.MilvusStore object at 0x0000028E69F91400>[0m

  File "C:\bi ye she ji\backend\venv\Lib\site-packages\pymilvus\milvus_client\milvus_client.py", line 65, in __init__
    self._using = self._create_connection(
    │             │    └ <function MilvusClient._create_connection at 0x0000028E60909260>
    │             └ <pymilvus.milvus_client.milvus_client.MilvusClient object at 0x0000028E839D7830>
    └ <pymilvus.milvus_client.milvus_client.MilvusClient object at 0x0000028E839D7830>
  File "C:\bi ye she ji\backend\venv\Lib\site-packages\pymilvus\milvus_client\milvus_client.py", line 853, in _create_connection
    raise ex from ex
  File "C:\bi ye she ji\backend\venv\Lib\site-packages\pymilvus\milvus_client\milvus_client.py", line 850, in _create_connection
    connections.connect(using, user, password, db_name, token, uri=uri, **kwargs)
    │           │       │      │     │         │        │          │      └ {'timeout': None}
    │           │       │      │     │         │        │          └ 'http://localhost:19530'
    │           │       │      │     │         │        └ ''
    │           │       │      │     │         └ ''
    │           │       │      │     └ ''
    │           │       │      └ ''
    │           │       └ '6babc775afe142e59389ff3345972077'
    │           └ <function Connections.connect at 0x0000028E6051A0C0>
    └ <pymilvus.orm.connections.Connections object at 0x0000028E604D12B0>
  File "C:\bi ye she ji\backend\venv\Lib\site-packages\pymilvus\orm\connections.py", line 461, in connect
    connect_milvus(**kwargs, user=user, password=password, token=token, db_name=db_name)
    │                │            │              │               │              └ ''
    │                │            │              │               └ ''
    │                │            │              └ ''
    │                │            └ ''
    │                └ {'timeout': None, 'address': 'localhost:19530'}
    └ <function Connections.connect.<locals>.connect_milvus at 0x0000028E839D2C00>
  File "C:\bi ye she ji\backend\venv\Lib\site-packages\pymilvus\orm\connections.py", line 411, in connect_milvus
    gh._wait_for_channel_ready(timeout=timeout)
    │  │                               └ 10.0
    │  └ <function GrpcHandler._wait_for_channel_ready at 0x0000028E604BFC40>
    └ <pymilvus.client.grpc_handler.GrpcHandler object at 0x0000028E839D8F30>
  File "C:\bi ye she ji\backend\venv\Lib\site-packages\pymilvus\client\grpc_handler.py", line 154, in _wait_for_channel_ready
    raise MilvusException(
          └ <class 'pymilvus.exceptions.MilvusException'>

[31m[1mpymilvus.exceptions.MilvusException[0m:[1m <MilvusException: (code=2, message=Fail connecting to server on localhost:19530, illegal connection params or server unavailable)>[0m


[1mThe above exception was the direct cause of the following exception:[0m


[33m[1mTraceback (most recent call last):[0m

  File "[32mC:\bi ye she ji\backend\src\application\[0m[32m[1mindexing_service.py[0m", line [33m83[0m, in [35mrun[0m
    [35m[1mawait[0m [1masyncio[0m[35m[1m.[0m[1mto_thread[0m[1m([0m[1mself[0m[35m[1m.[0m[1m_write_milvus[0m[1m,[0m [1mstr[0m[1m([0m[1mdoc[0m[35m[1m.[0m[1mid[0m[1m)[0m[1m,[0m [1mrows[0m[1m)[0m
    [36m      │       │         │    │                  │   │    └ [0m[36m[1m[VectorRow(id='a0c384b6-9beb-4bf0-9be8-fa4dbf977436', doc_id='b82e1332-6497-4a20-9f2a-5076ffd100c6', kb_id='708123eb-57b5-423...[0m
    [36m      │       │         │    │                  │   └ [0m[36m[1m<sqlalchemy.orm.attributes.InstrumentedAttribute object at 0x0000028E68DDE660>[0m
    [36m      │       │         │    │                  └ [0m[36m[1m<src.domain.models.Document object at 0x0000028E0296DDE0>[0m
    [36m      │       │         │    └ [0m[36m[1m<function IndexingService._write_milvus at 0x0000028E6A012A20>[0m
    [36m      │       │         └ [0m[36m[1m<src.application.indexing_service.IndexingService object at 0x0000028E816467B0>[0m
    [36m      │       └ [0m[36m[1m<function to_thread at 0x0000028E659B4540>[0m
    [36m      └ [0m[36m[1m<module 'asyncio' from 'C:\\Users\\Administrator\\AppData\\Local\\Programs\\Python\\Python313\\Lib\\asyncio\\__init__.py'>[0m

  File "C:\Users\Administrator\AppData\Local\Programs\Python\Python313\Lib\asyncio\threads.py", line 26, in to_thread
    return await loop.run_in_executor(None, func_call)
                 │    │                     └ functools.partial(<built-in method run of _contextvars.Context object at 0x0000028E01B0F200>, <bound method IndexingService._...
                 │    └ <function BaseEventLoop.run_in_executor at 0x0000028E659AE2A0>
                 └ <ProactorEventLoop running=False closed=True debug=False>
  File "C:\Users\Administrator\AppData\Local\Programs\Python\Python313\Lib\concurrent\futures\thread.py", line 59, in run
    result = self.fn(*self.args, **self.kwargs)
             │        │            └ None
             │        └ None
             └ None

  File "[32mC:\bi ye she ji\backend\src\application\[0m[32m[1mindexing_service.py[0m", line [33m130[0m, in [35m_write_milvus[0m
    [1mself[0m[35m[1m.[0m[1mstore[0m[35m[1m.[0m[1mensure_collection[0m[1m([0m[1m)[0m
    [36m│    │     └ [0m[36m[1m<function MilvusStore.ensure_collection at 0x0000028E69436160>[0m
    [36m│    └ [0m[36m[1m<src.infrastructure.milvus_store.MilvusStore object at 0x0000028E69F91400>[0m
    [36m└ [0m[36m[1m<src.application.indexing_service.IndexingService object at 0x0000028E816467B0>[0m

  File "[32mC:\bi ye she ji\backend\src\infrastructure\[0m[32m[1mmilvus_store.py[0m", line [33m99[0m, in [35mensure_collection[0m
    [1mclient[0m [35m[1m=[0m [1mself[0m[35m[1m.[0m[1m_get_client[0m[1m([0m[1m)[0m
    [36m         │    └ [0m[36m[1m<function MilvusStore._get_client at 0x0000028E694360C0>[0m
    [36m         └ [0m[36m[1m<src.infrastructure.milvus_store.MilvusStore object at 0x0000028E69F91400>[0m

  File "[32mC:\bi ye she ji\backend\src\infrastructure\[0m[32m[1mmilvus_store.py[0m", line [33m95[0m, in [35m_get_client[0m
    [35m[1mraise[0m [1mVectorStoreError[0m[1m([0m[36mf"[0m[36mMilvus 连接失败（[0m[1m{[0m[1mself[0m[35m[1m.[0m[1m_uri[0m[1m}[0m[36m）：[0m[1m{[0m[1mexc[0m[1m}[0m[36m"[0m[1m)[0m [35m[1mfrom[0m [1mexc[0m
    [36m      │                               │    └ [0m[36m[1m'http://localhost:19530'[0m
    [36m      │                               └ [0m[36m[1m<src.infrastructure.milvus_store.MilvusStore object at 0x0000028E69F91400>[0m
    [36m      └ [0m[36m[1m<class 'src.infrastructure.milvus_store.VectorStoreError'>[0m

[31m[1msrc.infrastructure.milvus_store.VectorStoreError[0m:[1m Milvus 连接失败（http://localhost:19530）：<MilvusException: (code=2, message=Fail connecting to server on localhost:19530, illegal connection params or server unavailable)>[0m


[1mThe above exception was the direct cause of the following exception:[0m


[33m[1mTraceback (most recent call last):[0m

  File "C:\Users\Administrator\AppData\Local\Programs\Python\Python313\Lib\threading.py", line 1015, in _bootstrap
    self._bootstrap_inner()
    │    └ <function Thread._bootstrap_inner at 0x0000028E636BD940>
    └ <WorkerThread(AnyIO worker thread, started 20872)>
  File "C:\Users\Administrator\AppData\Local\Programs\Python\Python313\Lib\threading.py", line 1044, in _bootstrap_inner
    self.run()
    │    └ <function WorkerThread.run at 0x0000028E6A001B20>
    └ <WorkerThread(AnyIO worker thread, started 20872)>
  File "C:\bi ye she ji\backend\venv\Lib\site-packages\anyio\_backends\_asyncio.py", line 1100, in run
    result = context.run(func, *args)
             │       │   │      └ ()
             │       │   └ functools.partial(<function _run_vectorize_safely at 0x0000028E6944EE80>, 'b82e1332-6497-4a20-9f2a-5076ffd100c6')
             │       └ <method 'run' of '_contextvars.Context' objects>
             └ <_contextvars.Context object at 0x0000028E01B56780>

> File "[32mC:\bi ye she ji\backend\src\api\routes\[0m[32m[1mdocuments.py[0m", line [33m131[0m, in [35m_run_vectorize_safely[0m
    [1mrun_vectorize[0m[1m([0m[1mdoc_id[0m[1m)[0m
    [36m│             └ [0m[36m[1m'b82e1332-6497-4a20-9f2a-5076ffd100c6'[0m
    [36m└ [0m[36m[1m<function run_vectorize at 0x0000028E6A012200>[0m

  File "[32mC:\bi ye she ji\backend\src\application\[0m[32m[1mindex_runner.py[0m", line [33m43[0m, in [35mrun_vectorize[0m
    [35m[1mreturn[0m [1masyncio[0m[35m[1m.[0m[1mrun[0m[1m([0m[1m_run[0m[1m([0m[1m)[0m[1m)[0m
    [36m       │       │   └ [0m[36m[1m<function run_vectorize.<locals>._run at 0x0000028E01BAD120>[0m
    [36m       │       └ [0m[36m[1m<function run at 0x0000028E655719E0>[0m
    [36m       └ [0m[36m[1m<module 'asyncio' from 'C:\\Users\\Administrator\\AppData\\Local\\Programs\\Python\\Python313\\Lib\\asyncio\\__init__.py'>[0m

  File "C:\Users\Administrator\AppData\Local\Programs\Python\Python313\Lib\asyncio\runners.py", line 196, in run
    return runner.run(main)
           │      │   └ <coroutine object run_vectorize.<locals>._run at 0x0000028E60981E00>
           │      └ <function Runner.run at 0x0000028E659AFEC0>
           └ <asyncio.runners.Runner object at 0x0000028E01C6E6D0>
  File "C:\Users\Administrator\AppData\Local\Programs\Python\Python313\Lib\asyncio\runners.py", line 119, in run
    return self._loop.run_until_complete(task)
           │    │                        └ <Task finished name='Task-297' coro=<run_vectorize.<locals>._run() done, defined at C:\bi ye she ji\backend\src\application\i...
           │    └ None
           └ <asyncio.runners.Runner object at 0x0000028E01C6E6D0>
  File "C:\Users\Administrator\AppData\Local\Programs\Python\Python313\Lib\asyncio\base_events.py", line 725, in run_until_complete
    return future.result()
           │      └ <method 'result' of '_asyncio.Task' objects>
           └ <Task finished name='Task-297' coro=<run_vectorize.<locals>._run() done, defined at C:\bi ye she ji\backend\src\application\i...

  File "[32mC:\bi ye she ji\backend\src\application\[0m[32m[1mindex_runner.py[0m", line [33m32[0m, in [35m_run[0m
    [1mdoc[0m [35m[1m=[0m [35m[1mawait[0m [1mservice[0m[35m[1m.[0m[1mrun[0m[1m([0m[1muuid[0m[35m[1m.[0m[1mUUID[0m[1m([0m[1mdoc_id[0m[1m)[0m[1m)[0m
    [36m            │       │   │    │    └ [0m[36m[1m'b82e1332-6497-4a20-9f2a-5076ffd100c6'[0m
    [36m            │       │   │    └ [0m[36m[1m<class 'uuid.UUID'>[0m
    [36m            │       │   └ [0m[36m[1m<module 'uuid' from 'C:\\Users\\Administrator\\AppData\\Local\\Programs\\Python\\Python313\\Lib\\uuid.py'>[0m
    [36m            │       └ [0m[36m[1m<function IndexingService.run at 0x0000028E6A0128E0>[0m
    [36m            └ [0m[36m[1m<src.application.indexing_service.IndexingService object at 0x0000028E816467B0>[0m

  File "[32mC:\bi ye she ji\backend\src\application\[0m[32m[1mindexing_service.py[0m", line [33m87[0m, in [35mrun[0m
    [35m[1mraise[0m [1mAppException[0m[1m([0m[34m[1m422[0m[1m,[0m [36mf"[0m[36m向量化失败：[0m[1m{[0m[1mexc[0m[1m}[0m[36m"[0m[1m)[0m [35m[1mfrom[0m [1mexc[0m
    [36m      └ [0m[36m[1m<class 'src.core.exceptions.AppException'>[0m

[31m[1msrc.core.exceptions.AppException[0m:[1m 向量化失败：Milvus 连接失败（http://localhost:19530）：<MilvusException: (code=2, message=Fail connecting to server on localhost:19530, illegal connection params or server unavailable)>[0m
[32m2026-09-06 11:49:57.408[0m | [1mINFO    [0m | [36msrc.application.index_runner[0m:[36m41[0m - [1m开始向量化文档 doc_id=37782f66-e7b0-49eb-b6fc-006300840a60[0m
2026-09-06 11:50:07,782 [ERROR][_create_connection]: Failed to create new connection using: dd06da1bf8e14839ae6ecd2646ef341e (milvus_client.py:852)
[32m2026-09-06 11:50:07.783[0m | [31m[1mERROR   [0m | [36msrc.application.indexing_service[0m:[36m85[0m - [31m[1m文档向量化失败 doc_id=6477b08a-305f-4f27-82be-b3455d12901f: Milvus 连接失败（http://localhost:19530）：<MilvusException: (code=2, message=Fail connecting to server on localhost:19530, illegal connection params or server unavailable)>[0m
[32m2026-09-06 11:50:07.797[0m | [31m[1mERROR   [0m | [36msrc.api.routes.documents[0m:[36m133[0m - [31m[1m后台向量化任务执行失败 doc_id=6477b08a-305f-4f27-82be-b3455d12901f[0m
[33m[1mTraceback (most recent call last):[0m

  File "[32mC:\bi ye she ji\backend\src\infrastructure\[0m[32m[1mmilvus_store.py[0m", line [33m93[0m, in [35m_get_client[0m
    [1mself[0m[35m[1m.[0m[1m_client[0m [35m[1m=[0m [1mMilvusClient[0m[1m([0m[1muri[0m[35m[1m=[0m[1mself[0m[35m[1m.[0m[1m_uri[0m[1m)[0m
    [36m│    │         │                │    └ [0m[36m[1m'http://localhost:19530'[0m
    [36m│    │         │                └ [0m[36m[1m<src.infrastructure.milvus_store.MilvusStore object at 0x0000028E69F91400>[0m
    [36m│    │         └ [0m[36m[1m<class 'pymilvus.milvus_client.milvus_client.MilvusClient'>[0m
    [36m│    └ [0m[36m[1mNone[0m
    [36m└ [0m[36m[1m<src.infrastructure.milvus_store.MilvusStore object at 0x0000028E69F91400>[0m

  File "C:\bi ye she ji\backend\venv\Lib\site-packages\pymilvus\milvus_client\milvus_client.py", line 65, in __init__
    self._using = self._create_connection(
    │             │    └ <function MilvusClient._create_connection at 0x0000028E60909260>
    │             └ <pymilvus.milvus_client.milvus_client.MilvusClient object at 0x0000028E8169F070>
    └ <pymilvus.milvus_client.milvus_client.MilvusClient object at 0x0000028E8169F070>
  File "C:\bi ye she ji\backend\venv\Lib\site-packages\pymilvus\milvus_client\milvus_client.py", line 853, in _create_connection
    raise ex from ex
  File "C:\bi ye she ji\backend\venv\Lib\site-packages\pymilvus\milvus_client\milvus_client.py", line 850, in _create_connection
    connections.connect(using, user, password, db_name, token, uri=uri, **kwargs)
    │           │       │      │     │         │        │          │      └ {'timeout': None}
    │           │       │      │     │         │        │          └ 'http://localhost:19530'
    │           │       │      │     │         │        └ ''
    │           │       │      │     │         └ ''
    │           │       │      │     └ ''
    │           │       │      └ ''
    │           │       └ 'dd06da1bf8e14839ae6ecd2646ef341e'
    │           └ <function Connections.connect at 0x0000028E6051A0C0>
    └ <pymilvus.orm.connections.Connections object at 0x0000028E604D12B0>
  File "C:\bi ye she ji\backend\venv\Lib\site-packages\pymilvus\orm\connections.py", line 461, in connect
    connect_milvus(**kwargs, user=user, password=password, token=token, db_name=db_name)
    │                │            │              │               │              └ ''
    │                │            │              │               └ ''
    │                │            │              └ ''
    │                │            └ ''
    │                └ {'timeout': None, 'address': 'localhost:19530'}
    └ <function Connections.connect.<locals>.connect_milvus at 0x0000028E839EADE0>
  File "C:\bi ye she ji\backend\venv\Lib\site-packages\pymilvus\orm\connections.py", line 411, in connect_milvus
    gh._wait_for_channel_ready(timeout=timeout)
    │  │                               └ 10.0
    │  └ <function GrpcHandler._wait_for_channel_ready at 0x0000028E604BFC40>
    └ <pymilvus.client.grpc_handler.GrpcHandler object at 0x0000028E01B2B230>
  File "C:\bi ye she ji\backend\venv\Lib\site-packages\pymilvus\client\grpc_handler.py", line 154, in _wait_for_channel_ready
    raise MilvusException(
          └ <class 'pymilvus.exceptions.MilvusException'>

[31m[1mpymilvus.exceptions.MilvusException[0m:[1m <MilvusException: (code=2, message=Fail connecting to server on localhost:19530, illegal connection params or server unavailable)>[0m


[1mThe above exception was the direct cause of the following exception:[0m


[33m[1mTraceback (most recent call last):[0m

  File "[32mC:\bi ye she ji\backend\src\application\[0m[32m[1mindexing_service.py[0m", line [33m83[0m, in [35mrun[0m
    [35m[1mawait[0m [1masyncio[0m[35m[1m.[0m[1mto_thread[0m[1m([0m[1mself[0m[35m[1m.[0m[1m_write_milvus[0m[1m,[0m [1mstr[0m[1m([0m[1mdoc[0m[35m[1m.[0m[1mid[0m[1m)[0m[1m,[0m [1mrows[0m[1m)[0m
    [36m      │       │         │    │                  │   │    └ [0m[36m[1m[VectorRow(id='b66a1c84-4d55-40c0-bb65-f94f47da4905', doc_id='6477b08a-305f-4f27-82be-b3455d12901f', kb_id='c3b2df22-3f20-416...[0m
    [36m      │       │         │    │                  │   └ [0m[36m[1m<sqlalchemy.orm.attributes.InstrumentedAttribute object at 0x0000028E68DDE660>[0m
    [36m      │       │         │    │                  └ [0m[36m[1m<src.domain.models.Document object at 0x0000028E0296E360>[0m
    [36m      │       │         │    └ [0m[36m[1m<function IndexingService._write_milvus at 0x0000028E6A012A20>[0m
    [36m      │       │         └ [0m[36m[1m<src.application.indexing_service.IndexingService object at 0x0000028E81647460>[0m
    [36m      │       └ [0m[36m[1m<function to_thread at 0x0000028E659B4540>[0m
    [36m      └ [0m[36m[1m<module 'asyncio' from 'C:\\Users\\Administrator\\AppData\\Local\\Programs\\Python\\Python313\\Lib\\asyncio\\__init__.py'>[0m

  File "C:\Users\Administrator\AppData\Local\Programs\Python\Python313\Lib\asyncio\threads.py", line 26, in to_thread
    return await loop.run_in_executor(None, func_call)
                 │    │                     └ functools.partial(<built-in method run of _contextvars.Context object at 0x0000028E61591E00>, <bound method IndexingService._...
                 │    └ <function BaseEventLoop.run_in_executor at 0x0000028E659AE2A0>
                 └ <ProactorEventLoop running=False closed=True debug=False>
  File "C:\Users\Administrator\AppData\Local\Programs\Python\Python313\Lib\concurrent\futures\thread.py", line 59, in run
    result = self.fn(*self.args, **self.kwargs)
             │        │            └ None
             │        └ None
             └ None

  File "[32mC:\bi ye she ji\backend\src\application\[0m[32m[1mindexing_service.py[0m", line [33m130[0m, in [35m_write_milvus[0m
    [1mself[0m[35m[1m.[0m[1mstore[0m[35m[1m.[0m[1mensure_collection[0m[1m([0m[1m)[0m
    [36m│    │     └ [0m[36m[1m<function MilvusStore.ensure_collection at 0x0000028E69436160>[0m
    [36m│    └ [0m[36m[1m<src.infrastructure.milvus_store.MilvusStore object at 0x0000028E69F91400>[0m
    [36m└ [0m[36m[1m<src.application.indexing_service.IndexingService object at 0x0000028E81647460>[0m

  File "[32mC:\bi ye she ji\backend\src\infrastructure\[0m[32m[1mmilvus_store.py[0m", line [33m99[0m, in [35mensure_collection[0m
    [1mclient[0m [35m[1m=[0m [1mself[0m[35m[1m.[0m[1m_get_client[0m[1m([0m[1m)[0m
    [36m         │    └ [0m[36m[1m<function MilvusStore._get_client at 0x0000028E694360C0>[0m
    [36m         └ [0m[36m[1m<src.infrastructure.milvus_store.MilvusStore object at 0x0000028E69F91400>[0m

  File "[32mC:\bi ye she ji\backend\src\infrastructure\[0m[32m[1mmilvus_store.py[0m", line [33m95[0m, in [35m_get_client[0m
    [35m[1mraise[0m [1mVectorStoreError[0m[1m([0m[36mf"[0m[36mMilvus 连接失败（[0m[1m{[0m[1mself[0m[35m[1m.[0m[1m_uri[0m[1m}[0m[36m）：[0m[1m{[0m[1mexc[0m[1m}[0m[36m"[0m[1m)[0m [35m[1mfrom[0m [1mexc[0m
    [36m      │                               │    └ [0m[36m[1m'http://localhost:19530'[0m
    [36m      │                               └ [0m[36m[1m<src.infrastructure.milvus_store.MilvusStore object at 0x0000028E69F91400>[0m
    [36m      └ [0m[36m[1m<class 'src.infrastructure.milvus_store.VectorStoreError'>[0m

[31m[1msrc.infrastructure.milvus_store.VectorStoreError[0m:[1m Milvus 连接失败（http://localhost:19530）：<MilvusException: (code=2, message=Fail connecting to server on localhost:19530, illegal connection params or server unavailable)>[0m


[1mThe above exception was the direct cause of the following exception:[0m


[33m[1mTraceback (most recent call last):[0m

  File "C:\Users\Administrator\AppData\Local\Programs\Python\Python313\Lib\threading.py", line 1015, in _bootstrap
    self._bootstrap_inner()
    │    └ <function Thread._bootstrap_inner at 0x0000028E636BD940>
    └ <WorkerThread(AnyIO worker thread, started 13524)>
  File "C:\Users\Administrator\AppData\Local\Programs\Python\Python313\Lib\threading.py", line 1044, in _bootstrap_inner
    self.run()
    │    └ <function WorkerThread.run at 0x0000028E6A001B20>
    └ <WorkerThread(AnyIO worker thread, started 13524)>
  File "C:\bi ye she ji\backend\venv\Lib\site-packages\anyio\_backends\_asyncio.py", line 1100, in run
    result = context.run(func, *args)
             │       │   │      └ ()
             │       │   └ functools.partial(<function _run_vectorize_safely at 0x0000028E6944EE80>, '6477b08a-305f-4f27-82be-b3455d12901f')
             │       └ <method 'run' of '_contextvars.Context' objects>
             └ <_contextvars.Context object at 0x0000028E01BB5A00>

> File "[32mC:\bi ye she ji\backend\src\api\routes\[0m[32m[1mdocuments.py[0m", line [33m131[0m, in [35m_run_vectorize_safely[0m
    [1mrun_vectorize[0m[1m([0m[1mdoc_id[0m[1m)[0m
    [36m│             └ [0m[36m[1m'6477b08a-305f-4f27-82be-b3455d12901f'[0m
    [36m└ [0m[36m[1m<function run_vectorize at 0x0000028E6A012200>[0m

  File "[32mC:\bi ye she ji\backend\src\application\[0m[32m[1mindex_runner.py[0m", line [33m43[0m, in [35mrun_vectorize[0m
    [35m[1mreturn[0m [1masyncio[0m[35m[1m.[0m[1mrun[0m[1m([0m[1m_run[0m[1m([0m[1m)[0m[1m)[0m
    [36m       │       │   └ [0m[36m[1m<function run_vectorize.<locals>._run at 0x0000028E01BAD760>[0m
    [36m       │       └ [0m[36m[1m<function run at 0x0000028E655719E0>[0m
    [36m       └ [0m[36m[1m<module 'asyncio' from 'C:\\Users\\Administrator\\AppData\\Local\\Programs\\Python\\Python313\\Lib\\asyncio\\__init__.py'>[0m

  File "C:\Users\Administrator\AppData\Local\Programs\Python\Python313\Lib\asyncio\runners.py", line 196, in run
    return runner.run(main)
           │      │   └ <coroutine object run_vectorize.<locals>._run at 0x0000028E02977560>
           │      └ <function Runner.run at 0x0000028E659AFEC0>
           └ <asyncio.runners.Runner object at 0x0000028E01B50ED0>
  File "C:\Users\Administrator\AppData\Local\Programs\Python\Python313\Lib\asyncio\runners.py", line 119, in run
    return self._loop.run_until_complete(task)
           │    │                        └ <Task finished name='Task-304' coro=<run_vectorize.<locals>._run() done, defined at C:\bi ye she ji\backend\src\application\i...
           │    └ None
           └ <asyncio.runners.Runner object at 0x0000028E01B50ED0>
  File "C:\Users\Administrator\AppData\Local\Programs\Python\Python313\Lib\asyncio\base_events.py", line 725, in run_until_complete
    return future.result()
           │      └ <method 'result' of '_asyncio.Task' objects>
           └ <Task finished name='Task-304' coro=<run_vectorize.<locals>._run() done, defined at C:\bi ye she ji\backend\src\application\i...

  File "[32mC:\bi ye she ji\backend\src\application\[0m[32m[1mindex_runner.py[0m", line [33m32[0m, in [35m_run[0m
    [1mdoc[0m [35m[1m=[0m [35m[1mawait[0m [1mservice[0m[35m[1m.[0m[1mrun[0m[1m([0m[1muuid[0m[35m[1m.[0m[1mUUID[0m[1m([0m[1mdoc_id[0m[1m)[0m[1m)[0m
    [36m            │       │   │    │    └ [0m[36m[1m'6477b08a-305f-4f27-82be-b3455d12901f'[0m
    [36m            │       │   │    └ [0m[36m[1m<class 'uuid.UUID'>[0m
    [36m            │       │   └ [0m[36m[1m<module 'uuid' from 'C:\\Users\\Administrator\\AppData\\Local\\Programs\\Python\\Python313\\Lib\\uuid.py'>[0m
    [36m            │       └ [0m[36m[1m<function IndexingService.run at 0x0000028E6A0128E0>[0m
    [36m            └ [0m[36m[1m<src.application.indexing_service.IndexingService object at 0x0000028E81647460>[0m

  File "[32mC:\bi ye she ji\backend\src\application\[0m[32m[1mindexing_service.py[0m", line [33m87[0m, in [35mrun[0m
    [35m[1mraise[0m [1mAppException[0m[1m([0m[34m[1m422[0m[1m,[0m [36mf"[0m[36m向量化失败：[0m[1m{[0m[1mexc[0m[1m}[0m[36m"[0m[1m)[0m [35m[1mfrom[0m [1mexc[0m
    [36m      └ [0m[36m[1m<class 'src.core.exceptions.AppException'>[0m

[31m[1msrc.core.exceptions.AppException[0m:[1m 向量化失败：Milvus 连接失败（http://localhost:19530）：<MilvusException: (code=2, message=Fail connecting to server on localhost:19530, illegal connection params or server unavailable)>[0m
[32m2026-09-06 11:50:07.808[0m | [1mINFO    [0m | [36msrc.application.index_runner[0m:[36m41[0m - [1m开始向量化文档 doc_id=dcddf854-1dfa-4e6d-be95-4db11564514a[0m
2026-09-06 11:50:08,630 [ERROR][_create_connection]: Failed to create new connection using: c47a3c8d748b43a39bf6063cdd22c31e (milvus_client.py:852)
[32m2026-09-06 11:50:08.631[0m | [31m[1mERROR   [0m | [36msrc.application.indexing_service[0m:[36m85[0m - [31m[1m文档向量化失败 doc_id=54905853-95e9-4e4b-b007-6fbedaea64da: Milvus 连接失败（http://localhost:19530）：<MilvusException: (code=2, message=Fail connecting to server on localhost:19530, illegal connection params or server unavailable)>[0m
[32m2026-09-06 11:50:08.646[0m | [31m[1mERROR   [0m | [36msrc.api.routes.documents[0m:[36m133[0m - [31m[1m后台向量化任务执行失败 doc_id=54905853-95e9-4e4b-b007-6fbedaea64da[0m
[33m[1mTraceback (most recent call last):[0m

  File "[32mC:\bi ye she ji\backend\src\infrastructure\[0m[32m[1mmilvus_store.py[0m", line [33m93[0m, in [35m_get_client[0m
    [1mself[0m[35m[1m.[0m[1m_client[0m [35m[1m=[0m [1mMilvusClient[0m[1m([0m[1muri[0m[35m[1m=[0m[1mself[0m[35m[1m.[0m[1m_uri[0m[1m)[0m
    [36m│    │         │                │    └ [0m[36m[1m'http://localhost:19530'[0m
    [36m│    │         │                └ [0m[36m[1m<src.infrastructure.milvus_store.MilvusStore object at 0x0000028E69F91400>[0m
    [36m│    │         └ [0m[36m[1m<class 'pymilvus.milvus_client.milvus_client.MilvusClient'>[0m
    [36m│    └ [0m[36m[1mNone[0m
    [36m└ [0m[36m[1m<src.infrastructure.milvus_store.MilvusStore object at 0x0000028E69F91400>[0m

  File "C:\bi ye she ji\backend\venv\Lib\site-packages\pymilvus\milvus_client\milvus_client.py", line 65, in __init__
    self._using = self._create_connection(
    │             │    └ <function MilvusClient._create_connection at 0x0000028E60909260>
    │             └ <pymilvus.milvus_client.milvus_client.MilvusClient object at 0x0000028E8169F7F0>
    └ <pymilvus.milvus_client.milvus_client.MilvusClient object at 0x0000028E8169F7F0>
  File "C:\bi ye she ji\backend\venv\Lib\site-packages\pymilvus\milvus_client\milvus_client.py", line 853, in _create_connection
    raise ex from ex
  File "C:\bi ye she ji\backend\venv\Lib\site-packages\pymilvus\milvus_client\milvus_client.py", line 850, in _create_connection
    connections.connect(using, user, password, db_name, token, uri=uri, **kwargs)
    │           │       │      │     │         │        │          │      └ {'timeout': None}
    │           │       │      │     │         │        │          └ 'http://localhost:19530'
    │           │       │      │     │         │        └ ''
    │           │       │      │     │         └ ''
    │           │       │      │     └ ''
    │           │       │      └ ''
    │           │       └ 'c47a3c8d748b43a39bf6063cdd22c31e'
    │           └ <function Connections.connect at 0x0000028E6051A0C0>
    └ <pymilvus.orm.connections.Connections object at 0x0000028E604D12B0>
  File "C:\bi ye she ji\backend\venv\Lib\site-packages\pymilvus\orm\connections.py", line 461, in connect
    connect_milvus(**kwargs, user=user, password=password, token=token, db_name=db_name)
    │                │            │              │               │              └ ''
    │                │            │              │               └ ''
    │                │            │              └ ''
    │                │            └ ''
    │                └ {'timeout': None, 'address': 'localhost:19530'}
    └ <function Connections.connect.<locals>.connect_milvus at 0x0000028E839E8360>
  File "C:\bi ye she ji\backend\venv\Lib\site-packages\pymilvus\orm\connections.py", line 411, in connect_milvus
    gh._wait_for_channel_ready(timeout=timeout)
    │  │                               └ 10.0
    │  └ <function GrpcHandler._wait_for_channel_ready at 0x0000028E604BFC40>
    └ <pymilvus.client.grpc_handler.GrpcHandler object at 0x0000028E8168F3F0>
  File "C:\bi ye she ji\backend\venv\Lib\site-packages\pymilvus\client\grpc_handler.py", line 154, in _wait_for_channel_ready
    raise MilvusException(
          └ <class 'pymilvus.exceptions.MilvusException'>

[31m[1mpymilvus.exceptions.MilvusException[0m:[1m <MilvusException: (code=2, message=Fail connecting to server on localhost:19530, illegal connection params or server unavailable)>[0m


[1mThe above exception was the direct cause of the following exception:[0m


[33m[1mTraceback (most recent call last):[0m

  File "[32mC:\bi ye she ji\backend\src\application\[0m[32m[1mindexing_service.py[0m", line [33m83[0m, in [35mrun[0m
    [35m[1mawait[0m [1masyncio[0m[35m[1m.[0m[1mto_thread[0m[1m([0m[1mself[0m[35m[1m.[0m[1m_write_milvus[0m[1m,[0m [1mstr[0m[1m([0m[1mdoc[0m[35m[1m.[0m[1mid[0m[1m)[0m[1m,[0m [1mrows[0m[1m)[0m
    [36m      │       │         │    │                  │   │    └ [0m[36m[1m[VectorRow(id='7867c73b-1e09-4e58-85bf-56d9c7469c7c', doc_id='54905853-95e9-4e4b-b007-6fbedaea64da', kb_id='7b534450-b371-4f8...[0m
    [36m      │       │         │    │                  │   └ [0m[36m[1m<sqlalchemy.orm.attributes.InstrumentedAttribute object at 0x0000028E68DDE660>[0m
    [36m      │       │         │    │                  └ [0m[36m[1m<src.domain.models.Document object at 0x0000028E0296D440>[0m
    [36m      │       │         │    └ [0m[36m[1m<function IndexingService._write_milvus at 0x0000028E6A012A20>[0m
    [36m      │       │         └ [0m[36m[1m<src.application.indexing_service.IndexingService object at 0x0000028E83A14670>[0m
    [36m      │       └ [0m[36m[1m<function to_thread at 0x0000028E659B4540>[0m
    [36m      └ [0m[36m[1m<module 'asyncio' from 'C:\\Users\\Administrator\\AppData\\Local\\Programs\\Python\\Python313\\Lib\\asyncio\\__init__.py'>[0m

  File "C:\Users\Administrator\AppData\Local\Programs\Python\Python313\Lib\asyncio\threads.py", line 26, in to_thread
    return await loop.run_in_executor(None, func_call)
                 │    │                     └ functools.partial(<built-in method run of _contextvars.Context object at 0x0000028E68A70180>, <bound method IndexingService._...
                 │    └ <function BaseEventLoop.run_in_executor at 0x0000028E659AE2A0>
                 └ <ProactorEventLoop running=False closed=True debug=False>
  File "C:\Users\Administrator\AppData\Local\Programs\Python\Python313\Lib\concurrent\futures\thread.py", line 59, in run
    result = self.fn(*self.args, **self.kwargs)
             │        │            └ None
             │        └ None
             └ None

  File "[32mC:\bi ye she ji\backend\src\application\[0m[32m[1mindexing_service.py[0m", line [33m130[0m, in [35m_write_milvus[0m
    [1mself[0m[35m[1m.[0m[1mstore[0m[35m[1m.[0m[1mensure_collection[0m[1m([0m[1m)[0m
    [36m│    │     └ [0m[36m[1m<function MilvusStore.ensure_collection at 0x0000028E69436160>[0m
    [36m│    └ [0m[36m[1m<src.infrastructure.milvus_store.MilvusStore object at 0x0000028E69F91400>[0m
    [36m└ [0m[36m[1m<src.application.indexing_service.IndexingService object at 0x0000028E83A14670>[0m

  File "[32mC:\bi ye she ji\backend\src\infrastructure\[0m[32m[1mmilvus_store.py[0m", line [33m99[0m, in [35mensure_collection[0m
    [1mclient[0m [35m[1m=[0m [1mself[0m[35m[1m.[0m[1m_get_client[0m[1m([0m[1m)[0m
    [36m         │    └ [0m[36m[1m<function MilvusStore._get_client at 0x0000028E694360C0>[0m
    [36m         └ [0m[36m[1m<src.infrastructure.milvus_store.MilvusStore object at 0x0000028E69F91400>[0m

  File "[32mC:\bi ye she ji\backend\src\infrastructure\[0m[32m[1mmilvus_store.py[0m", line [33m95[0m, in [35m_get_client[0m
    [35m[1mraise[0m [1mVectorStoreError[0m[1m([0m[36mf"[0m[36mMilvus 连接失败（[0m[1m{[0m[1mself[0m[35m[1m.[0m[1m_uri[0m[1m}[0m[36m）：[0m[1m{[0m[1mexc[0m[1m}[0m[36m"[0m[1m)[0m [35m[1mfrom[0m [1mexc[0m
    [36m      │                               │    └ [0m[36m[1m'http://localhost:19530'[0m
    [36m      │                               └ [0m[36m[1m<src.infrastructure.milvus_store.MilvusStore object at 0x0000028E69F91400>[0m
    [36m      └ [0m[36m[1m<class 'src.infrastructure.milvus_store.VectorStoreError'>[0m

[31m[1msrc.infrastructure.milvus_store.VectorStoreError[0m:[1m Milvus 连接失败（http://localhost:19530）：<MilvusException: (code=2, message=Fail connecting to server on localhost:19530, illegal connection params or server unavailable)>[0m


[1mThe above exception was the direct cause of the following exception:[0m


[33m[1mTraceback (most recent call last):[0m

  File "C:\Users\Administrator\AppData\Local\Programs\Python\Python313\Lib\threading.py", line 1015, in _bootstrap
    self._bootstrap_inner()
    │    └ <function Thread._bootstrap_inner at 0x0000028E636BD940>
    └ <WorkerThread(AnyIO worker thread, started 22676)>
  File "C:\Users\Administrator\AppData\Local\Programs\Python\Python313\Lib\threading.py", line 1044, in _bootstrap_inner
    self.run()
    │    └ <function WorkerThread.run at 0x0000028E6A001B20>
    └ <WorkerThread(AnyIO worker thread, started 22676)>
  File "C:\bi ye she ji\backend\venv\Lib\site-packages\anyio\_backends\_asyncio.py", line 1100, in run
    result = context.run(func, *args)
             │       │   │      └ ()
             │       │   └ functools.partial(<function _run_vectorize_safely at 0x0000028E6944EE80>, '54905853-95e9-4e4b-b007-6fbedaea64da')
             │       └ <method 'run' of '_contextvars.Context' objects>
             └ <_contextvars.Context object at 0x0000028E025DFFC0>

> File "[32mC:\bi ye she ji\backend\src\api\routes\[0m[32m[1mdocuments.py[0m", line [33m131[0m, in [35m_run_vectorize_safely[0m
    [1mrun_vectorize[0m[1m([0m[1mdoc_id[0m[1m)[0m
    [36m│             └ [0m[36m[1m'54905853-95e9-4e4b-b007-6fbedaea64da'[0m
    [36m└ [0m[36m[1m<function run_vectorize at 0x0000028E6A012200>[0m

  File "[32mC:\bi ye she ji\backend\src\application\[0m[32m[1mindex_runner.py[0m", line [33m43[0m, in [35mrun_vectorize[0m
    [35m[1mreturn[0m [1masyncio[0m[35m[1m.[0m[1mrun[0m[1m([0m[1m_run[0m[1m([0m[1m)[0m[1m)[0m
    [36m       │       │   └ [0m[36m[1m<function run_vectorize.<locals>._run at 0x0000028E025ED800>[0m
    [36m       │       └ [0m[36m[1m<function run at 0x0000028E655719E0>[0m
    [36m       └ [0m[36m[1m<module 'asyncio' from 'C:\\Users\\Administrator\\AppData\\Local\\Programs\\Python\\Python313\\Lib\\asyncio\\__init__.py'>[0m

  File "C:\Users\Administrator\AppData\Local\Programs\Python\Python313\Lib\asyncio\runners.py", line 196, in run
    return runner.run(main)
           │      │   └ <coroutine object run_vectorize.<locals>._run at 0x0000028E60BAD580>
           │      └ <function Runner.run at 0x0000028E659AFEC0>
           └ <asyncio.runners.Runner object at 0x0000028E81697750>
  File "C:\Users\Administrator\AppData\Local\Programs\Python\Python313\Lib\asyncio\runners.py", line 119, in run
    return self._loop.run_until_complete(task)
           │    │                        └ <Task finished name='Task-311' coro=<run_vectorize.<locals>._run() done, defined at C:\bi ye she ji\backend\src\application\i...
           │    └ None
           └ <asyncio.runners.Runner object at 0x0000028E81697750>
  File "C:\Users\Administrator\AppData\Local\Programs\Python\Python313\Lib\asyncio\base_events.py", line 725, in run_until_complete
    return future.result()
           │      └ <method 'result' of '_asyncio.Task' objects>
           └ <Task finished name='Task-311' coro=<run_vectorize.<locals>._run() done, defined at C:\bi ye she ji\backend\src\application\i...

  File "[32mC:\bi ye she ji\backend\src\application\[0m[32m[1mindex_runner.py[0m", line [33m32[0m, in [35m_run[0m
    [1mdoc[0m [35m[1m=[0m [35m[1mawait[0m [1mservice[0m[35m[1m.[0m[1mrun[0m[1m([0m[1muuid[0m[35m[1m.[0m[1mUUID[0m[1m([0m[1mdoc_id[0m[1m)[0m[1m)[0m
    [36m            │       │   │    │    └ [0m[36m[1m'54905853-95e9-4e4b-b007-6fbedaea64da'[0m
    [36m            │       │   │    └ [0m[36m[1m<class 'uuid.UUID'>[0m
    [36m            │       │   └ [0m[36m[1m<module 'uuid' from 'C:\\Users\\Administrator\\AppData\\Local\\Programs\\Python\\Python313\\Lib\\uuid.py'>[0m
    [36m            │       └ [0m[36m[1m<function IndexingService.run at 0x0000028E6A0128E0>[0m
    [36m            └ [0m[36m[1m<src.application.indexing_service.IndexingService object at 0x0000028E83A14670>[0m

  File "[32mC:\bi ye she ji\backend\src\application\[0m[32m[1mindexing_service.py[0m", line [33m87[0m, in [35mrun[0m
    [35m[1mraise[0m [1mAppException[0m[1m([0m[34m[1m422[0m[1m,[0m [36mf"[0m[36m向量化失败：[0m[1m{[0m[1mexc[0m[1m}[0m[36m"[0m[1m)[0m [35m[1mfrom[0m [1mexc[0m
    [36m      └ [0m[36m[1m<class 'src.core.exceptions.AppException'>[0m

[31m[1msrc.core.exceptions.AppException[0m:[1m 向量化失败：Milvus 连接失败（http://localhost:19530）：<MilvusException: (code=2, message=Fail connecting to server on localhost:19530, illegal connection params or server unavailable)>[0m
[32m2026-09-06 11:50:08.658[0m | [1mINFO    [0m | [36msrc.application.index_runner[0m:[36m41[0m - [1m开始向量化文档 doc_id=26f851ca-e1ed-4e9f-88af-b903cdedc1bb[0m
2026-09-06 11:50:18,465 [ERROR][_create_connection]: Failed to create new connection using: 8abf970b714d40a9a1e4cc61ba4a0912 (milvus_client.py:852)
[32m2026-09-06 11:50:18.473[0m | [31m[1mERROR   [0m | [36msrc.application.indexing_service[0m:[36m85[0m - [31m[1m文档向量化失败 doc_id=75da6561-8289-4726-a2a2-74c8d8bc5c3c: Milvus 连接失败（http://localhost:19530）：<MilvusException: (code=2, message=Fail connecting to server on localhost:19530, illegal connection params or server unavailable)>[0m
[32m2026-09-06 11:50:18.486[0m | [31m[1mERROR   [0m | [36msrc.api.routes.documents[0m:[36m133[0m - [31m[1m后台向量化任务执行失败 doc_id=75da6561-8289-4726-a2a2-74c8d8bc5c3c[0m
[33m[1mTraceback (most recent call last):[0m

  File "[32mC:\bi ye she ji\backend\src\infrastructure\[0m[32m[1mmilvus_store.py[0m", line [33m93[0m, in [35m_get_client[0m
    [1mself[0m[35m[1m.[0m[1m_client[0m [35m[1m=[0m [1mMilvusClient[0m[1m([0m[1muri[0m[35m[1m=[0m[1mself[0m[35m[1m.[0m[1m_uri[0m[1m)[0m
    [36m│    │         │                │    └ [0m[36m[1m'http://localhost:19530'[0m
    [36m│    │         │                └ [0m[36m[1m<src.infrastructure.milvus_store.MilvusStore object at 0x0000028E69F91400>[0m
    [36m│    │         └ [0m[36m[1m<class 'pymilvus.milvus_client.milvus_client.MilvusClient'>[0m
    [36m│    └ [0m[36m[1mNone[0m
    [36m└ [0m[36m[1m<src.infrastructure.milvus_store.MilvusStore object at 0x0000028E69F91400>[0m

  File "C:\bi ye she ji\backend\venv\Lib\site-packages\pymilvus\milvus_client\milvus_client.py", line 65, in __init__
    self._using = self._create_connection(
    │             │    └ <function MilvusClient._create_connection at 0x0000028E60909260>
    │             └ <pymilvus.milvus_client.milvus_client.MilvusClient object at 0x0000028E60B2CA50>
    └ <pymilvus.milvus_client.milvus_client.MilvusClient object at 0x0000028E60B2CA50>
  File "C:\bi ye she ji\backend\venv\Lib\site-packages\pymilvus\milvus_client\milvus_client.py", line 853, in _create_connection
    raise ex from ex
  File "C:\bi ye she ji\backend\venv\Lib\site-packages\pymilvus\milvus_client\milvus_client.py", line 850, in _create_connection
    connections.connect(using, user, password, db_name, token, uri=uri, **kwargs)
    │           │       │      │     │         │        │          │      └ {'timeout': None}
    │           │       │      │     │         │        │          └ 'http://localhost:19530'
    │           │       │      │     │         │        └ ''
    │           │       │      │     │         └ ''
    │           │       │      │     └ ''
    │           │       │      └ ''
    │           │       └ '8abf970b714d40a9a1e4cc61ba4a0912'
    │           └ <function Connections.connect at 0x0000028E6051A0C0>
    └ <pymilvus.orm.connections.Connections object at 0x0000028E604D12B0>
  File "C:\bi ye she ji\backend\venv\Lib\site-packages\pymilvus\orm\connections.py", line 461, in connect
    connect_milvus(**kwargs, user=user, password=password, token=token, db_name=db_name)
    │                │            │              │               │              └ ''
    │                │            │              │               └ ''
    │                │            │              └ ''
    │                │            └ ''
    │                └ {'timeout': None, 'address': 'localhost:19530'}
    └ <function Connections.connect.<locals>.connect_milvus at 0x0000028E816831A0>
  File "C:\bi ye she ji\backend\venv\Lib\site-packages\pymilvus\orm\connections.py", line 411, in connect_milvus
    gh._wait_for_channel_ready(timeout=timeout)
    │  │                               └ 10.0
    │  └ <function GrpcHandler._wait_for_channel_ready at 0x0000028E604BFC40>
    └ <pymilvus.client.grpc_handler.GrpcHandler object at 0x0000028E8168E510>
  File "C:\bi ye she ji\backend\venv\Lib\site-packages\pymilvus\client\grpc_handler.py", line 154, in _wait_for_channel_ready
    raise MilvusException(
          └ <class 'pymilvus.exceptions.MilvusException'>

[31m[1mpymilvus.exceptions.MilvusException[0m:[1m <MilvusException: (code=2, message=Fail connecting to server on localhost:19530, illegal connection params or server unavailable)>[0m


[1mThe above exception was the direct cause of the following exception:[0m


[33m[1mTraceback (most recent call last):[0m

  File "[32mC:\bi ye she ji\backend\src\application\[0m[32m[1mindexing_service.py[0m", line [33m83[0m, in [35mrun[0m
    [35m[1mawait[0m [1masyncio[0m[35m[1m.[0m[1mto_thread[0m[1m([0m[1mself[0m[35m[1m.[0m[1m_write_milvus[0m[1m,[0m [1mstr[0m[1m([0m[1mdoc[0m[35m[1m.[0m[1mid[0m[1m)[0m[1m,[0m [1mrows[0m[1m)[0m
    [36m      │       │         │    │                  │   │    └ [0m[36m[1m[VectorRow(id='99394756-5282-4f30-8b19-2a5eff5fc5f0', doc_id='75da6561-8289-4726-a2a2-74c8d8bc5c3c', kb_id='5240a336-fd30-42e...[0m
    [36m      │       │         │    │                  │   └ [0m[36m[1m<sqlalchemy.orm.attributes.InstrumentedAttribute object at 0x0000028E68DDE660>[0m
    [36m      │       │         │    │                  └ [0m[36m[1m<src.domain.models.Document object at 0x0000028E7E8CCC00>[0m
    [36m      │       │         │    └ [0m[36m[1m<function IndexingService._write_milvus at 0x0000028E6A012A20>[0m
    [36m      │       │         └ [0m[36m[1m<src.application.indexing_service.IndexingService object at 0x0000028E6098B620>[0m
    [36m      │       └ [0m[36m[1m<function to_thread at 0x0000028E659B4540>[0m
    [36m      └ [0m[36m[1m<module 'asyncio' from 'C:\\Users\\Administrator\\AppData\\Local\\Programs\\Python\\Python313\\Lib\\asyncio\\__init__.py'>[0m

  File "C:\Users\Administrator\AppData\Local\Programs\Python\Python313\Lib\asyncio\threads.py", line 26, in to_thread
    return await loop.run_in_executor(None, func_call)
                 │    │                     └ functools.partial(<built-in method run of _contextvars.Context object at 0x0000028E01B5FFC0>, <bound method IndexingService._...
                 │    └ <function BaseEventLoop.run_in_executor at 0x0000028E659AE2A0>
                 └ <ProactorEventLoop running=False closed=True debug=False>
  File "C:\Users\Administrator\AppData\Local\Programs\Python\Python313\Lib\concurrent\futures\thread.py", line 59, in run
    result = self.fn(*self.args, **self.kwargs)
             │        │            └ None
             │        └ None
             └ None

  File "[32mC:\bi ye she ji\backend\src\application\[0m[32m[1mindexing_service.py[0m", line [33m130[0m, in [35m_write_milvus[0m
    [1mself[0m[35m[1m.[0m[1mstore[0m[35m[1m.[0m[1mensure_collection[0m[1m([0m[1m)[0m
    [36m│    │     └ [0m[36m[1m<function MilvusStore.ensure_collection at 0x0000028E69436160>[0m
    [36m│    └ [0m[36m[1m<src.infrastructure.milvus_store.MilvusStore object at 0x0000028E69F91400>[0m
    [36m└ [0m[36m[1m<src.application.indexing_service.IndexingService object at 0x0000028E6098B620>[0m

  File "[32mC:\bi ye she ji\backend\src\infrastructure\[0m[32m[1mmilvus_store.py[0m", line [33m99[0m, in [35mensure_collection[0m
    [1mclient[0m [35m[1m=[0m [1mself[0m[35m[1m.[0m[1m_get_client[0m[1m([0m[1m)[0m
    [36m         │    └ [0m[36m[1m<function MilvusStore._get_client at 0x0000028E694360C0>[0m
    [36m         └ [0m[36m[1m<src.infrastructure.milvus_store.MilvusStore object at 0x0000028E69F91400>[0m

  File "[32mC:\bi ye she ji\backend\src\infrastructure\[0m[32m[1mmilvus_store.py[0m", line [33m95[0m, in [35m_get_client[0m
    [35m[1mraise[0m [1mVectorStoreError[0m[1m([0m[36mf"[0m[36mMilvus 连接失败（[0m[1m{[0m[1mself[0m[35m[1m.[0m[1m_uri[0m[1m}[0m[36m）：[0m[1m{[0m[1mexc[0m[1m}[0m[36m"[0m[1m)[0m [35m[1mfrom[0m [1mexc[0m
    [36m      │                               │    └ [0m[36m[1m'http://localhost:19530'[0m
    [36m      │                               └ [0m[36m[1m<src.infrastructure.milvus_store.MilvusStore object at 0x0000028E69F91400>[0m
    [36m      └ [0m[36m[1m<class 'src.infrastructure.milvus_store.VectorStoreError'>[0m

[31m[1msrc.infrastructure.milvus_store.VectorStoreError[0m:[1m Milvus 连接失败（http://localhost:19530）：<MilvusException: (code=2, message=Fail connecting to server on localhost:19530, illegal connection params or server unavailable)>[0m


[1mThe above exception was the direct cause of the following exception:[0m


[33m[1mTraceback (most recent call last):[0m

  File "C:\Users\Administrator\AppData\Local\Programs\Python\Python313\Lib\threading.py", line 1015, in _bootstrap
    self._bootstrap_inner()
    │    └ <function Thread._bootstrap_inner at 0x0000028E636BD940>
    └ <WorkerThread(AnyIO worker thread, started 7024)>
  File "C:\Users\Administrator\AppData\Local\Programs\Python\Python313\Lib\threading.py", line 1044, in _bootstrap_inner
    self.run()
    │    └ <function WorkerThread.run at 0x0000028E6A001B20>
    └ <WorkerThread(AnyIO worker thread, started 7024)>
  File "C:\bi ye she ji\backend\venv\Lib\site-packages\anyio\_backends\_asyncio.py", line 1100, in run
    result = context.run(func, *args)
             │       │   │      └ ()
             │       │   └ functools.partial(<function _run_vectorize_safely at 0x0000028E6944EE80>, '75da6561-8289-4726-a2a2-74c8d8bc5c3c')
             │       └ <method 'run' of '_contextvars.Context' objects>
             └ <_contextvars.Context object at 0x0000028E01BB5100>

> File "[32mC:\bi ye she ji\backend\src\api\routes\[0m[32m[1mdocuments.py[0m", line [33m131[0m, in [35m_run_vectorize_safely[0m
    [1mrun_vectorize[0m[1m([0m[1mdoc_id[0m[1m)[0m
    [36m│             └ [0m[36m[1m'75da6561-8289-4726-a2a2-74c8d8bc5c3c'[0m
    [36m└ [0m[36m[1m<function run_vectorize at 0x0000028E6A012200>[0m

  File "[32mC:\bi ye she ji\backend\src\application\[0m[32m[1mindex_runner.py[0m", line [33m43[0m, in [35mrun_vectorize[0m
    [35m[1mreturn[0m [1masyncio[0m[35m[1m.[0m[1mrun[0m[1m([0m[1m_run[0m[1m([0m[1m)[0m[1m)[0m
    [36m       │       │   └ [0m[36m[1m<function run_vectorize.<locals>._run at 0x0000028E025EE200>[0m
    [36m       │       └ [0m[36m[1m<function run at 0x0000028E655719E0>[0m
    [36m       └ [0m[36m[1m<module 'asyncio' from 'C:\\Users\\Administrator\\AppData\\Local\\Programs\\Python\\Python313\\Lib\\asyncio\\__init__.py'>[0m

  File "C:\Users\Administrator\AppData\Local\Programs\Python\Python313\Lib\asyncio\runners.py", line 196, in run
    return runner.run(main)
           │      │   └ <coroutine object run_vectorize.<locals>._run at 0x0000028E60980590>
           │      └ <function Runner.run at 0x0000028E659AFEC0>
           └ <asyncio.runners.Runner object at 0x0000028E81635A50>
  File "C:\Users\Administrator\AppData\Local\Programs\Python\Python313\Lib\asyncio\runners.py", line 119, in run
    return self._loop.run_until_complete(task)
           │    │                        └ <Task finished name='Task-318' coro=<run_vectorize.<locals>._run() done, defined at C:\bi ye she ji\backend\src\application\i...
           │    └ None
           └ <asyncio.runners.Runner object at 0x0000028E81635A50>
  File "C:\Users\Administrator\AppData\Local\Programs\Python\Python313\Lib\asyncio\base_events.py", line 725, in run_until_complete
    return future.result()
           │      └ <method 'result' of '_asyncio.Task' objects>
           └ <Task finished name='Task-318' coro=<run_vectorize.<locals>._run() done, defined at C:\bi ye she ji\backend\src\application\i...

  File "[32mC:\bi ye she ji\backend\src\application\[0m[32m[1mindex_runner.py[0m", line [33m32[0m, in [35m_run[0m
    [1mdoc[0m [35m[1m=[0m [35m[1mawait[0m [1mservice[0m[35m[1m.[0m[1mrun[0m[1m([0m[1muuid[0m[35m[1m.[0m[1mUUID[0m[1m([0m[1mdoc_id[0m[1m)[0m[1m)[0m
    [36m            │       │   │    │    └ [0m[36m[1m'75da6561-8289-4726-a2a2-74c8d8bc5c3c'[0m
    [36m            │       │   │    └ [0m[36m[1m<class 'uuid.UUID'>[0m
    [36m            │       │   └ [0m[36m[1m<module 'uuid' from 'C:\\Users\\Administrator\\AppData\\Local\\Programs\\Python\\Python313\\Lib\\uuid.py'>[0m
    [36m            │       └ [0m[36m[1m<function IndexingService.run at 0x0000028E6A0128E0>[0m
    [36m            └ [0m[36m[1m<src.application.indexing_service.IndexingService object at 0x0000028E6098B620>[0m

  File "[32mC:\bi ye she ji\backend\src\application\[0m[32m[1mindexing_service.py[0m", line [33m87[0m, in [35mrun[0m
    [35m[1mraise[0m [1mAppException[0m[1m([0m[34m[1m422[0m[1m,[0m [36mf"[0m[36m向量化失败：[0m[1m{[0m[1mexc[0m[1m}[0m[36m"[0m[1m)[0m [35m[1mfrom[0m [1mexc[0m
    [36m      └ [0m[36m[1m<class 'src.core.exceptions.AppException'>[0m

[31m[1msrc.core.exceptions.AppException[0m:[1m 向量化失败：Milvus 连接失败（http://localhost:19530）：<MilvusException: (code=2, message=Fail connecting to server on localhost:19530, illegal connection params or server unavailable)>[0m
[32m2026-09-06 11:50:18.496[0m | [1mINFO    [0m | [36msrc.application.index_runner[0m:[36m41[0m - [1m开始向量化文档 doc_id=e4268eb0-a9a1-495e-895b-69ac6f69c666[0m
2026-09-06 11:50:19,328 [ERROR][_create_connection]: Failed to create new connection using: 1bfd42dd003142349dbe505cde37c5ae (milvus_client.py:852)
[32m2026-09-06 11:50:19.329[0m | [31m[1mERROR   [0m | [36msrc.application.indexing_service[0m:[36m85[0m - [31m[1m文档向量化失败 doc_id=25d7a635-9143-4dff-b7c8-7e562c05bd92: Milvus 连接失败（http://localhost:19530）：<MilvusException: (code=2, message=Fail connecting to server on localhost:19530, illegal connection params or server unavailable)>[0m
[32m2026-09-06 11:50:19.349[0m | [31m[1mERROR   [0m | [36msrc.api.routes.documents[0m:[36m133[0m - [31m[1m后台向量化任务执行失败 doc_id=25d7a635-9143-4dff-b7c8-7e562c05bd92[0m
[33m[1mTraceback (most recent call last):[0m

  File "[32mC:\bi ye she ji\backend\src\infrastructure\[0m[32m[1mmilvus_store.py[0m", line [33m93[0m, in [35m_get_client[0m
    [1mself[0m[35m[1m.[0m[1m_client[0m [35m[1m=[0m [1mMilvusClient[0m[1m([0m[1muri[0m[35m[1m=[0m[1mself[0m[35m[1m.[0m[1m_uri[0m[1m)[0m
    [36m│    │         │                │    └ [0m[36m[1m'http://localhost:19530'[0m
    [36m│    │         │                └ [0m[36m[1m<src.infrastructure.milvus_store.MilvusStore object at 0x0000028E69F91400>[0m
    [36m│    │         └ [0m[36m[1m<class 'pymilvus.milvus_client.milvus_client.MilvusClient'>[0m
    [36m│    └ [0m[36m[1mNone[0m
    [36m└ [0m[36m[1m<src.infrastructure.milvus_store.MilvusStore object at 0x0000028E69F91400>[0m

  File "C:\bi ye she ji\backend\venv\Lib\site-packages\pymilvus\milvus_client\milvus_client.py", line 65, in __init__
    self._using = self._create_connection(
    │             │    └ <function MilvusClient._create_connection at 0x0000028E60909260>
    │             └ <pymilvus.milvus_client.milvus_client.MilvusClient object at 0x0000028E60BC9950>
    └ <pymilvus.milvus_client.milvus_client.MilvusClient object at 0x0000028E60BC9950>
  File "C:\bi ye she ji\backend\venv\Lib\site-packages\pymilvus\milvus_client\milvus_client.py", line 853, in _create_connection
    raise ex from ex
  File "C:\bi ye she ji\backend\venv\Lib\site-packages\pymilvus\milvus_client\milvus_client.py", line 850, in _create_connection
    connections.connect(using, user, password, db_name, token, uri=uri, **kwargs)
    │           │       │      │     │         │        │          │      └ {'timeout': None}
    │           │       │      │     │         │        │          └ 'http://localhost:19530'
    │           │       │      │     │         │        └ ''
    │           │       │      │     │         └ ''
    │           │       │      │     └ ''
    │           │       │      └ ''
    │           │       └ '1bfd42dd003142349dbe505cde37c5ae'
    │           └ <function Connections.connect at 0x0000028E6051A0C0>
    └ <pymilvus.orm.connections.Connections object at 0x0000028E604D12B0>
  File "C:\bi ye she ji\backend\venv\Lib\site-packages\pymilvus\orm\connections.py", line 461, in connect
    connect_milvus(**kwargs, user=user, password=password, token=token, db_name=db_name)
    │                │            │              │               │              └ ''
    │                │            │              │               └ ''
    │                │            │              └ ''
    │                │            └ ''
    │                └ {'timeout': None, 'address': 'localhost:19530'}
    └ <function Connections.connect.<locals>.connect_milvus at 0x0000028E60B26020>
  File "C:\bi ye she ji\backend\venv\Lib\site-packages\pymilvus\orm\connections.py", line 411, in connect_milvus
    gh._wait_for_channel_ready(timeout=timeout)
    │  │                               └ 10.0
    │  └ <function GrpcHandler._wait_for_channel_ready at 0x0000028E604BFC40>
    └ <pymilvus.client.grpc_handler.GrpcHandler object at 0x0000028E81648590>
  File "C:\bi ye she ji\backend\venv\Lib\site-packages\pymilvus\client\grpc_handler.py", line 154, in _wait_for_channel_ready
    raise MilvusException(
          └ <class 'pymilvus.exceptions.MilvusException'>

[31m[1mpymilvus.exceptions.MilvusException[0m:[1m <MilvusException: (code=2, message=Fail connecting to server on localhost:19530, illegal connection params or server unavailable)>[0m


[1mThe above exception was the direct cause of the following exception:[0m


[33m[1mTraceback (most recent call last):[0m

  File "[32mC:\bi ye she ji\backend\src\application\[0m[32m[1mindexing_service.py[0m", line [33m83[0m, in [35mrun[0m
    [35m[1mawait[0m [1masyncio[0m[35m[1m.[0m[1mto_thread[0m[1m([0m[1mself[0m[35m[1m.[0m[1m_write_milvus[0m[1m,[0m [1mstr[0m[1m([0m[1mdoc[0m[35m[1m.[0m[1mid[0m[1m)[0m[1m,[0m [1mrows[0m[1m)[0m
    [36m      │       │         │    │                  │   │    └ [0m[36m[1m[VectorRow(id='0f8ab1e8-2d32-41dc-ae55-3a1ce4466ce9', doc_id='25d7a635-9143-4dff-b7c8-7e562c05bd92', kb_id='5240a336-fd30-42e...[0m
    [36m      │       │         │    │                  │   └ [0m[36m[1m<sqlalchemy.orm.attributes.InstrumentedAttribute object at 0x0000028E68DDE660>[0m
    [36m      │       │         │    │                  └ [0m[36m[1m<src.domain.models.Document object at 0x0000028E0296E2B0>[0m
    [36m      │       │         │    └ [0m[36m[1m<function IndexingService._write_milvus at 0x0000028E6A012A20>[0m
    [36m      │       │         └ [0m[36m[1m<src.application.indexing_service.IndexingService object at 0x0000028E609CFA10>[0m
    [36m      │       └ [0m[36m[1m<function to_thread at 0x0000028E659B4540>[0m
    [36m      └ [0m[36m[1m<module 'asyncio' from 'C:\\Users\\Administrator\\AppData\\Local\\Programs\\Python\\Python313\\Lib\\asyncio\\__init__.py'>[0m

  File "C:\Users\Administrator\AppData\Local\Programs\Python\Python313\Lib\asyncio\threads.py", line 26, in to_thread
    return await loop.run_in_executor(None, func_call)
                 │    │                     └ functools.partial(<built-in method run of _contextvars.Context object at 0x0000028E025DEC00>, <bound method IndexingService._...
                 │    └ <function BaseEventLoop.run_in_executor at 0x0000028E659AE2A0>
                 └ <ProactorEventLoop running=False closed=True debug=False>
  File "C:\Users\Administrator\AppData\Local\Programs\Python\Python313\Lib\concurrent\futures\thread.py", line 59, in run
    result = self.fn(*self.args, **self.kwargs)
             │        │            └ None
             │        └ None
             └ None

  File "[32mC:\bi ye she ji\backend\src\application\[0m[32m[1mindexing_service.py[0m", line [33m130[0m, in [35m_write_milvus[0m
    [1mself[0m[35m[1m.[0m[1mstore[0m[35m[1m.[0m[1mensure_collection[0m[1m([0m[1m)[0m
    [36m│    │     └ [0m[36m[1m<function MilvusStore.ensure_collection at 0x0000028E69436160>[0m
    [36m│    └ [0m[36m[1m<src.infrastructure.milvus_store.MilvusStore object at 0x0000028E69F91400>[0m
    [36m└ [0m[36m[1m<src.application.indexing_service.IndexingService object at 0x0000028E609CFA10>[0m

  File "[32mC:\bi ye she ji\backend\src\infrastructure\[0m[32m[1mmilvus_store.py[0m", line [33m99[0m, in [35mensure_collection[0m
    [1mclient[0m [35m[1m=[0m [1mself[0m[35m[1m.[0m[1m_get_client[0m[1m([0m[1m)[0m
    [36m         │    └ [0m[36m[1m<function MilvusStore._get_client at 0x0000028E694360C0>[0m
    [36m         └ [0m[36m[1m<src.infrastructure.milvus_store.MilvusStore object at 0x0000028E69F91400>[0m

  File "[32mC:\bi ye she ji\backend\src\infrastructure\[0m[32m[1mmilvus_store.py[0m", line [33m95[0m, in [35m_get_client[0m
    [35m[1mraise[0m [1mVectorStoreError[0m[1m([0m[36mf"[0m[36mMilvus 连接失败（[0m[1m{[0m[1mself[0m[35m[1m.[0m[1m_uri[0m[1m}[0m[36m）：[0m[1m{[0m[1mexc[0m[1m}[0m[36m"[0m[1m)[0m [35m[1mfrom[0m [1mexc[0m
    [36m      │                               │    └ [0m[36m[1m'http://localhost:19530'[0m
    [36m      │                               └ [0m[36m[1m<src.infrastructure.milvus_store.MilvusStore object at 0x0000028E69F91400>[0m
    [36m      └ [0m[36m[1m<class 'src.infrastructure.milvus_store.VectorStoreError'>[0m

[31m[1msrc.infrastructure.milvus_store.VectorStoreError[0m:[1m Milvus 连接失败（http://localhost:19530）：<MilvusException: (code=2, message=Fail connecting to server on localhost:19530, illegal connection params or server unavailable)>[0m


[1mThe above exception was the direct cause of the following exception:[0m


[33m[1mTraceback (most recent call last):[0m

  File "C:\Users\Administrator\AppData\Local\Programs\Python\Python313\Lib\threading.py", line 1015, in _bootstrap
    self._bootstrap_inner()
    │    └ <function Thread._bootstrap_inner at 0x0000028E636BD940>
    └ <WorkerThread(AnyIO worker thread, started 23632)>
  File "C:\Users\Administrator\AppData\Local\Programs\Python\Python313\Lib\threading.py", line 1044, in _bootstrap_inner
    self.run()
    │    └ <function WorkerThread.run at 0x0000028E6A001B20>
    └ <WorkerThread(AnyIO worker thread, started 23632)>
  File "C:\bi ye she ji\backend\venv\Lib\site-packages\anyio\_backends\_asyncio.py", line 1100, in run
    result = context.run(func, *args)
             │       │   │      └ ()
             │       │   └ functools.partial(<function _run_vectorize_safely at 0x0000028E6944EE80>, '25d7a635-9143-4dff-b7c8-7e562c05bd92')
             │       └ <method 'run' of '_contextvars.Context' objects>
             └ <_contextvars.Context object at 0x0000028E0260F4C0>

> File "[32mC:\bi ye she ji\backend\src\api\routes\[0m[32m[1mdocuments.py[0m", line [33m131[0m, in [35m_run_vectorize_safely[0m
    [1mrun_vectorize[0m[1m([0m[1mdoc_id[0m[1m)[0m
    [36m│             └ [0m[36m[1m'25d7a635-9143-4dff-b7c8-7e562c05bd92'[0m
    [36m└ [0m[36m[1m<function run_vectorize at 0x0000028E6A012200>[0m

  File "[32mC:\bi ye she ji\backend\src\application\[0m[32m[1mindex_runner.py[0m", line [33m43[0m, in [35mrun_vectorize[0m
    [35m[1mreturn[0m [1masyncio[0m[35m[1m.[0m[1mrun[0m[1m([0m[1m_run[0m[1m([0m[1m)[0m[1m)[0m
    [36m       │       │   └ [0m[36m[1m<function run_vectorize.<locals>._run at 0x0000028E0264B6A0>[0m
    [36m       │       └ [0m[36m[1m<function run at 0x0000028E655719E0>[0m
    [36m       └ [0m[36m[1m<module 'asyncio' from 'C:\\Users\\Administrator\\AppData\\Local\\Programs\\Python\\Python313\\Lib\\asyncio\\__init__.py'>[0m

  File "C:\Users\Administrator\AppData\Local\Programs\Python\Python313\Lib\asyncio\runners.py", line 196, in run
    return runner.run(main)
           │      │   └ <coroutine object run_vectorize.<locals>._run at 0x0000028E01B26020>
           │      └ <function Runner.run at 0x0000028E659AFEC0>
           └ <asyncio.runners.Runner object at 0x0000028E7E2E2050>
  File "C:\Users\Administrator\AppData\Local\Programs\Python\Python313\Lib\asyncio\runners.py", line 119, in run
    return self._loop.run_until_complete(task)
           │    │                        └ <Task finished name='Task-325' coro=<run_vectorize.<locals>._run() done, defined at C:\bi ye she ji\backend\src\application\i...
           │    └ None
           └ <asyncio.runners.Runner object at 0x0000028E7E2E2050>
  File "C:\Users\Administrator\AppData\Local\Programs\Python\Python313\Lib\asyncio\base_events.py", line 725, in run_until_complete
    return future.result()
           │      └ <method 'result' of '_asyncio.Task' objects>
           └ <Task finished name='Task-325' coro=<run_vectorize.<locals>._run() done, defined at C:\bi ye she ji\backend\src\application\i...

  File "[32mC:\bi ye she ji\backend\src\application\[0m[32m[1mindex_runner.py[0m", line [33m32[0m, in [35m_run[0m
    [1mdoc[0m [35m[1m=[0m [35m[1mawait[0m [1mservice[0m[35m[1m.[0m[1mrun[0m[1m([0m[1muuid[0m[35m[1m.[0m[1mUUID[0m[1m([0m[1mdoc_id[0m[1m)[0m[1m)[0m
    [36m            │       │   │    │    └ [0m[36m[1m'25d7a635-9143-4dff-b7c8-7e562c05bd92'[0m
    [36m            │       │   │    └ [0m[36m[1m<class 'uuid.UUID'>[0m
    [36m            │       │   └ [0m[36m[1m<module 'uuid' from 'C:\\Users\\Administrator\\AppData\\Local\\Programs\\Python\\Python313\\Lib\\uuid.py'>[0m
    [36m            │       └ [0m[36m[1m<function IndexingService.run at 0x0000028E6A0128E0>[0m
    [36m            └ [0m[36m[1m<src.application.indexing_service.IndexingService object at 0x0000028E609CFA10>[0m

  File "[32mC:\bi ye she ji\backend\src\application\[0m[32m[1mindexing_service.py[0m", line [33m87[0m, in [35mrun[0m
    [35m[1mraise[0m [1mAppException[0m[1m([0m[34m[1m422[0m[1m,[0m [36mf"[0m[36m向量化失败：[0m[1m{[0m[1mexc[0m[1m}[0m[36m"[0m[1m)[0m [35m[1mfrom[0m [1mexc[0m
    [36m      └ [0m[36m[1m<class 'src.core.exceptions.AppException'>[0m

[31m[1msrc.core.exceptions.AppException[0m:[1m 向量化失败：Milvus 连接失败（http://localhost:19530）：<MilvusException: (code=2, message=Fail connecting to server on localhost:19530, illegal connection params or server unavailable)>[0m
[32m2026-09-06 11:50:19.365[0m | [1mINFO    [0m | [36msrc.application.index_runner[0m:[36m41[0m - [1m开始向量化文档 doc_id=b0066afa-4f68-4df9-8c2f-0d36a5d7a3fc[0m
2026-09-06 11:50:37,432 [ERROR][_create_connection]: Failed to create new connection using: 07f701d2307b46adba25f80733bdaa96 (milvus_client.py:852)
[32m2026-09-06 11:50:37.433[0m | [31m[1mERROR   [0m | [36msrc.application.indexing_service[0m:[36m85[0m - [31m[1m文档向量化失败 doc_id=9caf6bac-8f63-4942-b483-f2934af9fb1c: Milvus 连接失败（http://localhost:19530）：<MilvusException: (code=2, message=Fail connecting to server on localhost:19530, illegal connection params or server unavailable)>[0m
[32m2026-09-06 11:50:37.449[0m | [31m[1mERROR   [0m | [36msrc.api.routes.documents[0m:[36m133[0m - [31m[1m后台向量化任务执行失败 doc_id=9caf6bac-8f63-4942-b483-f2934af9fb1c[0m
[33m[1mTraceback (most recent call last):[0m

  File "[32mC:\bi ye she ji\backend\src\infrastructure\[0m[32m[1mmilvus_store.py[0m", line [33m93[0m, in [35m_get_client[0m
    [1mself[0m[35m[1m.[0m[1m_client[0m [35m[1m=[0m [1mMilvusClient[0m[1m([0m[1muri[0m[35m[1m=[0m[1mself[0m[35m[1m.[0m[1m_uri[0m[1m)[0m
    [36m│    │         │                │    └ [0m[36m[1m'http://localhost:19530'[0m
    [36m│    │         │                └ [0m[36m[1m<src.infrastructure.milvus_store.MilvusStore object at 0x0000028E69F91400>[0m
    [36m│    │         └ [0m[36m[1m<class 'pymilvus.milvus_client.milvus_client.MilvusClient'>[0m
    [36m│    └ [0m[36m[1mNone[0m
    [36m└ [0m[36m[1m<src.infrastructure.milvus_store.MilvusStore object at 0x0000028E69F91400>[0m

  File "C:\bi ye she ji\backend\venv\Lib\site-packages\pymilvus\milvus_client\milvus_client.py", line 65, in __init__
    self._using = self._create_connection(
    │             │    └ <function MilvusClient._create_connection at 0x0000028E60909260>
    │             └ <pymilvus.milvus_client.milvus_client.MilvusClient object at 0x0000028E8167F340>
    └ <pymilvus.milvus_client.milvus_client.MilvusClient object at 0x0000028E8167F340>
  File "C:\bi ye she ji\backend\venv\Lib\site-packages\pymilvus\milvus_client\milvus_client.py", line 853, in _create_connection
    raise ex from ex
  File "C:\bi ye she ji\backend\venv\Lib\site-packages\pymilvus\milvus_client\milvus_client.py", line 850, in _create_connection
    connections.connect(using, user, password, db_name, token, uri=uri, **kwargs)
    │           │       │      │     │         │        │          │      └ {'timeout': None}
    │           │       │      │     │         │        │          └ 'http://localhost:19530'
    │           │       │      │     │         │        └ ''
    │           │       │      │     │         └ ''
    │           │       │      │     └ ''
    │           │       │      └ ''
    │           │       └ '07f701d2307b46adba25f80733bdaa96'
    │           └ <function Connections.connect at 0x0000028E6051A0C0>
    └ <pymilvus.orm.connections.Connections object at 0x0000028E604D12B0>
  File "C:\bi ye she ji\backend\venv\Lib\site-packages\pymilvus\orm\connections.py", line 461, in connect
    connect_milvus(**kwargs, user=user, password=password, token=token, db_name=db_name)
    │                │            │              │               │              └ ''
    │                │            │              │               └ ''
    │                │            │              └ ''
    │                │            └ ''
    │                └ {'timeout': None, 'address': 'localhost:19530'}
    └ <function Connections.connect.<locals>.connect_milvus at 0x0000028E81626AC0>
  File "C:\bi ye she ji\backend\venv\Lib\site-packages\pymilvus\orm\connections.py", line 411, in connect_milvus
    gh._wait_for_channel_ready(timeout=timeout)
    │  │                               └ 10.0
    │  └ <function GrpcHandler._wait_for_channel_ready at 0x0000028E604BFC40>
    └ <pymilvus.client.grpc_handler.GrpcHandler object at 0x0000028E01AF5B70>
  File "C:\bi ye she ji\backend\venv\Lib\site-packages\pymilvus\client\grpc_handler.py", line 154, in _wait_for_channel_ready
    raise MilvusException(
          └ <class 'pymilvus.exceptions.MilvusException'>

[31m[1mpymilvus.exceptions.MilvusException[0m:[1m <MilvusException: (code=2, message=Fail connecting to server on localhost:19530, illegal connection params or server unavailable)>[0m


[1mThe above exception was the direct cause of the following exception:[0m


[33m[1mTraceback (most recent call last):[0m

  File "[32mC:\bi ye she ji\backend\src\application\[0m[32m[1mindexing_service.py[0m", line [33m83[0m, in [35mrun[0m
    [35m[1mawait[0m [1masyncio[0m[35m[1m.[0m[1mto_thread[0m[1m([0m[1mself[0m[35m[1m.[0m[1m_write_milvus[0m[1m,[0m [1mstr[0m[1m([0m[1mdoc[0m[35m[1m.[0m[1mid[0m[1m)[0m[1m,[0m [1mrows[0m[1m)[0m
    [36m      │       │         │    │                  │   │    └ [0m[36m[1m[VectorRow(id='5ab8be1f-3689-4ad1-9e1b-673af02115e2', doc_id='9caf6bac-8f63-4942-b483-f2934af9fb1c', kb_id='3cc99b4d-c227-46a...[0m
    [36m      │       │         │    │                  │   └ [0m[36m[1m<sqlalchemy.orm.attributes.InstrumentedAttribute object at 0x0000028E68DDE660>[0m
    [36m      │       │         │    │                  └ [0m[36m[1m<src.domain.models.Document object at 0x0000028E6944A0A0>[0m
    [36m      │       │         │    └ [0m[36m[1m<function IndexingService._write_milvus at 0x0000028E6A012A20>[0m
    [36m      │       │         └ [0m[36m[1m<src.application.indexing_service.IndexingService object at 0x0000028E609E73F0>[0m
    [36m      │       └ [0m[36m[1m<function to_thread at 0x0000028E659B4540>[0m
    [36m      └ [0m[36m[1m<module 'asyncio' from 'C:\\Users\\Administrator\\AppData\\Local\\Programs\\Python\\Python313\\Lib\\asyncio\\__init__.py'>[0m

  File "C:\Users\Administrator\AppData\Local\Programs\Python\Python313\Lib\asyncio\threads.py", line 26, in to_thread
    return await loop.run_in_executor(None, func_call)
                 │    │                     └ functools.partial(<built-in method run of _contextvars.Context object at 0x0000028E01B6ACC0>, <bound method IndexingService._...
                 │    └ <function BaseEventLoop.run_in_executor at 0x0000028E659AE2A0>
                 └ <ProactorEventLoop running=False closed=True debug=False>
  File "C:\Users\Administrator\AppData\Local\Programs\Python\Python313\Lib\concurrent\futures\thread.py", line 59, in run
    result = self.fn(*self.args, **self.kwargs)
             │        │            └ None
             │        └ None
             └ None

  File "[32mC:\bi ye she ji\backend\src\application\[0m[32m[1mindexing_service.py[0m", line [33m130[0m, in [35m_write_milvus[0m
    [1mself[0m[35m[1m.[0m[1mstore[0m[35m[1m.[0m[1mensure_collection[0m[1m([0m[1m)[0m
    [36m│    │     └ [0m[36m[1m<function MilvusStore.ensure_collection at 0x0000028E69436160>[0m
    [36m│    └ [0m[36m[1m<src.infrastructure.milvus_store.MilvusStore object at 0x0000028E69F91400>[0m
    [36m└ [0m[36m[1m<src.application.indexing_service.IndexingService object at 0x0000028E609E73F0>[0m

  File "[32mC:\bi ye she ji\backend\src\infrastructure\[0m[32m[1mmilvus_store.py[0m", line [33m99[0m, in [35mensure_collection[0m
    [1mclient[0m [35m[1m=[0m [1mself[0m[35m[1m.[0m[1m_get_client[0m[1m([0m[1m)[0m
    [36m         │    └ [0m[36m[1m<function MilvusStore._get_client at 0x0000028E694360C0>[0m
    [36m         └ [0m[36m[1m<src.infrastructure.milvus_store.MilvusStore object at 0x0000028E69F91400>[0m

  File "[32mC:\bi ye she ji\backend\src\infrastructure\[0m[32m[1mmilvus_store.py[0m", line [33m95[0m, in [35m_get_client[0m
    [35m[1mraise[0m [1mVectorStoreError[0m[1m([0m[36mf"[0m[36mMilvus 连接失败（[0m[1m{[0m[1mself[0m[35m[1m.[0m[1m_uri[0m[1m}[0m[36m）：[0m[1m{[0m[1mexc[0m[1m}[0m[36m"[0m[1m)[0m [35m[1mfrom[0m [1mexc[0m
    [36m      │                               │    └ [0m[36m[1m'http://localhost:19530'[0m
    [36m      │                               └ [0m[36m[1m<src.infrastructure.milvus_store.MilvusStore object at 0x0000028E69F91400>[0m
    [36m      └ [0m[36m[1m<class 'src.infrastructure.milvus_store.VectorStoreError'>[0m

[31m[1msrc.infrastructure.milvus_store.VectorStoreError[0m:[1m Milvus 连接失败（http://localhost:19530）：<MilvusException: (code=2, message=Fail connecting to server on localhost:19530, illegal connection params or server unavailable)>[0m


[1mThe above exception was the direct cause of the following exception:[0m


[33m[1mTraceback (most recent call last):[0m

  File "C:\Users\Administrator\AppData\Local\Programs\Python\Python313\Lib\threading.py", line 1015, in _bootstrap
    self._bootstrap_inner()
    │    └ <function Thread._bootstrap_inner at 0x0000028E636BD940>
    └ <WorkerThread(AnyIO worker thread, started 16836)>
  File "C:\Users\Administrator\AppData\Local\Programs\Python\Python313\Lib\threading.py", line 1044, in _bootstrap_inner
    self.run()
    │    └ <function WorkerThread.run at 0x0000028E6A001B20>
    └ <WorkerThread(AnyIO worker thread, started 16836)>
  File "C:\bi ye she ji\backend\venv\Lib\site-packages\anyio\_backends\_asyncio.py", line 1100, in run
    result = context.run(func, *args)
             │       │   │      └ ()
             │       │   └ functools.partial(<function _run_vectorize_safely at 0x0000028E6944EE80>, '9caf6bac-8f63-4942-b483-f2934af9fb1c')
             │       └ <method 'run' of '_contextvars.Context' objects>
             └ <_contextvars.Context object at 0x0000028E025E4780>

> File "[32mC:\bi ye she ji\backend\src\api\routes\[0m[32m[1mdocuments.py[0m", line [33m131[0m, in [35m_run_vectorize_safely[0m
    [1mrun_vectorize[0m[1m([0m[1mdoc_id[0m[1m)[0m
    [36m│             └ [0m[36m[1m'9caf6bac-8f63-4942-b483-f2934af9fb1c'[0m
    [36m└ [0m[36m[1m<function run_vectorize at 0x0000028E6A012200>[0m

  File "[32mC:\bi ye she ji\backend\src\application\[0m[32m[1mindex_runner.py[0m", line [33m43[0m, in [35mrun_vectorize[0m
    [35m[1mreturn[0m [1masyncio[0m[35m[1m.[0m[1mrun[0m[1m([0m[1m_run[0m[1m([0m[1m)[0m[1m)[0m
    [36m       │       │   └ [0m[36m[1m<function run_vectorize.<locals>._run at 0x0000028E026482C0>[0m
    [36m       │       └ [0m[36m[1m<function run at 0x0000028E655719E0>[0m
    [36m       └ [0m[36m[1m<module 'asyncio' from 'C:\\Users\\Administrator\\AppData\\Local\\Programs\\Python\\Python313\\Lib\\asyncio\\__init__.py'>[0m

  File "C:\Users\Administrator\AppData\Local\Programs\Python\Python313\Lib\asyncio\runners.py", line 196, in run
    return runner.run(main)
           │      │   └ <coroutine object run_vectorize.<locals>._run at 0x0000028E60982790>
           │      └ <function Runner.run at 0x0000028E659AFEC0>
           └ <asyncio.runners.Runner object at 0x0000028E81637C50>
  File "C:\Users\Administrator\AppData\Local\Programs\Python\Python313\Lib\asyncio\runners.py", line 119, in run
    return self._loop.run_until_complete(task)
           │    │                        └ <Task finished name='Task-332' coro=<run_vectorize.<locals>._run() done, defined at C:\bi ye she ji\backend\src\application\i...
           │    └ None
           └ <asyncio.runners.Runner object at 0x0000028E81637C50>
  File "C:\Users\Administrator\AppData\Local\Programs\Python\Python313\Lib\asyncio\base_events.py", line 725, in run_until_complete
    return future.result()
           │      └ <method 'result' of '_asyncio.Task' objects>
           └ <Task finished name='Task-332' coro=<run_vectorize.<locals>._run() done, defined at C:\bi ye she ji\backend\src\application\i...

  File "[32mC:\bi ye she ji\backend\src\application\[0m[32m[1mindex_runner.py[0m", line [33m32[0m, in [35m_run[0m
    [1mdoc[0m [35m[1m=[0m [35m[1mawait[0m [1mservice[0m[35m[1m.[0m[1mrun[0m[1m([0m[1muuid[0m[35m[1m.[0m[1mUUID[0m[1m([0m[1mdoc_id[0m[1m)[0m[1m)[0m
    [36m            │       │   │    │    └ [0m[36m[1m'9caf6bac-8f63-4942-b483-f2934af9fb1c'[0m
    [36m            │       │   │    └ [0m[36m[1m<class 'uuid.UUID'>[0m
    [36m            │       │   └ [0m[36m[1m<module 'uuid' from 'C:\\Users\\Administrator\\AppData\\Local\\Programs\\Python\\Python313\\Lib\\uuid.py'>[0m
    [36m            │       └ [0m[36m[1m<function IndexingService.run at 0x0000028E6A0128E0>[0m
    [36m            └ [0m[36m[1m<src.application.indexing_service.IndexingService object at 0x0000028E609E73F0>[0m

  File "[32mC:\bi ye she ji\backend\src\application\[0m[32m[1mindexing_service.py[0m", line [33m87[0m, in [35mrun[0m
    [35m[1mraise[0m [1mAppException[0m[1m([0m[34m[1m422[0m[1m,[0m [36mf"[0m[36m向量化失败：[0m[1m{[0m[1mexc[0m[1m}[0m[36m"[0m[1m)[0m [35m[1mfrom[0m [1mexc[0m
    [36m      └ [0m[36m[1m<class 'src.core.exceptions.AppException'>[0m

[31m[1msrc.core.exceptions.AppException[0m:[1m 向量化失败：Milvus 连接失败（http://localhost:19530）：<MilvusException: (code=2, message=Fail connecting to server on localhost:19530, illegal connection params or server unavailable)>[0m
[32m2026-09-06 11:50:37.460[0m | [1mINFO    [0m | [36msrc.application.index_runner[0m:[36m41[0m - [1m开始向量化文档 doc_id=5d6b45cf-3b44-404b-99a8-a2c94227ea06[0m
2026-09-06 11:50:38,730 [ERROR][_create_connection]: Failed to create new connection using: 9e38cdc71a5a4ee3a036800794ed2ef6 (milvus_client.py:852)
[32m2026-09-06 11:50:38.738[0m | [31m[1mERROR   [0m | [36msrc.application.indexing_service[0m:[36m85[0m - [31m[1m文档向量化失败 doc_id=dfd022d3-67ea-442d-8d2b-8872fc97711e: Milvus 连接失败（http://localhost:19530）：<MilvusException: (code=2, message=Fail connecting to server on localhost:19530, illegal connection params or server unavailable)>[0m
[32m2026-09-06 11:50:38.755[0m | [31m[1mERROR   [0m | [36msrc.api.routes.documents[0m:[36m133[0m - [31m[1m后台向量化任务执行失败 doc_id=dfd022d3-67ea-442d-8d2b-8872fc97711e[0m
[33m[1mTraceback (most recent call last):[0m

  File "[32mC:\bi ye she ji\backend\src\infrastructure\[0m[32m[1mmilvus_store.py[0m", line [33m93[0m, in [35m_get_client[0m
    [1mself[0m[35m[1m.[0m[1m_client[0m [35m[1m=[0m [1mMilvusClient[0m[1m([0m[1muri[0m[35m[1m=[0m[1mself[0m[35m[1m.[0m[1m_uri[0m[1m)[0m
    [36m│    │         │                │    └ [0m[36m[1m'http://localhost:19530'[0m
    [36m│    │         │                └ [0m[36m[1m<src.infrastructure.milvus_store.MilvusStore object at 0x0000028E69F91400>[0m
    [36m│    │         └ [0m[36m[1m<class 'pymilvus.milvus_client.milvus_client.MilvusClient'>[0m
    [36m│    └ [0m[36m[1mNone[0m
    [36m└ [0m[36m[1m<src.infrastructure.milvus_store.MilvusStore object at 0x0000028E69F91400>[0m

  File "C:\bi ye she ji\backend\venv\Lib\site-packages\pymilvus\milvus_client\milvus_client.py", line 65, in __init__
    self._using = self._create_connection(
    │             │    └ <function MilvusClient._create_connection at 0x0000028E60909260>
    │             └ <pymilvus.milvus_client.milvus_client.MilvusClient object at 0x0000028E8167CD20>
    └ <pymilvus.milvus_client.milvus_client.MilvusClient object at 0x0000028E8167CD20>
  File "C:\bi ye she ji\backend\venv\Lib\site-packages\pymilvus\milvus_client\milvus_client.py", line 853, in _create_connection
    raise ex from ex
  File "C:\bi ye she ji\backend\venv\Lib\site-packages\pymilvus\milvus_client\milvus_client.py", line 850, in _create_connection
    connections.connect(using, user, password, db_name, token, uri=uri, **kwargs)
    │           │       │      │     │         │        │          │      └ {'timeout': None}
    │           │       │      │     │         │        │          └ 'http://localhost:19530'
    │           │       │      │     │         │        └ ''
    │           │       │      │     │         └ ''
    │           │       │      │     └ ''
    │           │       │      └ ''
    │           │       └ '9e38cdc71a5a4ee3a036800794ed2ef6'
    │           └ <function Connections.connect at 0x0000028E6051A0C0>
    └ <pymilvus.orm.connections.Connections object at 0x0000028E604D12B0>
  File "C:\bi ye she ji\backend\venv\Lib\site-packages\pymilvus\orm\connections.py", line 461, in connect
    connect_milvus(**kwargs, user=user, password=password, token=token, db_name=db_name)
    │                │            │              │               │              └ ''
    │                │            │              │               └ ''
    │                │            │              └ ''
    │                │            └ ''
    │                └ {'timeout': None, 'address': 'localhost:19530'}
    └ <function Connections.connect.<locals>.connect_milvus at 0x0000028E60B48A40>
  File "C:\bi ye she ji\backend\venv\Lib\site-packages\pymilvus\orm\connections.py", line 411, in connect_milvus
    gh._wait_for_channel_ready(timeout=timeout)
    │  │                               └ 10.0
    │  └ <function GrpcHandler._wait_for_channel_ready at 0x0000028E604BFC40>
    └ <pymilvus.client.grpc_handler.GrpcHandler object at 0x0000028E60B083D0>
  File "C:\bi ye she ji\backend\venv\Lib\site-packages\pymilvus\client\grpc_handler.py", line 154, in _wait_for_channel_ready
    raise MilvusException(
          └ <class 'pymilvus.exceptions.MilvusException'>

[31m[1mpymilvus.exceptions.MilvusException[0m:[1m <MilvusException: (code=2, message=Fail connecting to server on localhost:19530, illegal connection params or server unavailable)>[0m


[1mThe above exception was the direct cause of the following exception:[0m


[33m[1mTraceback (most recent call last):[0m

  File "[32mC:\bi ye she ji\backend\src\application\[0m[32m[1mindexing_service.py[0m", line [33m83[0m, in [35mrun[0m
    [35m[1mawait[0m [1masyncio[0m[35m[1m.[0m[1mto_thread[0m[1m([0m[1mself[0m[35m[1m.[0m[1m_write_milvus[0m[1m,[0m [1mstr[0m[1m([0m[1mdoc[0m[35m[1m.[0m[1mid[0m[1m)[0m[1m,[0m [1mrows[0m[1m)[0m
    [36m      │       │         │    │                  │   │    └ [0m[36m[1m[VectorRow(id='61bcd6a2-8158-4584-98cb-615321cbba80', doc_id='dfd022d3-67ea-442d-8d2b-8872fc97711e', kb_id='4bf4600c-bdde-4b9...[0m
    [36m      │       │         │    │                  │   └ [0m[36m[1m<sqlalchemy.orm.attributes.InstrumentedAttribute object at 0x0000028E68DDE660>[0m
    [36m      │       │         │    │                  └ [0m[36m[1m<src.domain.models.Document object at 0x0000028E0296EA40>[0m
    [36m      │       │         │    └ [0m[36m[1m<function IndexingService._write_milvus at 0x0000028E6A012A20>[0m
    [36m      │       │         └ [0m[36m[1m<src.application.indexing_service.IndexingService object at 0x0000028E609CD9B0>[0m
    [36m      │       └ [0m[36m[1m<function to_thread at 0x0000028E659B4540>[0m
    [36m      └ [0m[36m[1m<module 'asyncio' from 'C:\\Users\\Administrator\\AppData\\Local\\Programs\\Python\\Python313\\Lib\\asyncio\\__init__.py'>[0m

  File "C:\Users\Administrator\AppData\Local\Programs\Python\Python313\Lib\asyncio\threads.py", line 26, in to_thread
    return await loop.run_in_executor(None, func_call)
                 │    │                     └ functools.partial(<built-in method run of _contextvars.Context object at 0x0000028E01B13000>, <bound method IndexingService._...
                 │    └ <function BaseEventLoop.run_in_executor at 0x0000028E659AE2A0>
                 └ <ProactorEventLoop running=False closed=True debug=False>
  File "C:\Users\Administrator\AppData\Local\Programs\Python\Python313\Lib\concurrent\futures\thread.py", line 59, in run
    result = self.fn(*self.args, **self.kwargs)
             │        │            └ None
             │        └ None
             └ None

  File "[32mC:\bi ye she ji\backend\src\application\[0m[32m[1mindexing_service.py[0m", line [33m130[0m, in [35m_write_milvus[0m
    [1mself[0m[35m[1m.[0m[1mstore[0m[35m[1m.[0m[1mensure_collection[0m[1m([0m[1m)[0m
    [36m│    │     └ [0m[36m[1m<function MilvusStore.ensure_collection at 0x0000028E69436160>[0m
    [36m│    └ [0m[36m[1m<src.infrastructure.milvus_store.MilvusStore object at 0x0000028E69F91400>[0m
    [36m└ [0m[36m[1m<src.application.indexing_service.IndexingService object at 0x0000028E609CD9B0>[0m

  File "[32mC:\bi ye she ji\backend\src\infrastructure\[0m[32m[1mmilvus_store.py[0m", line [33m99[0m, in [35mensure_collection[0m
    [1mclient[0m [35m[1m=[0m [1mself[0m[35m[1m.[0m[1m_get_client[0m[1m([0m[1m)[0m
    [36m         │    └ [0m[36m[1m<function MilvusStore._get_client at 0x0000028E694360C0>[0m
    [36m         └ [0m[36m[1m<src.infrastructure.milvus_store.MilvusStore object at 0x0000028E69F91400>[0m

  File "[32mC:\bi ye she ji\backend\src\infrastructure\[0m[32m[1mmilvus_store.py[0m", line [33m95[0m, in [35m_get_client[0m
    [35m[1mraise[0m [1mVectorStoreError[0m[1m([0m[36mf"[0m[36mMilvus 连接失败（[0m[1m{[0m[1mself[0m[35m[1m.[0m[1m_uri[0m[1m}[0m[36m）：[0m[1m{[0m[1mexc[0m[1m}[0m[36m"[0m[1m)[0m [35m[1mfrom[0m [1mexc[0m
    [36m      │                               │    └ [0m[36m[1m'http://localhost:19530'[0m
    [36m      │                               └ [0m[36m[1m<src.infrastructure.milvus_store.MilvusStore object at 0x0000028E69F91400>[0m
    [36m      └ [0m[36m[1m<class 'src.infrastructure.milvus_store.VectorStoreError'>[0m

[31m[1msrc.infrastructure.milvus_store.VectorStoreError[0m:[1m Milvus 连接失败（http://localhost:19530）：<MilvusException: (code=2, message=Fail connecting to server on localhost:19530, illegal connection params or server unavailable)>[0m


[1mThe above exception was the direct cause of the following exception:[0m


[33m[1mTraceback (most recent call last):[0m

  File "C:\Users\Administrator\AppData\Local\Programs\Python\Python313\Lib\threading.py", line 1015, in _bootstrap
    self._bootstrap_inner()
    │    └ <function Thread._bootstrap_inner at 0x0000028E636BD940>
    └ <WorkerThread(AnyIO worker thread, started 10676)>
  File "C:\Users\Administrator\AppData\Local\Programs\Python\Python313\Lib\threading.py", line 1044, in _bootstrap_inner
    self.run()
    │    └ <function WorkerThread.run at 0x0000028E6A001B20>
    └ <WorkerThread(AnyIO worker thread, started 10676)>
  File "C:\bi ye she ji\backend\venv\Lib\site-packages\anyio\_backends\_asyncio.py", line 1100, in run
    result = context.run(func, *args)
             │       │   │      └ ()
             │       │   └ functools.partial(<function _run_vectorize_safely at 0x0000028E6944EE80>, 'dfd022d3-67ea-442d-8d2b-8872fc97711e')
             │       └ <method 'run' of '_contextvars.Context' objects>
             └ <_contextvars.Context object at 0x0000028E0260EB80>

> File "[32mC:\bi ye she ji\backend\src\api\routes\[0m[32m[1mdocuments.py[0m", line [33m131[0m, in [35m_run_vectorize_safely[0m
    [1mrun_vectorize[0m[1m([0m[1mdoc_id[0m[1m)[0m
    [36m│             └ [0m[36m[1m'dfd022d3-67ea-442d-8d2b-8872fc97711e'[0m
    [36m└ [0m[36m[1m<function run_vectorize at 0x0000028E6A012200>[0m

  File "[32mC:\bi ye she ji\backend\src\application\[0m[32m[1mindex_runner.py[0m", line [33m43[0m, in [35mrun_vectorize[0m
    [35m[1mreturn[0m [1masyncio[0m[35m[1m.[0m[1mrun[0m[1m([0m[1m_run[0m[1m([0m[1m)[0m[1m)[0m
    [36m       │       │   └ [0m[36m[1m<function run_vectorize.<locals>._run at 0x0000028E0264B7E0>[0m
    [36m       │       └ [0m[36m[1m<function run at 0x0000028E655719E0>[0m
    [36m       └ [0m[36m[1m<module 'asyncio' from 'C:\\Users\\Administrator\\AppData\\Local\\Programs\\Python\\Python313\\Lib\\asyncio\\__init__.py'>[0m

  File "C:\Users\Administrator\AppData\Local\Programs\Python\Python313\Lib\asyncio\runners.py", line 196, in run
    return runner.run(main)
           │      │   └ <coroutine object run_vectorize.<locals>._run at 0x0000028E025D18B0>
           │      └ <function Runner.run at 0x0000028E659AFEC0>
           └ <asyncio.runners.Runner object at 0x0000028E609A1E50>
  File "C:\Users\Administrator\AppData\Local\Programs\Python\Python313\Lib\asyncio\runners.py", line 119, in run
    return self._loop.run_until_complete(task)
           │    │                        └ <Task finished name='Task-339' coro=<run_vectorize.<locals>._run() done, defined at C:\bi ye she ji\backend\src\application\i...
           │    └ None
           └ <asyncio.runners.Runner object at 0x0000028E609A1E50>
  File "C:\Users\Administrator\AppData\Local\Programs\Python\Python313\Lib\asyncio\base_events.py", line 725, in run_until_complete
    return future.result()
           │      └ <method 'result' of '_asyncio.Task' objects>
           └ <Task finished name='Task-339' coro=<run_vectorize.<locals>._run() done, defined at C:\bi ye she ji\backend\src\application\i...

  File "[32mC:\bi ye she ji\backend\src\application\[0m[32m[1mindex_runner.py[0m", line [33m32[0m, in [35m_run[0m
    [1mdoc[0m [35m[1m=[0m [35m[1mawait[0m [1mservice[0m[35m[1m.[0m[1mrun[0m[1m([0m[1muuid[0m[35m[1m.[0m[1mUUID[0m[1m([0m[1mdoc_id[0m[1m)[0m[1m)[0m
    [36m            │       │   │    │    └ [0m[36m[1m'dfd022d3-67ea-442d-8d2b-8872fc97711e'[0m
    [36m            │       │   │    └ [0m[36m[1m<class 'uuid.UUID'>[0m
    [36m            │       │   └ [0m[36m[1m<module 'uuid' from 'C:\\Users\\Administrator\\AppData\\Local\\Programs\\Python\\Python313\\Lib\\uuid.py'>[0m
    [36m            │       └ [0m[36m[1m<function IndexingService.run at 0x0000028E6A0128E0>[0m
    [36m            └ [0m[36m[1m<src.application.indexing_service.IndexingService object at 0x0000028E609CD9B0>[0m

  File "[32mC:\bi ye she ji\backend\src\application\[0m[32m[1mindexing_service.py[0m", line [33m87[0m, in [35mrun[0m
    [35m[1mraise[0m [1mAppException[0m[1m([0m[34m[1m422[0m[1m,[0m [36mf"[0m[36m向量化失败：[0m[1m{[0m[1mexc[0m[1m}[0m[36m"[0m[1m)[0m [35m[1mfrom[0m [1mexc[0m
    [36m      └ [0m[36m[1m<class 'src.core.exceptions.AppException'>[0m

[31m[1msrc.core.exceptions.AppException[0m:[1m 向量化失败：Milvus 连接失败（http://localhost:19530）：<MilvusException: (code=2, message=Fail connecting to server on localhost:19530, illegal connection params or server unavailable)>[0m
[32m2026-09-06 11:50:38.774[0m | [1mINFO    [0m | [36msrc.application.index_runner[0m:[36m41[0m - [1m开始向量化文档 doc_id=8cb243cb-ad43-42d0-b69e-1e044be44bf8[0m
2026-09-06 11:50:56,079 [ERROR][_create_connection]: Failed to create new connection using: 81bb2b27b15b446bbecbde6983de35fb (milvus_client.py:852)
[32m2026-09-06 11:50:56.087[0m | [31m[1mERROR   [0m | [36msrc.application.indexing_service[0m:[36m85[0m - [31m[1m文档向量化失败 doc_id=262bf202-6b71-4d17-b031-8c373b0ce302: Milvus 连接失败（http://localhost:19530）：<MilvusException: (code=2, message=Fail connecting to server on localhost:19530, illegal connection params or server unavailable)>[0m
[32m2026-09-06 11:50:56.105[0m | [31m[1mERROR   [0m | [36msrc.api.routes.documents[0m:[36m133[0m - [31m[1m后台向量化任务执行失败 doc_id=262bf202-6b71-4d17-b031-8c373b0ce302[0m
[33m[1mTraceback (most recent call last):[0m

  File "[32mC:\bi ye she ji\backend\src\infrastructure\[0m[32m[1mmilvus_store.py[0m", line [33m93[0m, in [35m_get_client[0m
    [1mself[0m[35m[1m.[0m[1m_client[0m [35m[1m=[0m [1mMilvusClient[0m[1m([0m[1muri[0m[35m[1m=[0m[1mself[0m[35m[1m.[0m[1m_uri[0m[1m)[0m
    [36m│    │         │                │    └ [0m[36m[1m'http://localhost:19530'[0m
    [36m│    │         │                └ [0m[36m[1m<src.infrastructure.milvus_store.MilvusStore object at 0x0000028E69F91400>[0m
    [36m│    │         └ [0m[36m[1m<class 'pymilvus.milvus_client.milvus_client.MilvusClient'>[0m
    [36m│    └ [0m[36m[1mNone[0m
    [36m└ [0m[36m[1m<src.infrastructure.milvus_store.MilvusStore object at 0x0000028E69F91400>[0m

  File "C:\bi ye she ji\backend\venv\Lib\site-packages\pymilvus\milvus_client\milvus_client.py", line 65, in __init__
    self._using = self._create_connection(
    │             │    └ <function MilvusClient._create_connection at 0x0000028E60909260>
    │             └ <pymilvus.milvus_client.milvus_client.MilvusClient object at 0x0000028E60B4FB60>
    └ <pymilvus.milvus_client.milvus_client.MilvusClient object at 0x0000028E60B4FB60>
  File "C:\bi ye she ji\backend\venv\Lib\site-packages\pymilvus\milvus_client\milvus_client.py", line 853, in _create_connection
    raise ex from ex
  File "C:\bi ye she ji\backend\venv\Lib\site-packages\pymilvus\milvus_client\milvus_client.py", line 850, in _create_connection
    connections.connect(using, user, password, db_name, token, uri=uri, **kwargs)
    │           │       │      │     │         │        │          │      └ {'timeout': None}
    │           │       │      │     │         │        │          └ 'http://localhost:19530'
    │           │       │      │     │         │        └ ''
    │           │       │      │     │         └ ''
    │           │       │      │     └ ''
    │           │       │      └ ''
    │           │       └ '81bb2b27b15b446bbecbde6983de35fb'
    │           └ <function Connections.connect at 0x0000028E6051A0C0>
    └ <pymilvus.orm.connections.Connections object at 0x0000028E604D12B0>
  File "C:\bi ye she ji\backend\venv\Lib\site-packages\pymilvus\orm\connections.py", line 461, in connect
    connect_milvus(**kwargs, user=user, password=password, token=token, db_name=db_name)
    │                │            │              │               │              └ ''
    │                │            │              │               └ ''
    │                │            │              └ ''
    │                │            └ ''
    │                └ {'timeout': None, 'address': 'localhost:19530'}
    └ <function Connections.connect.<locals>.connect_milvus at 0x0000028E7E9CFA60>
  File "C:\bi ye she ji\backend\venv\Lib\site-packages\pymilvus\orm\connections.py", line 411, in connect_milvus
    gh._wait_for_channel_ready(timeout=timeout)
    │  │                               └ 10.0
    │  └ <function GrpcHandler._wait_for_channel_ready at 0x0000028E604BFC40>
    └ <pymilvus.client.grpc_handler.GrpcHandler object at 0x0000028E60B47770>
  File "C:\bi ye she ji\backend\venv\Lib\site-packages\pymilvus\client\grpc_handler.py", line 154, in _wait_for_channel_ready
    raise MilvusException(
          └ <class 'pymilvus.exceptions.MilvusException'>

[31m[1mpymilvus.exceptions.MilvusException[0m:[1m <MilvusException: (code=2, message=Fail connecting to server on localhost:19530, illegal connection params or server unavailable)>[0m


[1mThe above exception was the direct cause of the following exception:[0m


[33m[1mTraceback (most recent call last):[0m

  File "[32mC:\bi ye she ji\backend\src\application\[0m[32m[1mindexing_service.py[0m", line [33m83[0m, in [35mrun[0m
    [35m[1mawait[0m [1masyncio[0m[35m[1m.[0m[1mto_thread[0m[1m([0m[1mself[0m[35m[1m.[0m[1m_write_milvus[0m[1m,[0m [1mstr[0m[1m([0m[1mdoc[0m[35m[1m.[0m[1mid[0m[1m)[0m[1m,[0m [1mrows[0m[1m)[0m
    [36m      │       │         │    │                  │   │    └ [0m[36m[1m[VectorRow(id='ea7de393-08e7-4ffc-bb26-3f28726d3d4d', doc_id='262bf202-6b71-4d17-b031-8c373b0ce302', kb_id='b6b4390a-7b84-4d1...[0m
    [36m      │       │         │    │                  │   └ [0m[36m[1m<sqlalchemy.orm.attributes.InstrumentedAttribute object at 0x0000028E68DDE660>[0m
    [36m      │       │         │    │                  └ [0m[36m[1m<src.domain.models.Document object at 0x0000028E0296EBA0>[0m
    [36m      │       │         │    └ [0m[36m[1m<function IndexingService._write_milvus at 0x0000028E6A012A20>[0m
    [36m      │       │         └ [0m[36m[1m<src.application.indexing_service.IndexingService object at 0x0000028E815CBA10>[0m
    [36m      │       └ [0m[36m[1m<function to_thread at 0x0000028E659B4540>[0m
    [36m      └ [0m[36m[1m<module 'asyncio' from 'C:\\Users\\Administrator\\AppData\\Local\\Programs\\Python\\Python313\\Lib\\asyncio\\__init__.py'>[0m

  File "C:\Users\Administrator\AppData\Local\Programs\Python\Python313\Lib\asyncio\threads.py", line 26, in to_thread
    return await loop.run_in_executor(None, func_call)
                 │    │                     └ functools.partial(<built-in method run of _contextvars.Context object at 0x0000028E025E4780>, <bound method IndexingService._...
                 │    └ <function BaseEventLoop.run_in_executor at 0x0000028E659AE2A0>
                 └ <ProactorEventLoop running=False closed=True debug=False>
  File "C:\Users\Administrator\AppData\Local\Programs\Python\Python313\Lib\concurrent\futures\thread.py", line 59, in run
    result = self.fn(*self.args, **self.kwargs)
             │        │            └ None
             │        └ None
             └ None

  File "[32mC:\bi ye she ji\backend\src\application\[0m[32m[1mindexing_service.py[0m", line [33m130[0m, in [35m_write_milvus[0m
    [1mself[0m[35m[1m.[0m[1mstore[0m[35m[1m.[0m[1mensure_collection[0m[1m([0m[1m)[0m
    [36m│    │     └ [0m[36m[1m<function MilvusStore.ensure_collection at 0x0000028E69436160>[0m
    [36m│    └ [0m[36m[1m<src.infrastructure.milvus_store.MilvusStore object at 0x0000028E69F91400>[0m
    [36m└ [0m[36m[1m<src.application.indexing_service.IndexingService object at 0x0000028E815CBA10>[0m

  File "[32mC:\bi ye she ji\backend\src\infrastructure\[0m[32m[1mmilvus_store.py[0m", line [33m99[0m, in [35mensure_collection[0m
    [1mclient[0m [35m[1m=[0m [1mself[0m[35m[1m.[0m[1m_get_client[0m[1m([0m[1m)[0m
    [36m         │    └ [0m[36m[1m<function MilvusStore._get_client at 0x0000028E694360C0>[0m
    [36m         └ [0m[36m[1m<src.infrastructure.milvus_store.MilvusStore object at 0x0000028E69F91400>[0m

  File "[32mC:\bi ye she ji\backend\src\infrastructure\[0m[32m[1mmilvus_store.py[0m", line [33m95[0m, in [35m_get_client[0m
    [35m[1mraise[0m [1mVectorStoreError[0m[1m([0m[36mf"[0m[36mMilvus 连接失败（[0m[1m{[0m[1mself[0m[35m[1m.[0m[1m_uri[0m[1m}[0m[36m）：[0m[1m{[0m[1mexc[0m[1m}[0m[36m"[0m[1m)[0m [35m[1mfrom[0m [1mexc[0m
    [36m      │                               │    └ [0m[36m[1m'http://localhost:19530'[0m
    [36m      │                               └ [0m[36m[1m<src.infrastructure.milvus_store.MilvusStore object at 0x0000028E69F91400>[0m
    [36m      └ [0m[36m[1m<class 'src.infrastructure.milvus_store.VectorStoreError'>[0m

[31m[1msrc.infrastructure.milvus_store.VectorStoreError[0m:[1m Milvus 连接失败（http://localhost:19530）：<MilvusException: (code=2, message=Fail connecting to server on localhost:19530, illegal connection params or server unavailable)>[0m


[1mThe above exception was the direct cause of the following exception:[0m


[33m[1mTraceback (most recent call last):[0m

  File "C:\Users\Administrator\AppData\Local\Programs\Python\Python313\Lib\threading.py", line 1015, in _bootstrap
    self._bootstrap_inner()
    │    └ <function Thread._bootstrap_inner at 0x0000028E636BD940>
    └ <WorkerThread(AnyIO worker thread, started 24280)>
  File "C:\Users\Administrator\AppData\Local\Programs\Python\Python313\Lib\threading.py", line 1044, in _bootstrap_inner
    self.run()
    │    └ <function WorkerThread.run at 0x0000028E6A001B20>
    └ <WorkerThread(AnyIO worker thread, started 24280)>
  File "C:\bi ye she ji\backend\venv\Lib\site-packages\anyio\_backends\_asyncio.py", line 1100, in run
    result = context.run(func, *args)
             │       │   │      └ ()
             │       │   └ functools.partial(<function _run_vectorize_safely at 0x0000028E6944EE80>, '262bf202-6b71-4d17-b031-8c373b0ce302')
             │       └ <method 'run' of '_contextvars.Context' objects>
             └ <_contextvars.Context object at 0x0000028E0263BB40>

> File "[32mC:\bi ye she ji\backend\src\api\routes\[0m[32m[1mdocuments.py[0m", line [33m131[0m, in [35m_run_vectorize_safely[0m
    [1mrun_vectorize[0m[1m([0m[1mdoc_id[0m[1m)[0m
    [36m│             └ [0m[36m[1m'262bf202-6b71-4d17-b031-8c373b0ce302'[0m
    [36m└ [0m[36m[1m<function run_vectorize at 0x0000028E6A012200>[0m

  File "[32mC:\bi ye she ji\backend\src\application\[0m[32m[1mindex_runner.py[0m", line [33m43[0m, in [35mrun_vectorize[0m
    [35m[1mreturn[0m [1masyncio[0m[35m[1m.[0m[1mrun[0m[1m([0m[1m_run[0m[1m([0m[1m)[0m[1m)[0m
    [36m       │       │   └ [0m[36m[1m<function run_vectorize.<locals>._run at 0x0000028E0268A2A0>[0m
    [36m       │       └ [0m[36m[1m<function run at 0x0000028E655719E0>[0m
    [36m       └ [0m[36m[1m<module 'asyncio' from 'C:\\Users\\Administrator\\AppData\\Local\\Programs\\Python\\Python313\\Lib\\asyncio\\__init__.py'>[0m

  File "C:\Users\Administrator\AppData\Local\Programs\Python\Python313\Lib\asyncio\runners.py", line 196, in run
    return runner.run(main)
           │      │   └ <coroutine object run_vectorize.<locals>._run at 0x0000028E60980370>
           │      └ <function Runner.run at 0x0000028E659AFEC0>
           └ <asyncio.runners.Runner object at 0x0000028E025F6C50>
  File "C:\Users\Administrator\AppData\Local\Programs\Python\Python313\Lib\asyncio\runners.py", line 119, in run
    return self._loop.run_until_complete(task)
           │    │                        └ <Task finished name='Task-346' coro=<run_vectorize.<locals>._run() done, defined at C:\bi ye she ji\backend\src\application\i...
           │    └ None
           └ <asyncio.runners.Runner object at 0x0000028E025F6C50>
  File "C:\Users\Administrator\AppData\Local\Programs\Python\Python313\Lib\asyncio\base_events.py", line 725, in run_until_complete
    return future.result()
           │      └ <method 'result' of '_asyncio.Task' objects>
           └ <Task finished name='Task-346' coro=<run_vectorize.<locals>._run() done, defined at C:\bi ye she ji\backend\src\application\i...

  File "[32mC:\bi ye she ji\backend\src\application\[0m[32m[1mindex_runner.py[0m", line [33m32[0m, in [35m_run[0m
    [1mdoc[0m [35m[1m=[0m [35m[1mawait[0m [1mservice[0m[35m[1m.[0m[1mrun[0m[1m([0m[1muuid[0m[35m[1m.[0m[1mUUID[0m[1m([0m[1mdoc_id[0m[1m)[0m[1m)[0m
    [36m            │       │   │    │    └ [0m[36m[1m'262bf202-6b71-4d17-b031-8c373b0ce302'[0m
    [36m            │       │   │    └ [0m[36m[1m<class 'uuid.UUID'>[0m
    [36m            │       │   └ [0m[36m[1m<module 'uuid' from 'C:\\Users\\Administrator\\AppData\\Local\\Programs\\Python\\Python313\\Lib\\uuid.py'>[0m
    [36m            │       └ [0m[36m[1m<function IndexingService.run at 0x0000028E6A0128E0>[0m
    [36m            └ [0m[36m[1m<src.application.indexing_service.IndexingService object at 0x0000028E815CBA10>[0m

  File "[32mC:\bi ye she ji\backend\src\application\[0m[32m[1mindexing_service.py[0m", line [33m87[0m, in [35mrun[0m
    [35m[1mraise[0m [1mAppException[0m[1m([0m[34m[1m422[0m[1m,[0m [36mf"[0m[36m向量化失败：[0m[1m{[0m[1mexc[0m[1m}[0m[36m"[0m[1m)[0m [35m[1mfrom[0m [1mexc[0m
    [36m      └ [0m[36m[1m<class 'src.core.exceptions.AppException'>[0m

[31m[1msrc.core.exceptions.AppException[0m:[1m 向量化失败：Milvus 连接失败（http://localhost:19530）：<MilvusException: (code=2, message=Fail connecting to server on localhost:19530, illegal connection params or server unavailable)>[0m
[32m2026-09-06 11:50:56.122[0m | [1mINFO    [0m | [36msrc.application.index_runner[0m:[36m41[0m - [1m开始向量化文档 doc_id=babd0580-b0fd-4d60-a6c3-55ccd26cc39e[0m
2026-09-06 11:50:58,024 [ERROR][_create_connection]: Failed to create new connection using: 580c2f6f82f94c65bd894e8c99909eca (milvus_client.py:852)
[32m2026-09-06 11:50:58.033[0m | [31m[1mERROR   [0m | [36msrc.application.indexing_service[0m:[36m85[0m - [31m[1m文档向量化失败 doc_id=f8833a82-b4a5-40c6-b1ad-616515c29851: Milvus 连接失败（http://localhost:19530）：<MilvusException: (code=2, message=Fail connecting to server on localhost:19530, illegal connection params or server unavailable)>[0m
[32m2026-09-06 11:50:58.051[0m | [31m[1mERROR   [0m | [36msrc.api.routes.documents[0m:[36m133[0m - [31m[1m后台向量化任务执行失败 doc_id=f8833a82-b4a5-40c6-b1ad-616515c29851[0m
[33m[1mTraceback (most recent call last):[0m

  File "[32mC:\bi ye she ji\backend\src\infrastructure\[0m[32m[1mmilvus_store.py[0m", line [33m93[0m, in [35m_get_client[0m
    [1mself[0m[35m[1m.[0m[1m_client[0m [35m[1m=[0m [1mMilvusClient[0m[1m([0m[1muri[0m[35m[1m=[0m[1mself[0m[35m[1m.[0m[1m_uri[0m[1m)[0m
    [36m│    │         │                │    └ [0m[36m[1m'http://localhost:19530'[0m
    [36m│    │         │                └ [0m[36m[1m<src.infrastructure.milvus_store.MilvusStore object at 0x0000028E69F91400>[0m
    [36m│    │         └ [0m[36m[1m<class 'pymilvus.milvus_client.milvus_client.MilvusClient'>[0m
    [36m│    └ [0m[36m[1mNone[0m
    [36m└ [0m[36m[1m<src.infrastructure.milvus_store.MilvusStore object at 0x0000028E69F91400>[0m

  File "C:\bi ye she ji\backend\venv\Lib\site-packages\pymilvus\milvus_client\milvus_client.py", line 65, in __init__
    self._using = self._create_connection(
    │             │    └ <function MilvusClient._create_connection at 0x0000028E60909260>
    │             └ <pymilvus.milvus_client.milvus_client.MilvusClient object at 0x0000028E60B4E120>
    └ <pymilvus.milvus_client.milvus_client.MilvusClient object at 0x0000028E60B4E120>
  File "C:\bi ye she ji\backend\venv\Lib\site-packages\pymilvus\milvus_client\milvus_client.py", line 853, in _create_connection
    raise ex from ex
  File "C:\bi ye she ji\backend\venv\Lib\site-packages\pymilvus\milvus_client\milvus_client.py", line 850, in _create_connection
    connections.connect(using, user, password, db_name, token, uri=uri, **kwargs)
    │           │       │      │     │         │        │          │      └ {'timeout': None}
    │           │       │      │     │         │        │          └ 'http://localhost:19530'
    │           │       │      │     │         │        └ ''
    │           │       │      │     │         └ ''
    │           │       │      │     └ ''
    │           │       │      └ ''
    │           │       └ '580c2f6f82f94c65bd894e8c99909eca'
    │           └ <function Connections.connect at 0x0000028E6051A0C0>
    └ <pymilvus.orm.connections.Connections object at 0x0000028E604D12B0>
  File "C:\bi ye she ji\backend\venv\Lib\site-packages\pymilvus\orm\connections.py", line 461, in connect
    connect_milvus(**kwargs, user=user, password=password, token=token, db_name=db_name)
    │                │            │              │               │              └ ''
    │                │            │              │               └ ''
    │                │            │              └ ''
    │                │            └ ''
    │                └ {'timeout': None, 'address': 'localhost:19530'}
    └ <function Connections.connect.<locals>.connect_milvus at 0x0000028E60BB32E0>
  File "C:\bi ye she ji\backend\venv\Lib\site-packages\pymilvus\orm\connections.py", line 411, in connect_milvus
    gh._wait_for_channel_ready(timeout=timeout)
    │  │                               └ 10.0
    │  └ <function GrpcHandler._wait_for_channel_ready at 0x0000028E604BFC40>
    └ <pymilvus.client.grpc_handler.GrpcHandler object at 0x0000028E60B47D90>
  File "C:\bi ye she ji\backend\venv\Lib\site-packages\pymilvus\client\grpc_handler.py", line 154, in _wait_for_channel_ready
    raise MilvusException(
          └ <class 'pymilvus.exceptions.MilvusException'>

[31m[1mpymilvus.exceptions.MilvusException[0m:[1m <MilvusException: (code=2, message=Fail connecting to server on localhost:19530, illegal connection params or server unavailable)>[0m


[1mThe above exception was the direct cause of the following exception:[0m


[33m[1mTraceback (most recent call last):[0m

  File "[32mC:\bi ye she ji\backend\src\application\[0m[32m[1mindexing_service.py[0m", line [33m83[0m, in [35mrun[0m
    [35m[1mawait[0m [1masyncio[0m[35m[1m.[0m[1mto_thread[0m[1m([0m[1mself[0m[35m[1m.[0m[1m_write_milvus[0m[1m,[0m [1mstr[0m[1m([0m[1mdoc[0m[35m[1m.[0m[1mid[0m[1m)[0m[1m,[0m [1mrows[0m[1m)[0m
    [36m      │       │         │    │                  │   │    └ [0m[36m[1m[VectorRow(id='b1053313-5416-4eba-8440-8a1e5b37ff6c', doc_id='f8833a82-b4a5-40c6-b1ad-616515c29851', kb_id='e663172d-bed7-4e9...[0m
    [36m      │       │         │    │                  │   └ [0m[36m[1m<sqlalchemy.orm.attributes.InstrumentedAttribute object at 0x0000028E68DDE660>[0m
    [36m      │       │         │    │                  └ [0m[36m[1m<src.domain.models.Document object at 0x0000028E0296EF10>[0m
    [36m      │       │         │    └ [0m[36m[1m<function IndexingService._write_milvus at 0x0000028E6A012A20>[0m
    [36m      │       │         └ [0m[36m[1m<src.application.indexing_service.IndexingService object at 0x0000028E815C94E0>[0m
    [36m      │       └ [0m[36m[1m<function to_thread at 0x0000028E659B4540>[0m
    [36m      └ [0m[36m[1m<module 'asyncio' from 'C:\\Users\\Administrator\\AppData\\Local\\Programs\\Python\\Python313\\Lib\\asyncio\\__init__.py'>[0m

  File "C:\Users\Administrator\AppData\Local\Programs\Python\Python313\Lib\asyncio\threads.py", line 26, in to_thread
    return await loop.run_in_executor(None, func_call)
                 │    │                     └ functools.partial(<built-in method run of _contextvars.Context object at 0x0000028E61418500>, <bound method IndexingService._...
                 │    └ <function BaseEventLoop.run_in_executor at 0x0000028E659AE2A0>
                 └ <ProactorEventLoop running=False closed=True debug=False>
  File "C:\Users\Administrator\AppData\Local\Programs\Python\Python313\Lib\concurrent\futures\thread.py", line 59, in run
    result = self.fn(*self.args, **self.kwargs)
             │        │            └ None
             │        └ None
             └ None

  File "[32mC:\bi ye she ji\backend\src\application\[0m[32m[1mindexing_service.py[0m", line [33m130[0m, in [35m_write_milvus[0m
    [1mself[0m[35m[1m.[0m[1mstore[0m[35m[1m.[0m[1mensure_collection[0m[1m([0m[1m)[0m
    [36m│    │     └ [0m[36m[1m<function MilvusStore.ensure_collection at 0x0000028E69436160>[0m
    [36m│    └ [0m[36m[1m<src.infrastructure.milvus_store.MilvusStore object at 0x0000028E69F91400>[0m
    [36m└ [0m[36m[1m<src.application.indexing_service.IndexingService object at 0x0000028E815C94E0>[0m

  File "[32mC:\bi ye she ji\backend\src\infrastructure\[0m[32m[1mmilvus_store.py[0m", line [33m99[0m, in [35mensure_collection[0m
    [1mclient[0m [35m[1m=[0m [1mself[0m[35m[1m.[0m[1m_get_client[0m[1m([0m[1m)[0m
    [36m         │    └ [0m[36m[1m<function MilvusStore._get_client at 0x0000028E694360C0>[0m
    [36m         └ [0m[36m[1m<src.infrastructure.milvus_store.MilvusStore object at 0x0000028E69F91400>[0m

  File "[32mC:\bi ye she ji\backend\src\infrastructure\[0m[32m[1mmilvus_store.py[0m", line [33m95[0m, in [35m_get_client[0m
    [35m[1mraise[0m [1mVectorStoreError[0m[1m([0m[36mf"[0m[36mMilvus 连接失败（[0m[1m{[0m[1mself[0m[35m[1m.[0m[1m_uri[0m[1m}[0m[36m）：[0m[1m{[0m[1mexc[0m[1m}[0m[36m"[0m[1m)[0m [35m[1mfrom[0m [1mexc[0m
    [36m      │                               │    └ [0m[36m[1m'http://localhost:19530'[0m
    [36m      │                               └ [0m[36m[1m<src.infrastructure.milvus_store.MilvusStore object at 0x0000028E69F91400>[0m
    [36m      └ [0m[36m[1m<class 'src.infrastructure.milvus_store.VectorStoreError'>[0m

[31m[1msrc.infrastructure.milvus_store.VectorStoreError[0m:[1m Milvus 连接失败（http://localhost:19530）：<MilvusException: (code=2, message=Fail connecting to server on localhost:19530, illegal connection params or server unavailable)>[0m


[1mThe above exception was the direct cause of the following exception:[0m


[33m[1mTraceback (most recent call last):[0m

  File "C:\Users\Administrator\AppData\Local\Programs\Python\Python313\Lib\threading.py", line 1015, in _bootstrap
    self._bootstrap_inner()
    │    └ <function Thread._bootstrap_inner at 0x0000028E636BD940>
    └ <WorkerThread(AnyIO worker thread, started 15688)>
  File "C:\Users\Administrator\AppData\Local\Programs\Python\Python313\Lib\threading.py", line 1044, in _bootstrap_inner
    self.run()
    │    └ <function WorkerThread.run at 0x0000028E6A001B20>
    └ <WorkerThread(AnyIO worker thread, started 15688)>
  File "C:\bi ye she ji\backend\venv\Lib\site-packages\anyio\_backends\_asyncio.py", line 1100, in run
    result = context.run(func, *args)
             │       │   │      └ ()
             │       │   └ functools.partial(<function _run_vectorize_safely at 0x0000028E6944EE80>, 'f8833a82-b4a5-40c6-b1ad-616515c29851')
             │       └ <method 'run' of '_contextvars.Context' objects>
             └ <_contextvars.Context object at 0x0000028E026BB080>

> File "[32mC:\bi ye she ji\backend\src\api\routes\[0m[32m[1mdocuments.py[0m", line [33m131[0m, in [35m_run_vectorize_safely[0m
    [1mrun_vectorize[0m[1m([0m[1mdoc_id[0m[1m)[0m
    [36m│             └ [0m[36m[1m'f8833a82-b4a5-40c6-b1ad-616515c29851'[0m
    [36m└ [0m[36m[1m<function run_vectorize at 0x0000028E6A012200>[0m

  File "[32mC:\bi ye she ji\backend\src\application\[0m[32m[1mindex_runner.py[0m", line [33m43[0m, in [35mrun_vectorize[0m
    [35m[1mreturn[0m [1masyncio[0m[35m[1m.[0m[1mrun[0m[1m([0m[1m_run[0m[1m([0m[1m)[0m[1m)[0m
    [36m       │       │   └ [0m[36m[1m<function run_vectorize.<locals>._run at 0x0000028E0268A3E0>[0m
    [36m       │       └ [0m[36m[1m<function run at 0x0000028E655719E0>[0m
    [36m       └ [0m[36m[1m<module 'asyncio' from 'C:\\Users\\Administrator\\AppData\\Local\\Programs\\Python\\Python313\\Lib\\asyncio\\__init__.py'>[0m

  File "C:\Users\Administrator\AppData\Local\Programs\Python\Python313\Lib\asyncio\runners.py", line 196, in run
    return runner.run(main)
           │      │   └ <coroutine object run_vectorize.<locals>._run at 0x0000028E025D0F20>
           │      └ <function Runner.run at 0x0000028E659AFEC0>
           └ <asyncio.runners.Runner object at 0x0000028E609DEAD0>
  File "C:\Users\Administrator\AppData\Local\Programs\Python\Python313\Lib\asyncio\runners.py", line 119, in run
    return self._loop.run_until_complete(task)
           │    │                        └ <Task finished name='Task-353' coro=<run_vectorize.<locals>._run() done, defined at C:\bi ye she ji\backend\src\application\i...
           │    └ None
           └ <asyncio.runners.Runner object at 0x0000028E609DEAD0>
  File "C:\Users\Administrator\AppData\Local\Programs\Python\Python313\Lib\asyncio\base_events.py", line 725, in run_until_complete
    return future.result()
           │      └ <method 'result' of '_asyncio.Task' objects>
           └ <Task finished name='Task-353' coro=<run_vectorize.<locals>._run() done, defined at C:\bi ye she ji\backend\src\application\i...

  File "[32mC:\bi ye she ji\backend\src\application\[0m[32m[1mindex_runner.py[0m", line [33m32[0m, in [35m_run[0m
    [1mdoc[0m [35m[1m=[0m [35m[1mawait[0m [1mservice[0m[35m[1m.[0m[1mrun[0m[1m([0m[1muuid[0m[35m[1m.[0m[1mUUID[0m[1m([0m[1mdoc_id[0m[1m)[0m[1m)[0m
    [36m            │       │   │    │    └ [0m[36m[1m'f8833a82-b4a5-40c6-b1ad-616515c29851'[0m
    [36m            │       │   │    └ [0m[36m[1m<class 'uuid.UUID'>[0m
    [36m            │       │   └ [0m[36m[1m<module 'uuid' from 'C:\\Users\\Administrator\\AppData\\Local\\Programs\\Python\\Python313\\Lib\\uuid.py'>[0m
    [36m            │       └ [0m[36m[1m<function IndexingService.run at 0x0000028E6A0128E0>[0m
    [36m            └ [0m[36m[1m<src.application.indexing_service.IndexingService object at 0x0000028E815C94E0>[0m

  File "[32mC:\bi ye she ji\backend\src\application\[0m[32m[1mindexing_service.py[0m", line [33m87[0m, in [35mrun[0m
    [35m[1mraise[0m [1mAppException[0m[1m([0m[34m[1m422[0m[1m,[0m [36mf"[0m[36m向量化失败：[0m[1m{[0m[1mexc[0m[1m}[0m[36m"[0m[1m)[0m [35m[1mfrom[0m [1mexc[0m
    [36m      └ [0m[36m[1m<class 'src.core.exceptions.AppException'>[0m

[31m[1msrc.core.exceptions.AppException[0m:[1m 向量化失败：Milvus 连接失败（http://localhost:19530）：<MilvusException: (code=2, message=Fail connecting to server on localhost:19530, illegal connection params or server unavailable)>[0m
[32m2026-09-06 11:50:58.069[0m | [1mINFO    [0m | [36msrc.application.index_runner[0m:[36m41[0m - [1m开始向量化文档 doc_id=4856e3ce-a2b5-46d7-9872-f53b68b29f41[0m
2026-09-06 11:51:13,326 [ERROR][_create_connection]: Failed to create new connection using: 9f5cdf1f36014b098dbdea600bd6b761 (milvus_client.py:852)
[32m2026-09-06 11:51:13.327[0m | [31m[1mERROR   [0m | [36msrc.application.indexing_service[0m:[36m85[0m - [31m[1m文档向量化失败 doc_id=087cdcb0-c559-4bdd-aa22-a687e780662d: Milvus 连接失败（http://localhost:19530）：<MilvusException: (code=2, message=Fail connecting to server on localhost:19530, illegal connection params or server unavailable)>[0m
[32m2026-09-06 11:51:13.348[0m | [31m[1mERROR   [0m | [36msrc.api.routes.documents[0m:[36m133[0m - [31m[1m后台向量化任务执行失败 doc_id=087cdcb0-c559-4bdd-aa22-a687e780662d[0m
[33m[1mTraceback (most recent call last):[0m

  File "[32mC:\bi ye she ji\backend\src\infrastructure\[0m[32m[1mmilvus_store.py[0m", line [33m93[0m, in [35m_get_client[0m
    [1mself[0m[35m[1m.[0m[1m_client[0m [35m[1m=[0m [1mMilvusClient[0m[1m([0m[1muri[0m[35m[1m=[0m[1mself[0m[35m[1m.[0m[1m_uri[0m[1m)[0m
    [36m│    │         │                │    └ [0m[36m[1m'http://localhost:19530'[0m
    [36m│    │         │                └ [0m[36m[1m<src.infrastructure.milvus_store.MilvusStore object at 0x0000028E69F91400>[0m
    [36m│    │         └ [0m[36m[1m<class 'pymilvus.milvus_client.milvus_client.MilvusClient'>[0m
    [36m│    └ [0m[36m[1mNone[0m
    [36m└ [0m[36m[1m<src.infrastructure.milvus_store.MilvusStore object at 0x0000028E69F91400>[0m

  File "C:\bi ye she ji\backend\venv\Lib\site-packages\pymilvus\milvus_client\milvus_client.py", line 65, in __init__
    self._using = self._create_connection(
    │             │    └ <function MilvusClient._create_connection at 0x0000028E60909260>
    │             └ <pymilvus.milvus_client.milvus_client.MilvusClient object at 0x0000028E815CE760>
    └ <pymilvus.milvus_client.milvus_client.MilvusClient object at 0x0000028E815CE760>
  File "C:\bi ye she ji\backend\venv\Lib\site-packages\pymilvus\milvus_client\milvus_client.py", line 853, in _create_connection
    raise ex from ex
  File "C:\bi ye she ji\backend\venv\Lib\site-packages\pymilvus\milvus_client\milvus_client.py", line 850, in _create_connection
    connections.connect(using, user, password, db_name, token, uri=uri, **kwargs)
    │           │       │      │     │         │        │          │      └ {'timeout': None}
    │           │       │      │     │         │        │          └ 'http://localhost:19530'
    │           │       │      │     │         │        └ ''
    │           │       │      │     │         └ ''
    │           │       │      │     └ ''
    │           │       │      └ ''
    │           │       └ '9f5cdf1f36014b098dbdea600bd6b761'
    │           └ <function Connections.connect at 0x0000028E6051A0C0>
    └ <pymilvus.orm.connections.Connections object at 0x0000028E604D12B0>
  File "C:\bi ye she ji\backend\venv\Lib\site-packages\pymilvus\orm\connections.py", line 461, in connect
    connect_milvus(**kwargs, user=user, password=password, token=token, db_name=db_name)
    │                │            │              │               │              └ ''
    │                │            │              │               └ ''
    │                │            │              └ ''
    │                │            └ ''
    │                └ {'timeout': None, 'address': 'localhost:19530'}
    └ <function Connections.connect.<locals>.connect_milvus at 0x0000028E815F6480>
  File "C:\bi ye she ji\backend\venv\Lib\site-packages\pymilvus\orm\connections.py", line 411, in connect_milvus
    gh._wait_for_channel_ready(timeout=timeout)
    │  │                               └ 10.0
    │  └ <function GrpcHandler._wait_for_channel_ready at 0x0000028E604BFC40>
    └ <pymilvus.client.grpc_handler.GrpcHandler object at 0x0000028E60B7D710>
  File "C:\bi ye she ji\backend\venv\Lib\site-packages\pymilvus\client\grpc_handler.py", line 154, in _wait_for_channel_ready
    raise MilvusException(
          └ <class 'pymilvus.exceptions.MilvusException'>

[31m[1mpymilvus.exceptions.MilvusException[0m:[1m <MilvusException: (code=2, message=Fail connecting to server on localhost:19530, illegal connection params or server unavailable)>[0m


[1mThe above exception was the direct cause of the following exception:[0m


[33m[1mTraceback (most recent call last):[0m

  File "[32mC:\bi ye she ji\backend\src\application\[0m[32m[1mindexing_service.py[0m", line [33m83[0m, in [35mrun[0m
    [35m[1mawait[0m [1masyncio[0m[35m[1m.[0m[1mto_thread[0m[1m([0m[1mself[0m[35m[1m.[0m[1m_write_milvus[0m[1m,[0m [1mstr[0m[1m([0m[1mdoc[0m[35m[1m.[0m[1mid[0m[1m)[0m[1m,[0m [1mrows[0m[1m)[0m
    [36m      │       │         │    │                  │   │    └ [0m[36m[1m[VectorRow(id='f82d7518-cd60-48f0-be69-a0d3af0c15c6', doc_id='087cdcb0-c559-4bdd-aa22-a687e780662d', kb_id='8a400482-cbd3-44a...[0m
    [36m      │       │         │    │                  │   └ [0m[36m[1m<sqlalchemy.orm.attributes.InstrumentedAttribute object at 0x0000028E68DDE660>[0m
    [36m      │       │         │    │                  └ [0m[36m[1m<src.domain.models.Document object at 0x0000028E0296F1D0>[0m
    [36m      │       │         │    └ [0m[36m[1m<function IndexingService._write_milvus at 0x0000028E6A012A20>[0m
    [36m      │       │         └ [0m[36m[1m<src.application.indexing_service.IndexingService object at 0x0000028E815C8D00>[0m
    [36m      │       └ [0m[36m[1m<function to_thread at 0x0000028E659B4540>[0m
    [36m      └ [0m[36m[1m<module 'asyncio' from 'C:\\Users\\Administrator\\AppData\\Local\\Programs\\Python\\Python313\\Lib\\asyncio\\__init__.py'>[0m

  File "C:\Users\Administrator\AppData\Local\Programs\Python\Python313\Lib\asyncio\threads.py", line 26, in to_thread
    return await loop.run_in_executor(None, func_call)
                 │    │                     └ functools.partial(<built-in method run of _contextvars.Context object at 0x0000028E026BB080>, <bound method IndexingService._...
                 │    └ <function BaseEventLoop.run_in_executor at 0x0000028E659AE2A0>
                 └ <ProactorEventLoop running=False closed=True debug=False>
  File "C:\Users\Administrator\AppData\Local\Programs\Python\Python313\Lib\concurrent\futures\thread.py", line 59, in run
    result = self.fn(*self.args, **self.kwargs)
             │        │            └ None
             │        └ None
             └ None

  File "[32mC:\bi ye she ji\backend\src\application\[0m[32m[1mindexing_service.py[0m", line [33m130[0m, in [35m_write_milvus[0m
    [1mself[0m[35m[1m.[0m[1mstore[0m[35m[1m.[0m[1mensure_collection[0m[1m([0m[1m)[0m
    [36m│    │     └ [0m[36m[1m<function MilvusStore.ensure_collection at 0x0000028E69436160>[0m
    [36m│    └ [0m[36m[1m<src.infrastructure.milvus_store.MilvusStore object at 0x0000028E69F91400>[0m
    [36m└ [0m[36m[1m<src.application.indexing_service.IndexingService object at 0x0000028E815C8D00>[0m

  File "[32mC:\bi ye she ji\backend\src\infrastructure\[0m[32m[1mmilvus_store.py[0m", line [33m99[0m, in [35mensure_collection[0m
    [1mclient[0m [35m[1m=[0m [1mself[0m[35m[1m.[0m[1m_get_client[0m[1m([0m[1m)[0m
    [36m         │    └ [0m[36m[1m<function MilvusStore._get_client at 0x0000028E694360C0>[0m
    [36m         └ [0m[36m[1m<src.infrastructure.milvus_store.MilvusStore object at 0x0000028E69F91400>[0m

  File "[32mC:\bi ye she ji\backend\src\infrastructure\[0m[32m[1mmilvus_store.py[0m", line [33m95[0m, in [35m_get_client[0m
    [35m[1mraise[0m [1mVectorStoreError[0m[1m([0m[36mf"[0m[36mMilvus 连接失败（[0m[1m{[0m[1mself[0m[35m[1m.[0m[1m_uri[0m[1m}[0m[36m）：[0m[1m{[0m[1mexc[0m[1m}[0m[36m"[0m[1m)[0m [35m[1mfrom[0m [1mexc[0m
    [36m      │                               │    └ [0m[36m[1m'http://localhost:19530'[0m
    [36m      │                               └ [0m[36m[1m<src.infrastructure.milvus_store.MilvusStore object at 0x0000028E69F91400>[0m
    [36m      └ [0m[36m[1m<class 'src.infrastructure.milvus_store.VectorStoreError'>[0m

[31m[1msrc.infrastructure.milvus_store.VectorStoreError[0m:[1m Milvus 连接失败（http://localhost:19530）：<MilvusException: (code=2, message=Fail connecting to server on localhost:19530, illegal connection params or server unavailable)>[0m


[1mThe above exception was the direct cause of the following exception:[0m


[33m[1mTraceback (most recent call last):[0m

  File "C:\Users\Administrator\AppData\Local\Programs\Python\Python313\Lib\threading.py", line 1015, in _bootstrap
    self._bootstrap_inner()
    │    └ <function Thread._bootstrap_inner at 0x0000028E636BD940>
    └ <WorkerThread(AnyIO worker thread, started 10452)>
  File "C:\Users\Administrator\AppData\Local\Programs\Python\Python313\Lib\threading.py", line 1044, in _bootstrap_inner
    self.run()
    │    └ <function WorkerThread.run at 0x0000028E6A001B20>
    └ <WorkerThread(AnyIO worker thread, started 10452)>
  File "C:\bi ye she ji\backend\venv\Lib\site-packages\anyio\_backends\_asyncio.py", line 1100, in run
    result = context.run(func, *args)
             │       │   │      └ ()
             │       │   └ functools.partial(<function _run_vectorize_safely at 0x0000028E6944EE80>, '087cdcb0-c559-4bdd-aa22-a687e780662d')
             │       └ <method 'run' of '_contextvars.Context' objects>
             └ <_contextvars.Context object at 0x0000028E02874D80>

> File "[32mC:\bi ye she ji\backend\src\api\routes\[0m[32m[1mdocuments.py[0m", line [33m131[0m, in [35m_run_vectorize_safely[0m
    [1mrun_vectorize[0m[1m([0m[1mdoc_id[0m[1m)[0m
    [36m│             └ [0m[36m[1m'087cdcb0-c559-4bdd-aa22-a687e780662d'[0m
    [36m└ [0m[36m[1m<function run_vectorize at 0x0000028E6A012200>[0m

  File "[32mC:\bi ye she ji\backend\src\application\[0m[32m[1mindex_runner.py[0m", line [33m43[0m, in [35mrun_vectorize[0m
    [35m[1mreturn[0m [1masyncio[0m[35m[1m.[0m[1mrun[0m[1m([0m[1m_run[0m[1m([0m[1m)[0m[1m)[0m
    [36m       │       │   └ [0m[36m[1m<function run_vectorize.<locals>._run at 0x0000028E0287C860>[0m
    [36m       │       └ [0m[36m[1m<function run at 0x0000028E655719E0>[0m
    [36m       └ [0m[36m[1m<module 'asyncio' from 'C:\\Users\\Administrator\\AppData\\Local\\Programs\\Python\\Python313\\Lib\\asyncio\\__init__.py'>[0m

  File "C:\Users\Administrator\AppData\Local\Programs\Python\Python313\Lib\asyncio\runners.py", line 196, in run
    return runner.run(main)
           │      │   └ <coroutine object run_vectorize.<locals>._run at 0x0000028E6A02E130>
           │      └ <function Runner.run at 0x0000028E659AFEC0>
           └ <asyncio.runners.Runner object at 0x0000028E69F061D0>
  File "C:\Users\Administrator\AppData\Local\Programs\Python\Python313\Lib\asyncio\runners.py", line 119, in run
    return self._loop.run_until_complete(task)
           │    │                        └ <Task finished name='Task-367' coro=<run_vectorize.<locals>._run() done, defined at C:\bi ye she ji\backend\src\application\i...
           │    └ None
           └ <asyncio.runners.Runner object at 0x0000028E69F061D0>
  File "C:\Users\Administrator\AppData\Local\Programs\Python\Python313\Lib\asyncio\base_events.py", line 725, in run_until_complete
    return future.result()
           │      └ <method 'result' of '_asyncio.Task' objects>
           └ <Task finished name='Task-367' coro=<run_vectorize.<locals>._run() done, defined at C:\bi ye she ji\backend\src\application\i...

  File "[32mC:\bi ye she ji\backend\src\application\[0m[32m[1mindex_runner.py[0m", line [33m32[0m, in [35m_run[0m
    [1mdoc[0m [35m[1m=[0m [35m[1mawait[0m [1mservice[0m[35m[1m.[0m[1mrun[0m[1m([0m[1muuid[0m[35m[1m.[0m[1mUUID[0m[1m([0m[1mdoc_id[0m[1m)[0m[1m)[0m
    [36m            │       │   │    │    └ [0m[36m[1m'087cdcb0-c559-4bdd-aa22-a687e780662d'[0m
    [36m            │       │   │    └ [0m[36m[1m<class 'uuid.UUID'>[0m
    [36m            │       │   └ [0m[36m[1m<module 'uuid' from 'C:\\Users\\Administrator\\AppData\\Local\\Programs\\Python\\Python313\\Lib\\uuid.py'>[0m
    [36m            │       └ [0m[36m[1m<function IndexingService.run at 0x0000028E6A0128E0>[0m
    [36m            └ [0m[36m[1m<src.application.indexing_service.IndexingService object at 0x0000028E815C8D00>[0m

  File "[32mC:\bi ye she ji\backend\src\application\[0m[32m[1mindexing_service.py[0m", line [33m87[0m, in [35mrun[0m
    [35m[1mraise[0m [1mAppException[0m[1m([0m[34m[1m422[0m[1m,[0m [36mf"[0m[36m向量化失败：[0m[1m{[0m[1mexc[0m[1m}[0m[36m"[0m[1m)[0m [35m[1mfrom[0m [1mexc[0m
    [36m      └ [0m[36m[1m<class 'src.core.exceptions.AppException'>[0m

[31m[1msrc.core.exceptions.AppException[0m:[1m 向量化失败：Milvus 连接失败（http://localhost:19530）：<MilvusException: (code=2, message=Fail connecting to server on localhost:19530, illegal connection params or server unavailable)>[0m
[32m2026-09-06 11:51:13.360[0m | [1mINFO    [0m | [36msrc.application.index_runner[0m:[36m41[0m - [1m开始向量化文档 doc_id=d87e70df-4254-47a7-93fe-8c1db990fc11[0m
2026-09-06 11:51:13,761 [ERROR][_create_connection]: Failed to create new connection using: b494b119cffa4c56b9bcee6a497fc643 (milvus_client.py:852)
[32m2026-09-06 11:51:13.769[0m | [31m[1mERROR   [0m | [36msrc.application.indexing_service[0m:[36m85[0m - [31m[1m文档向量化失败 doc_id=84620cd2-23e8-45e8-b4c4-20a165d9615a: Milvus 连接失败（http://localhost:19530）：<MilvusException: (code=2, message=Fail connecting to server on localhost:19530, illegal connection params or server unavailable)>[0m
[32m2026-09-06 11:51:13.788[0m | [31m[1mERROR   [0m | [36msrc.api.routes.documents[0m:[36m133[0m - [31m[1m后台向量化任务执行失败 doc_id=84620cd2-23e8-45e8-b4c4-20a165d9615a[0m
[33m[1mTraceback (most recent call last):[0m

  File "[32mC:\bi ye she ji\backend\src\infrastructure\[0m[32m[1mmilvus_store.py[0m", line [33m93[0m, in [35m_get_client[0m
    [1mself[0m[35m[1m.[0m[1m_client[0m [35m[1m=[0m [1mMilvusClient[0m[1m([0m[1muri[0m[35m[1m=[0m[1mself[0m[35m[1m.[0m[1m_uri[0m[1m)[0m
    [36m│    │         │                │    └ [0m[36m[1m'http://localhost:19530'[0m
    [36m│    │         │                └ [0m[36m[1m<src.infrastructure.milvus_store.MilvusStore object at 0x0000028E69F91400>[0m
    [36m│    │         └ [0m[36m[1m<class 'pymilvus.milvus_client.milvus_client.MilvusClient'>[0m
    [36m│    └ [0m[36m[1mNone[0m
    [36m└ [0m[36m[1m<src.infrastructure.milvus_store.MilvusStore object at 0x0000028E69F91400>[0m

  File "C:\bi ye she ji\backend\venv\Lib\site-packages\pymilvus\milvus_client\milvus_client.py", line 65, in __init__
    self._using = self._create_connection(
    │             │    └ <function MilvusClient._create_connection at 0x0000028E60909260>
    │             └ <pymilvus.milvus_client.milvus_client.MilvusClient object at 0x0000028E7EFDBD40>
    └ <pymilvus.milvus_client.milvus_client.MilvusClient object at 0x0000028E7EFDBD40>
  File "C:\bi ye she ji\backend\venv\Lib\site-packages\pymilvus\milvus_client\milvus_client.py", line 853, in _create_connection
    raise ex from ex
  File "C:\bi ye she ji\backend\venv\Lib\site-packages\pymilvus\milvus_client\milvus_client.py", line 850, in _create_connection
    connections.connect(using, user, password, db_name, token, uri=uri, **kwargs)
    │           │       │      │     │         │        │          │      └ {'timeout': None}
    │           │       │      │     │         │        │          └ 'http://localhost:19530'
    │           │       │      │     │         │        └ ''
    │           │       │      │     │         └ ''
    │           │       │      │     └ ''
    │           │       │      └ ''
    │           │       └ 'b494b119cffa4c56b9bcee6a497fc643'
    │           └ <function Connections.connect at 0x0000028E6051A0C0>
    └ <pymilvus.orm.connections.Connections object at 0x0000028E604D12B0>
  File "C:\bi ye she ji\backend\venv\Lib\site-packages\pymilvus\orm\connections.py", line 461, in connect
    connect_milvus(**kwargs, user=user, password=password, token=token, db_name=db_name)
    │                │            │              │               │              └ ''
    │                │            │              │               └ ''
    │                │            │              └ ''
    │                │            └ ''
    │                └ {'timeout': None, 'address': 'localhost:19530'}
    └ <function Connections.connect.<locals>.connect_milvus at 0x0000028E60B60C20>
  File "C:\bi ye she ji\backend\venv\Lib\site-packages\pymilvus\orm\connections.py", line 411, in connect_milvus
    gh._wait_for_channel_ready(timeout=timeout)
    │  │                               └ 10.0
    │  └ <function GrpcHandler._wait_for_channel_ready at 0x0000028E604BFC40>
    └ <pymilvus.client.grpc_handler.GrpcHandler object at 0x0000028E7E939010>
  File "C:\bi ye she ji\backend\venv\Lib\site-packages\pymilvus\client\grpc_handler.py", line 154, in _wait_for_channel_ready
    raise MilvusException(
          └ <class 'pymilvus.exceptions.MilvusException'>

[31m[1mpymilvus.exceptions.MilvusException[0m:[1m <MilvusException: (code=2, message=Fail connecting to server on localhost:19530, illegal connection params or server unavailable)>[0m


[1mThe above exception was the direct cause of the following exception:[0m


[33m[1mTraceback (most recent call last):[0m

  File "[32mC:\bi ye she ji\backend\src\application\[0m[32m[1mindexing_service.py[0m", line [33m83[0m, in [35mrun[0m
    [35m[1mawait[0m [1masyncio[0m[35m[1m.[0m[1mto_thread[0m[1m([0m[1mself[0m[35m[1m.[0m[1m_write_milvus[0m[1m,[0m [1mstr[0m[1m([0m[1mdoc[0m[35m[1m.[0m[1mid[0m[1m)[0m[1m,[0m [1mrows[0m[1m)[0m
    [36m      │       │         │    │                  │   │    └ [0m[36m[1m[VectorRow(id='b2a88254-6d3c-4e00-8dd5-4bd9533b1057', doc_id='84620cd2-23e8-45e8-b4c4-20a165d9615a', kb_id='59a4132c-2f45-479...[0m
    [36m      │       │         │    │                  │   └ [0m[36m[1m<sqlalchemy.orm.attributes.InstrumentedAttribute object at 0x0000028E68DDE660>[0m
    [36m      │       │         │    │                  └ [0m[36m[1m<src.domain.models.Document object at 0x0000028E0296EFC0>[0m
    [36m      │       │         │    └ [0m[36m[1m<function IndexingService._write_milvus at 0x0000028E6A012A20>[0m
    [36m      │       │         └ [0m[36m[1m<src.application.indexing_service.IndexingService object at 0x0000028E01CBE510>[0m
    [36m      │       └ [0m[36m[1m<function to_thread at 0x0000028E659B4540>[0m
    [36m      └ [0m[36m[1m<module 'asyncio' from 'C:\\Users\\Administrator\\AppData\\Local\\Programs\\Python\\Python313\\Lib\\asyncio\\__init__.py'>[0m

  File "C:\Users\Administrator\AppData\Local\Programs\Python\Python313\Lib\asyncio\threads.py", line 26, in to_thread
    return await loop.run_in_executor(None, func_call)
                 │    │                     └ functools.partial(<built-in method run of _contextvars.Context object at 0x0000028E0263BB40>, <bound method IndexingService._...
                 │    └ <function BaseEventLoop.run_in_executor at 0x0000028E659AE2A0>
                 └ <ProactorEventLoop running=False closed=True debug=False>
  File "C:\Users\Administrator\AppData\Local\Programs\Python\Python313\Lib\concurrent\futures\thread.py", line 59, in run
    result = self.fn(*self.args, **self.kwargs)
             │        │            └ None
             │        └ None
             └ None

  File "[32mC:\bi ye she ji\backend\src\application\[0m[32m[1mindexing_service.py[0m", line [33m130[0m, in [35m_write_milvus[0m
    [1mself[0m[35m[1m.[0m[1mstore[0m[35m[1m.[0m[1mensure_collection[0m[1m([0m[1m)[0m
    [36m│    │     └ [0m[36m[1m<function MilvusStore.ensure_collection at 0x0000028E69436160>[0m
    [36m│    └ [0m[36m[1m<src.infrastructure.milvus_store.MilvusStore object at 0x0000028E69F91400>[0m
    [36m└ [0m[36m[1m<src.application.indexing_service.IndexingService object at 0x0000028E01CBE510>[0m

  File "[32mC:\bi ye she ji\backend\src\infrastructure\[0m[32m[1mmilvus_store.py[0m", line [33m99[0m, in [35mensure_collection[0m
    [1mclient[0m [35m[1m=[0m [1mself[0m[35m[1m.[0m[1m_get_client[0m[1m([0m[1m)[0m
    [36m         │    └ [0m[36m[1m<function MilvusStore._get_client at 0x0000028E694360C0>[0m
    [36m         └ [0m[36m[1m<src.infrastructure.milvus_store.MilvusStore object at 0x0000028E69F91400>[0m

  File "[32mC:\bi ye she ji\backend\src\infrastructure\[0m[32m[1mmilvus_store.py[0m", line [33m95[0m, in [35m_get_client[0m
    [35m[1mraise[0m [1mVectorStoreError[0m[1m([0m[36mf"[0m[36mMilvus 连接失败（[0m[1m{[0m[1mself[0m[35m[1m.[0m[1m_uri[0m[1m}[0m[36m）：[0m[1m{[0m[1mexc[0m[1m}[0m[36m"[0m[1m)[0m [35m[1mfrom[0m [1mexc[0m
    [36m      │                               │    └ [0m[36m[1m'http://localhost:19530'[0m
    [36m      │                               └ [0m[36m[1m<src.infrastructure.milvus_store.MilvusStore object at 0x0000028E69F91400>[0m
    [36m      └ [0m[36m[1m<class 'src.infrastructure.milvus_store.VectorStoreError'>[0m

[31m[1msrc.infrastructure.milvus_store.VectorStoreError[0m:[1m Milvus 连接失败（http://localhost:19530）：<MilvusException: (code=2, message=Fail connecting to server on localhost:19530, illegal connection params or server unavailable)>[0m


[1mThe above exception was the direct cause of the following exception:[0m


[33m[1mTraceback (most recent call last):[0m

  File "C:\Users\Administrator\AppData\Local\Programs\Python\Python313\Lib\threading.py", line 1015, in _bootstrap
    self._bootstrap_inner()
    │    └ <function Thread._bootstrap_inner at 0x0000028E636BD940>
    └ <WorkerThread(AnyIO worker thread, started 8416)>
  File "C:\Users\Administrator\AppData\Local\Programs\Python\Python313\Lib\threading.py", line 1044, in _bootstrap_inner
    self.run()
    │    └ <function WorkerThread.run at 0x0000028E6A001B20>
    └ <WorkerThread(AnyIO worker thread, started 8416)>
  File "C:\bi ye she ji\backend\venv\Lib\site-packages\anyio\_backends\_asyncio.py", line 1100, in run
    result = context.run(func, *args)
             │       │   │      └ ()
             │       │   └ functools.partial(<function _run_vectorize_safely at 0x0000028E6944EE80>, '84620cd2-23e8-45e8-b4c4-20a165d9615a')
             │       └ <method 'run' of '_contextvars.Context' objects>
             └ <_contextvars.Context object at 0x0000028E0263BB80>

> File "[32mC:\bi ye she ji\backend\src\api\routes\[0m[32m[1mdocuments.py[0m", line [33m131[0m, in [35m_run_vectorize_safely[0m
    [1mrun_vectorize[0m[1m([0m[1mdoc_id[0m[1m)[0m
    [36m│             └ [0m[36m[1m'84620cd2-23e8-45e8-b4c4-20a165d9615a'[0m
    [36m└ [0m[36m[1m<function run_vectorize at 0x0000028E6A012200>[0m

  File "[32mC:\bi ye she ji\backend\src\application\[0m[32m[1mindex_runner.py[0m", line [33m43[0m, in [35mrun_vectorize[0m
    [35m[1mreturn[0m [1masyncio[0m[35m[1m.[0m[1mrun[0m[1m([0m[1m_run[0m[1m([0m[1m)[0m[1m)[0m
    [36m       │       │   └ [0m[36m[1m<function run_vectorize.<locals>._run at 0x0000028E026C71A0>[0m
    [36m       │       └ [0m[36m[1m<function run at 0x0000028E655719E0>[0m
    [36m       └ [0m[36m[1m<module 'asyncio' from 'C:\\Users\\Administrator\\AppData\\Local\\Programs\\Python\\Python313\\Lib\\asyncio\\__init__.py'>[0m

  File "C:\Users\Administrator\AppData\Local\Programs\Python\Python313\Lib\asyncio\runners.py", line 196, in run
    return runner.run(main)
           │      │   └ <coroutine object run_vectorize.<locals>._run at 0x0000028E7E5AC9D0>
           │      └ <function Runner.run at 0x0000028E659AFEC0>
           └ <asyncio.runners.Runner object at 0x0000028E68A2B5D0>
  File "C:\Users\Administrator\AppData\Local\Programs\Python\Python313\Lib\asyncio\runners.py", line 119, in run
    return self._loop.run_until_complete(task)
           │    │                        └ <Task finished name='Task-360' coro=<run_vectorize.<locals>._run() done, defined at C:\bi ye she ji\backend\src\application\i...
           │    └ None
           └ <asyncio.runners.Runner object at 0x0000028E68A2B5D0>
  File "C:\Users\Administrator\AppData\Local\Programs\Python\Python313\Lib\asyncio\base_events.py", line 725, in run_until_complete
    return future.result()
           │      └ <method 'result' of '_asyncio.Task' objects>
           └ <Task finished name='Task-360' coro=<run_vectorize.<locals>._run() done, defined at C:\bi ye she ji\backend\src\application\i...

  File "[32mC:\bi ye she ji\backend\src\application\[0m[32m[1mindex_runner.py[0m", line [33m32[0m, in [35m_run[0m
    [1mdoc[0m [35m[1m=[0m [35m[1mawait[0m [1mservice[0m[35m[1m.[0m[1mrun[0m[1m([0m[1muuid[0m[35m[1m.[0m[1mUUID[0m[1m([0m[1mdoc_id[0m[1m)[0m[1m)[0m
    [36m            │       │   │    │    └ [0m[36m[1m'84620cd2-23e8-45e8-b4c4-20a165d9615a'[0m
    [36m            │       │   │    └ [0m[36m[1m<class 'uuid.UUID'>[0m
    [36m            │       │   └ [0m[36m[1m<module 'uuid' from 'C:\\Users\\Administrator\\AppData\\Local\\Programs\\Python\\Python313\\Lib\\uuid.py'>[0m
    [36m            │       └ [0m[36m[1m<function IndexingService.run at 0x0000028E6A0128E0>[0m
    [36m            └ [0m[36m[1m<src.application.indexing_service.IndexingService object at 0x0000028E01CBE510>[0m

  File "[32mC:\bi ye she ji\backend\src\application\[0m[32m[1mindexing_service.py[0m", line [33m87[0m, in [35mrun[0m
    [35m[1mraise[0m [1mAppException[0m[1m([0m[34m[1m422[0m[1m,[0m [36mf"[0m[36m向量化失败：[0m[1m{[0m[1mexc[0m[1m}[0m[36m"[0m[1m)[0m [35m[1mfrom[0m [1mexc[0m
    [36m      └ [0m[36m[1m<class 'src.core.exceptions.AppException'>[0m

[31m[1msrc.core.exceptions.AppException[0m:[1m 向量化失败：Milvus 连接失败（http://localhost:19530）：<MilvusException: (code=2, message=Fail connecting to server on localhost:19530, illegal connection params or server unavailable)>[0m
[32m2026-09-06 11:51:13.807[0m | [1mINFO    [0m | [36msrc.application.index_runner[0m:[36m41[0m - [1m开始向量化文档 doc_id=c03568c9-5f71-43b5-94eb-0cb06e139db4[0m
2026-09-06 11:51:32,742 [ERROR][_create_connection]: Failed to create new connection using: b51a7e57174046e5a86254a33dca3acd (milvus_client.py:852)
[32m2026-09-06 11:51:32.751[0m | [31m[1mERROR   [0m | [36msrc.application.indexing_service[0m:[36m85[0m - [31m[1m文档向量化失败 doc_id=c239585a-ef50-465a-974f-1d85f431e101: Milvus 连接失败（http://localhost:19530）：<MilvusException: (code=2, message=Fail connecting to server on localhost:19530, illegal connection params or server unavailable)>[0m
[32m2026-09-06 11:51:32.765[0m | [31m[1mERROR   [0m | [36msrc.api.routes.documents[0m:[36m133[0m - [31m[1m后台向量化任务执行失败 doc_id=c239585a-ef50-465a-974f-1d85f431e101[0m
[33m[1mTraceback (most recent call last):[0m

  File "[32mC:\bi ye she ji\backend\src\infrastructure\[0m[32m[1mmilvus_store.py[0m", line [33m93[0m, in [35m_get_client[0m
    [1mself[0m[35m[1m.[0m[1m_client[0m [35m[1m=[0m [1mMilvusClient[0m[1m([0m[1muri[0m[35m[1m=[0m[1mself[0m[35m[1m.[0m[1m_uri[0m[1m)[0m
    [36m│    │         │                │    └ [0m[36m[1m'http://localhost:19530'[0m
    [36m│    │         │                └ [0m[36m[1m<src.infrastructure.milvus_store.MilvusStore object at 0x0000028E69F91400>[0m
    [36m│    │         └ [0m[36m[1m<class 'pymilvus.milvus_client.milvus_client.MilvusClient'>[0m
    [36m│    └ [0m[36m[1mNone[0m
    [36m└ [0m[36m[1m<src.infrastructure.milvus_store.MilvusStore object at 0x0000028E69F91400>[0m

  File "C:\bi ye she ji\backend\venv\Lib\site-packages\pymilvus\milvus_client\milvus_client.py", line 65, in __init__
    self._using = self._create_connection(
    │             │    └ <function MilvusClient._create_connection at 0x0000028E60909260>
    │             └ <pymilvus.milvus_client.milvus_client.MilvusClient object at 0x0000028E60B9EF80>
    └ <pymilvus.milvus_client.milvus_client.MilvusClient object at 0x0000028E60B9EF80>
  File "C:\bi ye she ji\backend\venv\Lib\site-packages\pymilvus\milvus_client\milvus_client.py", line 853, in _create_connection
    raise ex from ex
  File "C:\bi ye she ji\backend\venv\Lib\site-packages\pymilvus\milvus_client\milvus_client.py", line 850, in _create_connection
    connections.connect(using, user, password, db_name, token, uri=uri, **kwargs)
    │           │       │      │     │         │        │          │      └ {'timeout': None}
    │           │       │      │     │         │        │          └ 'http://localhost:19530'
    │           │       │      │     │         │        └ ''
    │           │       │      │     │         └ ''
    │           │       │      │     └ ''
    │           │       │      └ ''
    │           │       └ 'b51a7e57174046e5a86254a33dca3acd'
    │           └ <function Connections.connect at 0x0000028E6051A0C0>
    └ <pymilvus.orm.connections.Connections object at 0x0000028E604D12B0>
  File "C:\bi ye she ji\backend\venv\Lib\site-packages\pymilvus\orm\connections.py", line 461, in connect
    connect_milvus(**kwargs, user=user, password=password, token=token, db_name=db_name)
    │                │            │              │               │              └ ''
    │                │            │              │               └ ''
    │                │            │              └ ''
    │                │            └ ''
    │                └ {'timeout': None, 'address': 'localhost:19530'}
    └ <function Connections.connect.<locals>.connect_milvus at 0x0000028E60B811C0>
  File "C:\bi ye she ji\backend\venv\Lib\site-packages\pymilvus\orm\connections.py", line 411, in connect_milvus
    gh._wait_for_channel_ready(timeout=timeout)
    │  │                               └ 10.0
    │  └ <function GrpcHandler._wait_for_channel_ready at 0x0000028E604BFC40>
    └ <pymilvus.client.grpc_handler.GrpcHandler object at 0x0000028E60BBEB30>
  File "C:\bi ye she ji\backend\venv\Lib\site-packages\pymilvus\client\grpc_handler.py", line 154, in _wait_for_channel_ready
    raise MilvusException(
          └ <class 'pymilvus.exceptions.MilvusException'>

[31m[1mpymilvus.exceptions.MilvusException[0m:[1m <MilvusException: (code=2, message=Fail connecting to server on localhost:19530, illegal connection params or server unavailable)>[0m


[1mThe above exception was the direct cause of the following exception:[0m


[33m[1mTraceback (most recent call last):[0m

  File "[32mC:\bi ye she ji\backend\src\application\[0m[32m[1mindexing_service.py[0m", line [33m83[0m, in [35mrun[0m
    [35m[1mawait[0m [1masyncio[0m[35m[1m.[0m[1mto_thread[0m[1m([0m[1mself[0m[35m[1m.[0m[1m_write_milvus[0m[1m,[0m [1mstr[0m[1m([0m[1mdoc[0m[35m[1m.[0m[1mid[0m[1m)[0m[1m,[0m [1mrows[0m[1m)[0m
    [36m      │       │         │    │                  │   │    └ [0m[36m[1m[VectorRow(id='11064e31-a7a5-4c14-878e-f47e9b86c15e', doc_id='c239585a-ef50-465a-974f-1d85f431e101', kb_id='325017ac-5644-426...[0m
    [36m      │       │         │    │                  │   └ [0m[36m[1m<sqlalchemy.orm.attributes.InstrumentedAttribute object at 0x0000028E68DDE660>[0m
    [36m      │       │         │    │                  └ [0m[36m[1m<src.domain.models.Document object at 0x0000028E0289C100>[0m
    [36m      │       │         │    └ [0m[36m[1m<function IndexingService._write_milvus at 0x0000028E6A012A20>[0m
    [36m      │       │         └ [0m[36m[1m<src.application.indexing_service.IndexingService object at 0x0000028E01CBFD90>[0m
    [36m      │       └ [0m[36m[1m<function to_thread at 0x0000028E659B4540>[0m
    [36m      └ [0m[36m[1m<module 'asyncio' from 'C:\\Users\\Administrator\\AppData\\Local\\Programs\\Python\\Python313\\Lib\\asyncio\\__init__.py'>[0m

  File "C:\Users\Administrator\AppData\Local\Programs\Python\Python313\Lib\asyncio\threads.py", line 26, in to_thread
    return await loop.run_in_executor(None, func_call)
                 │    │                     └ functools.partial(<built-in method run of _contextvars.Context object at 0x0000028E615A9500>, <bound method IndexingService._...
                 │    └ <function BaseEventLoop.run_in_executor at 0x0000028E659AE2A0>
                 └ <ProactorEventLoop running=False closed=True debug=False>
  File "C:\Users\Administrator\AppData\Local\Programs\Python\Python313\Lib\concurrent\futures\thread.py", line 59, in run
    result = self.fn(*self.args, **self.kwargs)
             │        │            └ None
             │        └ None
             └ None

  File "[32mC:\bi ye she ji\backend\src\application\[0m[32m[1mindexing_service.py[0m", line [33m130[0m, in [35m_write_milvus[0m
    [1mself[0m[35m[1m.[0m[1mstore[0m[35m[1m.[0m[1mensure_collection[0m[1m([0m[1m)[0m
    [36m│    │     └ [0m[36m[1m<function MilvusStore.ensure_collection at 0x0000028E69436160>[0m
    [36m│    └ [0m[36m[1m<src.infrastructure.milvus_store.MilvusStore object at 0x0000028E69F91400>[0m
    [36m└ [0m[36m[1m<src.application.indexing_service.IndexingService object at 0x0000028E01CBFD90>[0m

  File "[32mC:\bi ye she ji\backend\src\infrastructure\[0m[32m[1mmilvus_store.py[0m", line [33m99[0m, in [35mensure_collection[0m
    [1mclient[0m [35m[1m=[0m [1mself[0m[35m[1m.[0m[1m_get_client[0m[1m([0m[1m)[0m
    [36m         │    └ [0m[36m[1m<function MilvusStore._get_client at 0x0000028E694360C0>[0m
    [36m         └ [0m[36m[1m<src.infrastructure.milvus_store.MilvusStore object at 0x0000028E69F91400>[0m

  File "[32mC:\bi ye she ji\backend\src\infrastructure\[0m[32m[1mmilvus_store.py[0m", line [33m95[0m, in [35m_get_client[0m
    [35m[1mraise[0m [1mVectorStoreError[0m[1m([0m[36mf"[0m[36mMilvus 连接失败（[0m[1m{[0m[1mself[0m[35m[1m.[0m[1m_uri[0m[1m}[0m[36m）：[0m[1m{[0m[1mexc[0m[1m}[0m[36m"[0m[1m)[0m [35m[1mfrom[0m [1mexc[0m
    [36m      │                               │    └ [0m[36m[1m'http://localhost:19530'[0m
    [36m      │                               └ [0m[36m[1m<src.infrastructure.milvus_store.MilvusStore object at 0x0000028E69F91400>[0m
    [36m      └ [0m[36m[1m<class 'src.infrastructure.milvus_store.VectorStoreError'>[0m

[31m[1msrc.infrastructure.milvus_store.VectorStoreError[0m:[1m Milvus 连接失败（http://localhost:19530）：<MilvusException: (code=2, message=Fail connecting to server on localhost:19530, illegal connection params or server unavailable)>[0m


[1mThe above exception was the direct cause of the following exception:[0m


[33m[1mTraceback (most recent call last):[0m

  File "C:\Users\Administrator\AppData\Local\Programs\Python\Python313\Lib\threading.py", line 1015, in _bootstrap
    self._bootstrap_inner()
    │    └ <function Thread._bootstrap_inner at 0x0000028E636BD940>
    └ <WorkerThread(AnyIO worker thread, started 24020)>
  File "C:\Users\Administrator\AppData\Local\Programs\Python\Python313\Lib\threading.py", line 1044, in _bootstrap_inner
    self.run()
    │    └ <function WorkerThread.run at 0x0000028E6A001B20>
    └ <WorkerThread(AnyIO worker thread, started 24020)>
  File "C:\bi ye she ji\backend\venv\Lib\site-packages\anyio\_backends\_asyncio.py", line 1100, in run
    result = context.run(func, *args)
             │       │   │      └ ()
             │       │   └ functools.partial(<function _run_vectorize_safely at 0x0000028E6944EE80>, 'c239585a-ef50-465a-974f-1d85f431e101')
             │       └ <method 'run' of '_contextvars.Context' objects>
             └ <_contextvars.Context object at 0x0000028E02874440>

> File "[32mC:\bi ye she ji\backend\src\api\routes\[0m[32m[1mdocuments.py[0m", line [33m131[0m, in [35m_run_vectorize_safely[0m
    [1mrun_vectorize[0m[1m([0m[1mdoc_id[0m[1m)[0m
    [36m│             └ [0m[36m[1m'c239585a-ef50-465a-974f-1d85f431e101'[0m
    [36m└ [0m[36m[1m<function run_vectorize at 0x0000028E6A012200>[0m

  File "[32mC:\bi ye she ji\backend\src\application\[0m[32m[1mindex_runner.py[0m", line [33m43[0m, in [35mrun_vectorize[0m
    [35m[1mreturn[0m [1masyncio[0m[35m[1m.[0m[1mrun[0m[1m([0m[1m_run[0m[1m([0m[1m)[0m[1m)[0m
    [36m       │       │   └ [0m[36m[1m<function run_vectorize.<locals>._run at 0x0000028E02893C40>[0m
    [36m       │       └ [0m[36m[1m<function run at 0x0000028E655719E0>[0m
    [36m       └ [0m[36m[1m<module 'asyncio' from 'C:\\Users\\Administrator\\AppData\\Local\\Programs\\Python\\Python313\\Lib\\asyncio\\__init__.py'>[0m

  File "C:\Users\Administrator\AppData\Local\Programs\Python\Python313\Lib\asyncio\runners.py", line 196, in run
    return runner.run(main)
           │      │   └ <coroutine object run_vectorize.<locals>._run at 0x0000028E178E6680>
           │      └ <function Runner.run at 0x0000028E659AFEC0>
           └ <asyncio.runners.Runner object at 0x0000028E7E6759D0>
  File "C:\Users\Administrator\AppData\Local\Programs\Python\Python313\Lib\asyncio\runners.py", line 119, in run
    return self._loop.run_until_complete(task)
           │    │                        └ <Task finished name='Task-374' coro=<run_vectorize.<locals>._run() done, defined at C:\bi ye she ji\backend\src\application\i...
           │    └ None
           └ <asyncio.runners.Runner object at 0x0000028E7E6759D0>
  File "C:\Users\Administrator\AppData\Local\Programs\Python\Python313\Lib\asyncio\base_events.py", line 725, in run_until_complete
    return future.result()
           │      └ <method 'result' of '_asyncio.Task' objects>
           └ <Task finished name='Task-374' coro=<run_vectorize.<locals>._run() done, defined at C:\bi ye she ji\backend\src\application\i...

  File "[32mC:\bi ye she ji\backend\src\application\[0m[32m[1mindex_runner.py[0m", line [33m32[0m, in [35m_run[0m
    [1mdoc[0m [35m[1m=[0m [35m[1mawait[0m [1mservice[0m[35m[1m.[0m[1mrun[0m[1m([0m[1muuid[0m[35m[1m.[0m[1mUUID[0m[1m([0m[1mdoc_id[0m[1m)[0m[1m)[0m
    [36m            │       │   │    │    └ [0m[36m[1m'c239585a-ef50-465a-974f-1d85f431e101'[0m
    [36m            │       │   │    └ [0m[36m[1m<class 'uuid.UUID'>[0m
    [36m            │       │   └ [0m[36m[1m<module 'uuid' from 'C:\\Users\\Administrator\\AppData\\Local\\Programs\\Python\\Python313\\Lib\\uuid.py'>[0m
    [36m            │       └ [0m[36m[1m<function IndexingService.run at 0x0000028E6A0128E0>[0m
    [36m            └ [0m[36m[1m<src.application.indexing_service.IndexingService object at 0x0000028E01CBFD90>[0m

  File "[32mC:\bi ye she ji\backend\src\application\[0m[32m[1mindexing_service.py[0m", line [33m87[0m, in [35mrun[0m
    [35m[1mraise[0m [1mAppException[0m[1m([0m[34m[1m422[0m[1m,[0m [36mf"[0m[36m向量化失败：[0m[1m{[0m[1mexc[0m[1m}[0m[36m"[0m[1m)[0m [35m[1mfrom[0m [1mexc[0m
    [36m      └ [0m[36m[1m<class 'src.core.exceptions.AppException'>[0m

[31m[1msrc.core.exceptions.AppException[0m:[1m 向量化失败：Milvus 连接失败（http://localhost:19530）：<MilvusException: (code=2, message=Fail connecting to server on localhost:19530, illegal connection params or server unavailable)>[0m
[32m2026-09-06 11:51:32.779[0m | [1mINFO    [0m | [36msrc.application.index_runner[0m:[36m41[0m - [1m开始向量化文档 doc_id=bd9e88de-7058-4745-b825-0bec553f7f40[0m
2026-09-06 11:51:33,627 [ERROR][_create_connection]: Failed to create new connection using: 8435b99d427a4e4e98cfba8277179d7c (milvus_client.py:852)
[32m2026-09-06 11:51:33.628[0m | [31m[1mERROR   [0m | [36msrc.application.indexing_service[0m:[36m85[0m - [31m[1m文档向量化失败 doc_id=2c2e955f-c53c-4125-92ff-6eb7a5fedb98: Milvus 连接失败（http://localhost:19530）：<MilvusException: (code=2, message=Fail connecting to server on localhost:19530, illegal connection params or server unavailable)>[0m
[32m2026-09-06 11:51:33.649[0m | [31m[1mERROR   [0m | [36msrc.api.routes.documents[0m:[36m133[0m - [31m[1m后台向量化任务执行失败 doc_id=2c2e955f-c53c-4125-92ff-6eb7a5fedb98[0m
[33m[1mTraceback (most recent call last):[0m

  File "[32mC:\bi ye she ji\backend\src\infrastructure\[0m[32m[1mmilvus_store.py[0m", line [33m93[0m, in [35m_get_client[0m
    [1mself[0m[35m[1m.[0m[1m_client[0m [35m[1m=[0m [1mMilvusClient[0m[1m([0m[1muri[0m[35m[1m=[0m[1mself[0m[35m[1m.[0m[1m_uri[0m[1m)[0m
    [36m│    │         │                │    └ [0m[36m[1m'http://localhost:19530'[0m
    [36m│    │         │                └ [0m[36m[1m<src.infrastructure.milvus_store.MilvusStore object at 0x0000028E69F91400>[0m
    [36m│    │         └ [0m[36m[1m<class 'pymilvus.milvus_client.milvus_client.MilvusClient'>[0m
    [36m│    └ [0m[36m[1mNone[0m
    [36m└ [0m[36m[1m<src.infrastructure.milvus_store.MilvusStore object at 0x0000028E69F91400>[0m

  File "C:\bi ye she ji\backend\venv\Lib\site-packages\pymilvus\milvus_client\milvus_client.py", line 65, in __init__
    self._using = self._create_connection(
    │             │    └ <function MilvusClient._create_connection at 0x0000028E60909260>
    │             └ <pymilvus.milvus_client.milvus_client.MilvusClient object at 0x0000028E60BFCB90>
    └ <pymilvus.milvus_client.milvus_client.MilvusClient object at 0x0000028E60BFCB90>
  File "C:\bi ye she ji\backend\venv\Lib\site-packages\pymilvus\milvus_client\milvus_client.py", line 853, in _create_connection
    raise ex from ex
  File "C:\bi ye she ji\backend\venv\Lib\site-packages\pymilvus\milvus_client\milvus_client.py", line 850, in _create_connection
    connections.connect(using, user, password, db_name, token, uri=uri, **kwargs)
    │           │       │      │     │         │        │          │      └ {'timeout': None}
    │           │       │      │     │         │        │          └ 'http://localhost:19530'
    │           │       │      │     │         │        └ ''
    │           │       │      │     │         └ ''
    │           │       │      │     └ ''
    │           │       │      └ ''
    │           │       └ '8435b99d427a4e4e98cfba8277179d7c'
    │           └ <function Connections.connect at 0x0000028E6051A0C0>
    └ <pymilvus.orm.connections.Connections object at 0x0000028E604D12B0>
  File "C:\bi ye she ji\backend\venv\Lib\site-packages\pymilvus\orm\connections.py", line 461, in connect
    connect_milvus(**kwargs, user=user, password=password, token=token, db_name=db_name)
    │                │            │              │               │              └ ''
    │                │            │              │               └ ''
    │                │            │              └ ''
    │                │            └ ''
    │                └ {'timeout': None, 'address': 'localhost:19530'}
    └ <function Connections.connect.<locals>.connect_milvus at 0x0000028E60B12C00>
  File "C:\bi ye she ji\backend\venv\Lib\site-packages\pymilvus\orm\connections.py", line 411, in connect_milvus
    gh._wait_for_channel_ready(timeout=timeout)
    │  │                               └ 10.0
    │  └ <function GrpcHandler._wait_for_channel_ready at 0x0000028E604BFC40>
    └ <pymilvus.client.grpc_handler.GrpcHandler object at 0x0000028E689D2270>
  File "C:\bi ye she ji\backend\venv\Lib\site-packages\pymilvus\client\grpc_handler.py", line 154, in _wait_for_channel_ready
    raise MilvusException(
          └ <class 'pymilvus.exceptions.MilvusException'>

[31m[1mpymilvus.exceptions.MilvusException[0m:[1m <MilvusException: (code=2, message=Fail connecting to server on localhost:19530, illegal connection params or server unavailable)>[0m


[1mThe above exception was the direct cause of the following exception:[0m


[33m[1mTraceback (most recent call last):[0m

  File "[32mC:\bi ye she ji\backend\src\application\[0m[32m[1mindexing_service.py[0m", line [33m83[0m, in [35mrun[0m
    [35m[1mawait[0m [1masyncio[0m[35m[1m.[0m[1mto_thread[0m[1m([0m[1mself[0m[35m[1m.[0m[1m_write_milvus[0m[1m,[0m [1mstr[0m[1m([0m[1mdoc[0m[35m[1m.[0m[1mid[0m[1m)[0m[1m,[0m [1mrows[0m[1m)[0m
    [36m      │       │         │    │                  │   │    └ [0m[36m[1m[VectorRow(id='7f3545c5-3160-4ad9-baf5-448db4ff5059', doc_id='2c2e955f-c53c-4125-92ff-6eb7a5fedb98', kb_id='570f8fe4-5aa4-4bc...[0m
    [36m      │       │         │    │                  │   └ [0m[36m[1m<sqlalchemy.orm.attributes.InstrumentedAttribute object at 0x0000028E68DDE660>[0m
    [36m      │       │         │    │                  └ [0m[36m[1m<src.domain.models.Document object at 0x0000028E60B864C0>[0m
    [36m      │       │         │    └ [0m[36m[1m<function IndexingService._write_milvus at 0x0000028E6A012A20>[0m
    [36m      │       │         └ [0m[36m[1m<src.application.indexing_service.IndexingService object at 0x0000028E609E79A0>[0m
    [36m      │       └ [0m[36m[1m<function to_thread at 0x0000028E659B4540>[0m
    [36m      └ [0m[36m[1m<module 'asyncio' from 'C:\\Users\\Administrator\\AppData\\Local\\Programs\\Python\\Python313\\Lib\\asyncio\\__init__.py'>[0m

  File "C:\Users\Administrator\AppData\Local\Programs\Python\Python313\Lib\asyncio\threads.py", line 26, in to_thread
    return await loop.run_in_executor(None, func_call)
                 │    │                     └ functools.partial(<built-in method run of _contextvars.Context object at 0x0000028E7E3EDB00>, <bound method IndexingService._...
                 │    └ <function BaseEventLoop.run_in_executor at 0x0000028E659AE2A0>
                 └ <ProactorEventLoop running=False closed=True debug=False>
  File "C:\Users\Administrator\AppData\Local\Programs\Python\Python313\Lib\concurrent\futures\thread.py", line 59, in run
    result = self.fn(*self.args, **self.kwargs)
             │        │            └ None
             │        └ None
             └ None

  File "[32mC:\bi ye she ji\backend\src\application\[0m[32m[1mindexing_service.py[0m", line [33m130[0m, in [35m_write_milvus[0m
    [1mself[0m[35m[1m.[0m[1mstore[0m[35m[1m.[0m[1mensure_collection[0m[1m([0m[1m)[0m
    [36m│    │     └ [0m[36m[1m<function MilvusStore.ensure_collection at 0x0000028E69436160>[0m
    [36m│    └ [0m[36m[1m<src.infrastructure.milvus_store.MilvusStore object at 0x0000028E69F91400>[0m
    [36m└ [0m[36m[1m<src.application.indexing_service.IndexingService object at 0x0000028E609E79A0>[0m

  File "[32mC:\bi ye she ji\backend\src\infrastructure\[0m[32m[1mmilvus_store.py[0m", line [33m99[0m, in [35mensure_collection[0m
    [1mclient[0m [35m[1m=[0m [1mself[0m[35m[1m.[0m[1m_get_client[0m[1m([0m[1m)[0m
    [36m         │    └ [0m[36m[1m<function MilvusStore._get_client at 0x0000028E694360C0>[0m
    [36m         └ [0m[36m[1m<src.infrastructure.milvus_store.MilvusStore object at 0x0000028E69F91400>[0m

  File "[32mC:\bi ye she ji\backend\src\infrastructure\[0m[32m[1mmilvus_store.py[0m", line [33m95[0m, in [35m_get_client[0m
    [35m[1mraise[0m [1mVectorStoreError[0m[1m([0m[36mf"[0m[36mMilvus 连接失败（[0m[1m{[0m[1mself[0m[35m[1m.[0m[1m_uri[0m[1m}[0m[36m）：[0m[1m{[0m[1mexc[0m[1m}[0m[36m"[0m[1m)[0m [35m[1mfrom[0m [1mexc[0m
    [36m      │                               │    └ [0m[36m[1m'http://localhost:19530'[0m
    [36m      │                               └ [0m[36m[1m<src.infrastructure.milvus_store.MilvusStore object at 0x0000028E69F91400>[0m
    [36m      └ [0m[36m[1m<class 'src.infrastructure.milvus_store.VectorStoreError'>[0m

[31m[1msrc.infrastructure.milvus_store.VectorStoreError[0m:[1m Milvus 连接失败（http://localhost:19530）：<MilvusException: (code=2, message=Fail connecting to server on localhost:19530, illegal connection params or server unavailable)>[0m


[1mThe above exception was the direct cause of the following exception:[0m


[33m[1mTraceback (most recent call last):[0m

  File "C:\Users\Administrator\AppData\Local\Programs\Python\Python313\Lib\threading.py", line 1015, in _bootstrap
    self._bootstrap_inner()
    │    └ <function Thread._bootstrap_inner at 0x0000028E636BD940>
    └ <WorkerThread(AnyIO worker thread, started 17224)>
  File "C:\Users\Administrator\AppData\Local\Programs\Python\Python313\Lib\threading.py", line 1044, in _bootstrap_inner
    self.run()
    │    └ <function WorkerThread.run at 0x0000028E6A001B20>
    └ <WorkerThread(AnyIO worker thread, started 17224)>
  File "C:\bi ye she ji\backend\venv\Lib\site-packages\anyio\_backends\_asyncio.py", line 1100, in run
    result = context.run(func, *args)
             │       │   │      └ ()
             │       │   └ functools.partial(<function _run_vectorize_safely at 0x0000028E6944EE80>, '2c2e955f-c53c-4125-92ff-6eb7a5fedb98')
             │       └ <method 'run' of '_contextvars.Context' objects>
             └ <_contextvars.Context object at 0x0000028E028A6540>

> File "[32mC:\bi ye she ji\backend\src\api\routes\[0m[32m[1mdocuments.py[0m", line [33m131[0m, in [35m_run_vectorize_safely[0m
    [1mrun_vectorize[0m[1m([0m[1mdoc_id[0m[1m)[0m
    [36m│             └ [0m[36m[1m'2c2e955f-c53c-4125-92ff-6eb7a5fedb98'[0m
    [36m└ [0m[36m[1m<function run_vectorize at 0x0000028E6A012200>[0m

  File "[32mC:\bi ye she ji\backend\src\application\[0m[32m[1mindex_runner.py[0m", line [33m43[0m, in [35mrun_vectorize[0m
    [35m[1mreturn[0m [1masyncio[0m[35m[1m.[0m[1mrun[0m[1m([0m[1m_run[0m[1m([0m[1m)[0m[1m)[0m
    [36m       │       │   └ [0m[36m[1m<function run_vectorize.<locals>._run at 0x0000028E026C4860>[0m
    [36m       │       └ [0m[36m[1m<function run at 0x0000028E655719E0>[0m
    [36m       └ [0m[36m[1m<module 'asyncio' from 'C:\\Users\\Administrator\\AppData\\Local\\Programs\\Python\\Python313\\Lib\\asyncio\\__init__.py'>[0m

  File "C:\Users\Administrator\AppData\Local\Programs\Python\Python313\Lib\asyncio\runners.py", line 196, in run
    return runner.run(main)
           │      │   └ <coroutine object run_vectorize.<locals>._run at 0x0000028E0269D580>
           │      └ <function Runner.run at 0x0000028E659AFEC0>
           └ <asyncio.runners.Runner object at 0x0000028E02678750>
  File "C:\Users\Administrator\AppData\Local\Programs\Python\Python313\Lib\asyncio\runners.py", line 119, in run
    return self._loop.run_until_complete(task)
           │    │                        └ <Task finished name='Task-381' coro=<run_vectorize.<locals>._run() done, defined at C:\bi ye she ji\backend\src\application\i...
           │    └ None
           └ <asyncio.runners.Runner object at 0x0000028E02678750>
  File "C:\Users\Administrator\AppData\Local\Programs\Python\Python313\Lib\asyncio\base_events.py", line 725, in run_until_complete
    return future.result()
           │      └ <method 'result' of '_asyncio.Task' objects>
           └ <Task finished name='Task-381' coro=<run_vectorize.<locals>._run() done, defined at C:\bi ye she ji\backend\src\application\i...

  File "[32mC:\bi ye she ji\backend\src\application\[0m[32m[1mindex_runner.py[0m", line [33m32[0m, in [35m_run[0m
    [1mdoc[0m [35m[1m=[0m [35m[1mawait[0m [1mservice[0m[35m[1m.[0m[1mrun[0m[1m([0m[1muuid[0m[35m[1m.[0m[1mUUID[0m[1m([0m[1mdoc_id[0m[1m)[0m[1m)[0m
    [36m            │       │   │    │    └ [0m[36m[1m'2c2e955f-c53c-4125-92ff-6eb7a5fedb98'[0m
    [36m            │       │   │    └ [0m[36m[1m<class 'uuid.UUID'>[0m
    [36m            │       │   └ [0m[36m[1m<module 'uuid' from 'C:\\Users\\Administrator\\AppData\\Local\\Programs\\Python\\Python313\\Lib\\uuid.py'>[0m
    [36m            │       └ [0m[36m[1m<function IndexingService.run at 0x0000028E6A0128E0>[0m
    [36m            └ [0m[36m[1m<src.application.indexing_service.IndexingService object at 0x0000028E609E79A0>[0m

  File "[32mC:\bi ye she ji\backend\src\application\[0m[32m[1mindexing_service.py[0m", line [33m87[0m, in [35mrun[0m
    [35m[1mraise[0m [1mAppException[0m[1m([0m[34m[1m422[0m[1m,[0m [36mf"[0m[36m向量化失败：[0m[1m{[0m[1mexc[0m[1m}[0m[36m"[0m[1m)[0m [35m[1mfrom[0m [1mexc[0m
    [36m      └ [0m[36m[1m<class 'src.core.exceptions.AppException'>[0m

[31m[1msrc.core.exceptions.AppException[0m:[1m 向量化失败：Milvus 连接失败（http://localhost:19530）：<MilvusException: (code=2, message=Fail connecting to server on localhost:19530, illegal connection params or server unavailable)>[0m
[32m2026-09-06 11:51:33.668[0m | [1mINFO    [0m | [36msrc.application.index_runner[0m:[36m41[0m - [1m开始向量化文档 doc_id=ce369982-d1aa-46cf-8190-d6aa7d7f2272[0m
2026-09-06 11:51:52,073 [ERROR][_create_connection]: Failed to create new connection using: f0face55347a450e8ad40e9cd8fb6213 (milvus_client.py:852)
[32m2026-09-06 11:51:52.074[0m | [31m[1mERROR   [0m | [36msrc.application.indexing_service[0m:[36m85[0m - [31m[1m文档向量化失败 doc_id=879a312e-8e7d-4ccd-a2c4-c49baed2d795: Milvus 连接失败（http://localhost:19530）：<MilvusException: (code=2, message=Fail connecting to server on localhost:19530, illegal connection params or server unavailable)>[0m
[32m2026-09-06 11:51:52.091[0m | [31m[1mERROR   [0m | [36msrc.api.routes.documents[0m:[36m133[0m - [31m[1m后台向量化任务执行失败 doc_id=879a312e-8e7d-4ccd-a2c4-c49baed2d795[0m
[33m[1mTraceback (most recent call last):[0m

  File "[32mC:\bi ye she ji\backend\src\infrastructure\[0m[32m[1mmilvus_store.py[0m", line [33m93[0m, in [35m_get_client[0m
    [1mself[0m[35m[1m.[0m[1m_client[0m [35m[1m=[0m [1mMilvusClient[0m[1m([0m[1muri[0m[35m[1m=[0m[1mself[0m[35m[1m.[0m[1m_uri[0m[1m)[0m
    [36m│    │         │                │    └ [0m[36m[1m'http://localhost:19530'[0m
    [36m│    │         │                └ [0m[36m[1m<src.infrastructure.milvus_store.MilvusStore object at 0x0000028E69F91400>[0m
    [36m│    │         └ [0m[36m[1m<class 'pymilvus.milvus_client.milvus_client.MilvusClient'>[0m
    [36m│    └ [0m[36m[1mNone[0m
    [36m└ [0m[36m[1m<src.infrastructure.milvus_store.MilvusStore object at 0x0000028E69F91400>[0m

  File "C:\bi ye she ji\backend\venv\Lib\site-packages\pymilvus\milvus_client\milvus_client.py", line 65, in __init__
    self._using = self._create_connection(
    │             │    └ <function MilvusClient._create_connection at 0x0000028E60909260>
    │             └ <pymilvus.milvus_client.milvus_client.MilvusClient object at 0x0000028E83A01810>
    └ <pymilvus.milvus_client.milvus_client.MilvusClient object at 0x0000028E83A01810>
  File "C:\bi ye she ji\backend\venv\Lib\site-packages\pymilvus\milvus_client\milvus_client.py", line 853, in _create_connection
    raise ex from ex
  File "C:\bi ye she ji\backend\venv\Lib\site-packages\pymilvus\milvus_client\milvus_client.py", line 850, in _create_connection
    connections.connect(using, user, password, db_name, token, uri=uri, **kwargs)
    │           │       │      │     │         │        │          │      └ {'timeout': None}
    │           │       │      │     │         │        │          └ 'http://localhost:19530'
    │           │       │      │     │         │        └ ''
    │           │       │      │     │         └ ''
    │           │       │      │     └ ''
    │           │       │      └ ''
    │           │       └ 'f0face55347a450e8ad40e9cd8fb6213'
    │           └ <function Connections.connect at 0x0000028E6051A0C0>
    └ <pymilvus.orm.connections.Connections object at 0x0000028E604D12B0>
  File "C:\bi ye she ji\backend\venv\Lib\site-packages\pymilvus\orm\connections.py", line 461, in connect
    connect_milvus(**kwargs, user=user, password=password, token=token, db_name=db_name)
    │                │            │              │               │              └ ''
    │                │            │              │               └ ''
    │                │            │              └ ''
    │                │            └ ''
    │                └ {'timeout': None, 'address': 'localhost:19530'}
    └ <function Connections.connect.<locals>.connect_milvus at 0x0000028E60B6C360>
  File "C:\bi ye she ji\backend\venv\Lib\site-packages\pymilvus\orm\connections.py", line 411, in connect_milvus
    gh._wait_for_channel_ready(timeout=timeout)
    │  │                               └ 10.0
    │  └ <function GrpcHandler._wait_for_channel_ready at 0x0000028E604BFC40>
    └ <pymilvus.client.grpc_handler.GrpcHandler object at 0x0000028E815D90F0>
  File "C:\bi ye she ji\backend\venv\Lib\site-packages\pymilvus\client\grpc_handler.py", line 154, in _wait_for_channel_ready
    raise MilvusException(
          └ <class 'pymilvus.exceptions.MilvusException'>

[31m[1mpymilvus.exceptions.MilvusException[0m:[1m <MilvusException: (code=2, message=Fail connecting to server on localhost:19530, illegal connection params or server unavailable)>[0m


[1mThe above exception was the direct cause of the following exception:[0m


[33m[1mTraceback (most recent call last):[0m

  File "[32mC:\bi ye she ji\backend\src\application\[0m[32m[1mindexing_service.py[0m", line [33m83[0m, in [35mrun[0m
    [35m[1mawait[0m [1masyncio[0m[35m[1m.[0m[1mto_thread[0m[1m([0m[1mself[0m[35m[1m.[0m[1m_write_milvus[0m[1m,[0m [1mstr[0m[1m([0m[1mdoc[0m[35m[1m.[0m[1mid[0m[1m)[0m[1m,[0m [1mrows[0m[1m)[0m
    [36m      │       │         │    │                  │   │    └ [0m[36m[1m[VectorRow(id='10443e3e-3b88-4bef-af7c-4174f59150ab', doc_id='879a312e-8e7d-4ccd-a2c4-c49baed2d795', kb_id='f8c460db-d07e-496...[0m
    [36m      │       │         │    │                  │   └ [0m[36m[1m<sqlalchemy.orm.attributes.InstrumentedAttribute object at 0x0000028E68DDE660>[0m
    [36m      │       │         │    │                  └ [0m[36m[1m<src.domain.models.Document object at 0x0000028E7E600AA0>[0m
    [36m      │       │         │    └ [0m[36m[1m<function IndexingService._write_milvus at 0x0000028E6A012A20>[0m
    [36m      │       │         └ [0m[36m[1m<src.application.indexing_service.IndexingService object at 0x0000028E81645780>[0m
    [36m      │       └ [0m[36m[1m<function to_thread at 0x0000028E659B4540>[0m
    [36m      └ [0m[36m[1m<module 'asyncio' from 'C:\\Users\\Administrator\\AppData\\Local\\Programs\\Python\\Python313\\Lib\\asyncio\\__init__.py'>[0m

  File "C:\Users\Administrator\AppData\Local\Programs\Python\Python313\Lib\asyncio\threads.py", line 26, in to_thread
    return await loop.run_in_executor(None, func_call)
                 │    │                     └ functools.partial(<built-in method run of _contextvars.Context object at 0x0000028E61405480>, <bound method IndexingService._...
                 │    └ <function BaseEventLoop.run_in_executor at 0x0000028E659AE2A0>
                 └ <ProactorEventLoop running=False closed=True debug=False>
  File "C:\Users\Administrator\AppData\Local\Programs\Python\Python313\Lib\concurrent\futures\thread.py", line 59, in run
    result = self.fn(*self.args, **self.kwargs)
             │        │            └ None
             │        └ None
             └ None

  File "[32mC:\bi ye she ji\backend\src\application\[0m[32m[1mindexing_service.py[0m", line [33m130[0m, in [35m_write_milvus[0m
    [1mself[0m[35m[1m.[0m[1mstore[0m[35m[1m.[0m[1mensure_collection[0m[1m([0m[1m)[0m
    [36m│    │     └ [0m[36m[1m<function MilvusStore.ensure_collection at 0x0000028E69436160>[0m
    [36m│    └ [0m[36m[1m<src.infrastructure.milvus_store.MilvusStore object at 0x0000028E69F91400>[0m
    [36m└ [0m[36m[1m<src.application.indexing_service.IndexingService object at 0x0000028E81645780>[0m

  File "[32mC:\bi ye she ji\backend\src\infrastructure\[0m[32m[1mmilvus_store.py[0m", line [33m99[0m, in [35mensure_collection[0m
    [1mclient[0m [35m[1m=[0m [1mself[0m[35m[1m.[0m[1m_get_client[0m[1m([0m[1m)[0m
    [36m         │    └ [0m[36m[1m<function MilvusStore._get_client at 0x0000028E694360C0>[0m
    [36m         └ [0m[36m[1m<src.infrastructure.milvus_store.MilvusStore object at 0x0000028E69F91400>[0m

  File "[32mC:\bi ye she ji\backend\src\infrastructure\[0m[32m[1mmilvus_store.py[0m", line [33m95[0m, in [35m_get_client[0m
    [35m[1mraise[0m [1mVectorStoreError[0m[1m([0m[36mf"[0m[36mMilvus 连接失败（[0m[1m{[0m[1mself[0m[35m[1m.[0m[1m_uri[0m[1m}[0m[36m）：[0m[1m{[0m[1mexc[0m[1m}[0m[36m"[0m[1m)[0m [35m[1mfrom[0m [1mexc[0m
    [36m      │                               │    └ [0m[36m[1m'http://localhost:19530'[0m
    [36m      │                               └ [0m[36m[1m<src.infrastructure.milvus_store.MilvusStore object at 0x0000028E69F91400>[0m
    [36m      └ [0m[36m[1m<class 'src.infrastructure.milvus_store.VectorStoreError'>[0m

[31m[1msrc.infrastructure.milvus_store.VectorStoreError[0m:[1m Milvus 连接失败（http://localhost:19530）：<MilvusException: (code=2, message=Fail connecting to server on localhost:19530, illegal connection params or server unavailable)>[0m


[1mThe above exception was the direct cause of the following exception:[0m


[33m[1mTraceback (most recent call last):[0m

  File "C:\Users\Administrator\AppData\Local\Programs\Python\Python313\Lib\threading.py", line 1015, in _bootstrap
    self._bootstrap_inner()
    │    └ <function Thread._bootstrap_inner at 0x0000028E636BD940>
    └ <WorkerThread(AnyIO worker thread, started 13028)>
  File "C:\Users\Administrator\AppData\Local\Programs\Python\Python313\Lib\threading.py", line 1044, in _bootstrap_inner
    self.run()
    │    └ <function WorkerThread.run at 0x0000028E6A001B20>
    └ <WorkerThread(AnyIO worker thread, started 13028)>
  File "C:\bi ye she ji\backend\venv\Lib\site-packages\anyio\_backends\_asyncio.py", line 1100, in run
    result = context.run(func, *args)
             │       │   │      └ ()
             │       │   └ functools.partial(<function _run_vectorize_safely at 0x0000028E6944EE80>, '879a312e-8e7d-4ccd-a2c4-c49baed2d795')
             │       └ <method 'run' of '_contextvars.Context' objects>
             └ <_contextvars.Context object at 0x0000028E613A6C80>

> File "[32mC:\bi ye she ji\backend\src\api\routes\[0m[32m[1mdocuments.py[0m", line [33m131[0m, in [35m_run_vectorize_safely[0m
    [1mrun_vectorize[0m[1m([0m[1mdoc_id[0m[1m)[0m
    [36m│             └ [0m[36m[1m'879a312e-8e7d-4ccd-a2c4-c49baed2d795'[0m
    [36m└ [0m[36m[1m<function run_vectorize at 0x0000028E6A012200>[0m

  File "[32mC:\bi ye she ji\backend\src\application\[0m[32m[1mindex_runner.py[0m", line [33m43[0m, in [35mrun_vectorize[0m
    [35m[1mreturn[0m [1masyncio[0m[35m[1m.[0m[1mrun[0m[1m([0m[1m_run[0m[1m([0m[1m)[0m[1m)[0m
    [36m       │       │   └ [0m[36m[1m<function run_vectorize.<locals>._run at 0x0000028E6097E840>[0m
    [36m       │       └ [0m[36m[1m<function run at 0x0000028E655719E0>[0m
    [36m       └ [0m[36m[1m<module 'asyncio' from 'C:\\Users\\Administrator\\AppData\\Local\\Programs\\Python\\Python313\\Lib\\asyncio\\__init__.py'>[0m

  File "C:\Users\Administrator\AppData\Local\Programs\Python\Python313\Lib\asyncio\runners.py", line 196, in run
    return runner.run(main)
           │      │   └ <coroutine object run_vectorize.<locals>._run at 0x0000028E6A0CAF00>
           │      └ <function Runner.run at 0x0000028E659AFEC0>
           └ <asyncio.runners.Runner object at 0x0000028E60B8B750>
  File "C:\Users\Administrator\AppData\Local\Programs\Python\Python313\Lib\asyncio\runners.py", line 119, in run
    return self._loop.run_until_complete(task)
           │    │                        └ <Task finished name='Task-388' coro=<run_vectorize.<locals>._run() done, defined at C:\bi ye she ji\backend\src\application\i...
           │    └ None
           └ <asyncio.runners.Runner object at 0x0000028E60B8B750>
  File "C:\Users\Administrator\AppData\Local\Programs\Python\Python313\Lib\asyncio\base_events.py", line 725, in run_until_complete
    return future.result()
           │      └ <method 'result' of '_asyncio.Task' objects>
           └ <Task finished name='Task-388' coro=<run_vectorize.<locals>._run() done, defined at C:\bi ye she ji\backend\src\application\i...

  File "[32mC:\bi ye she ji\backend\src\application\[0m[32m[1mindex_runner.py[0m", line [33m32[0m, in [35m_run[0m
    [1mdoc[0m [35m[1m=[0m [35m[1mawait[0m [1mservice[0m[35m[1m.[0m[1mrun[0m[1m([0m[1muuid[0m[35m[1m.[0m[1mUUID[0m[1m([0m[1mdoc_id[0m[1m)[0m[1m)[0m
    [36m            │       │   │    │    └ [0m[36m[1m'879a312e-8e7d-4ccd-a2c4-c49baed2d795'[0m
    [36m            │       │   │    └ [0m[36m[1m<class 'uuid.UUID'>[0m
    [36m            │       │   └ [0m[36m[1m<module 'uuid' from 'C:\\Users\\Administrator\\AppData\\Local\\Programs\\Python\\Python313\\Lib\\uuid.py'>[0m
    [36m            │       └ [0m[36m[1m<function IndexingService.run at 0x0000028E6A0128E0>[0m
    [36m            └ [0m[36m[1m<src.application.indexing_service.IndexingService object at 0x0000028E81645780>[0m

  File "[32mC:\bi ye she ji\backend\src\application\[0m[32m[1mindexing_service.py[0m", line [33m87[0m, in [35mrun[0m
    [35m[1mraise[0m [1mAppException[0m[1m([0m[34m[1m422[0m[1m,[0m [36mf"[0m[36m向量化失败：[0m[1m{[0m[1mexc[0m[1m}[0m[36m"[0m[1m)[0m [35m[1mfrom[0m [1mexc[0m
    [36m      └ [0m[36m[1m<class 'src.core.exceptions.AppException'>[0m

[31m[1msrc.core.exceptions.AppException[0m:[1m 向量化失败：Milvus 连接失败（http://localhost:19530）：<MilvusException: (code=2, message=Fail connecting to server on localhost:19530, illegal connection params or server unavailable)>[0m
[32m2026-09-06 11:51:52.108[0m | [1mINFO    [0m | [36msrc.application.index_runner[0m:[36m41[0m - [1m开始向量化文档 doc_id=0f062688-4194-4f14-9040-db1d06cf9e80[0m
2026-09-06 11:51:53,137 [ERROR][_create_connection]: Failed to create new connection using: 3d8b6b0b28bd4f55ad5b4c30de5abffe (milvus_client.py:852)
[32m2026-09-06 11:51:53.146[0m | [31m[1mERROR   [0m | [36msrc.application.indexing_service[0m:[36m85[0m - [31m[1m文档向量化失败 doc_id=849170bd-c5ad-4403-96ca-2adf5431b2cb: Milvus 连接失败（http://localhost:19530）：<MilvusException: (code=2, message=Fail connecting to server on localhost:19530, illegal connection params or server unavailable)>[0m
[32m2026-09-06 11:51:53.163[0m | [31m[1mERROR   [0m | [36msrc.api.routes.documents[0m:[36m133[0m - [31m[1m后台向量化任务执行失败 doc_id=849170bd-c5ad-4403-96ca-2adf5431b2cb[0m
[33m[1mTraceback (most recent call last):[0m

  File "[32mC:\bi ye she ji\backend\src\infrastructure\[0m[32m[1mmilvus_store.py[0m", line [33m93[0m, in [35m_get_client[0m
    [1mself[0m[35m[1m.[0m[1m_client[0m [35m[1m=[0m [1mMilvusClient[0m[1m([0m[1muri[0m[35m[1m=[0m[1mself[0m[35m[1m.[0m[1m_uri[0m[1m)[0m
    [36m│    │         │                │    └ [0m[36m[1m'http://localhost:19530'[0m
    [36m│    │         │                └ [0m[36m[1m<src.infrastructure.milvus_store.MilvusStore object at 0x0000028E69F91400>[0m
    [36m│    │         └ [0m[36m[1m<class 'pymilvus.milvus_client.milvus_client.MilvusClient'>[0m
    [36m│    └ [0m[36m[1mNone[0m
    [36m└ [0m[36m[1m<src.infrastructure.milvus_store.MilvusStore object at 0x0000028E69F91400>[0m

  File "C:\bi ye she ji\backend\venv\Lib\site-packages\pymilvus\milvus_client\milvus_client.py", line 65, in __init__
    self._using = self._create_connection(
    │             │    └ <function MilvusClient._create_connection at 0x0000028E60909260>
    │             └ <pymilvus.milvus_client.milvus_client.MilvusClient object at 0x0000028E83A20460>
    └ <pymilvus.milvus_client.milvus_client.MilvusClient object at 0x0000028E83A20460>
  File "C:\bi ye she ji\backend\venv\Lib\site-packages\pymilvus\milvus_client\milvus_client.py", line 853, in _create_connection
    raise ex from ex
  File "C:\bi ye she ji\backend\venv\Lib\site-packages\pymilvus\milvus_client\milvus_client.py", line 850, in _create_connection
    connections.connect(using, user, password, db_name, token, uri=uri, **kwargs)
    │           │       │      │     │         │        │          │      └ {'timeout': None}
    │           │       │      │     │         │        │          └ 'http://localhost:19530'
    │           │       │      │     │         │        └ ''
    │           │       │      │     │         └ ''
    │           │       │      │     └ ''
    │           │       │      └ ''
    │           │       └ '3d8b6b0b28bd4f55ad5b4c30de5abffe'
    │           └ <function Connections.connect at 0x0000028E6051A0C0>
    └ <pymilvus.orm.connections.Connections object at 0x0000028E604D12B0>
  File "C:\bi ye she ji\backend\venv\Lib\site-packages\pymilvus\orm\connections.py", line 461, in connect
    connect_milvus(**kwargs, user=user, password=password, token=token, db_name=db_name)
    │                │            │              │               │              └ ''
    │                │            │              │               └ ''
    │                │            │              └ ''
    │                │            └ ''
    │                └ {'timeout': None, 'address': 'localhost:19530'}
    └ <function Connections.connect.<locals>.connect_milvus at 0x0000028E60BDE7A0>
  File "C:\bi ye she ji\backend\venv\Lib\site-packages\pymilvus\orm\connections.py", line 411, in connect_milvus
    gh._wait_for_channel_ready(timeout=timeout)
    │  │                               └ 10.0
    │  └ <function GrpcHandler._wait_for_channel_ready at 0x0000028E604BFC40>
    └ <pymilvus.client.grpc_handler.GrpcHandler object at 0x0000028E7E60F770>
  File "C:\bi ye she ji\backend\venv\Lib\site-packages\pymilvus\client\grpc_handler.py", line 154, in _wait_for_channel_ready
    raise MilvusException(
          └ <class 'pymilvus.exceptions.MilvusException'>

[31m[1mpymilvus.exceptions.MilvusException[0m:[1m <MilvusException: (code=2, message=Fail connecting to server on localhost:19530, illegal connection params or server unavailable)>[0m


[1mThe above exception was the direct cause of the following exception:[0m


[33m[1mTraceback (most recent call last):[0m

  File "[32mC:\bi ye she ji\backend\src\application\[0m[32m[1mindexing_service.py[0m", line [33m83[0m, in [35mrun[0m
    [35m[1mawait[0m [1masyncio[0m[35m[1m.[0m[1mto_thread[0m[1m([0m[1mself[0m[35m[1m.[0m[1m_write_milvus[0m[1m,[0m [1mstr[0m[1m([0m[1mdoc[0m[35m[1m.[0m[1mid[0m[1m)[0m[1m,[0m [1mrows[0m[1m)[0m
    [36m      │       │         │    │                  │   │    └ [0m[36m[1m[VectorRow(id='be9c2d68-4913-4492-a903-d4b9fd91efa3', doc_id='849170bd-c5ad-4403-96ca-2adf5431b2cb', kb_id='f96cbe28-b71b-43b...[0m
    [36m      │       │         │    │                  │   └ [0m[36m[1m<sqlalchemy.orm.attributes.InstrumentedAttribute object at 0x0000028E68DDE660>[0m
    [36m      │       │         │    │                  └ [0m[36m[1m<src.domain.models.Document object at 0x0000028E60B862B0>[0m
    [36m      │       │         │    └ [0m[36m[1m<function IndexingService._write_milvus at 0x0000028E6A012A20>[0m
    [36m      │       │         └ [0m[36m[1m<src.application.indexing_service.IndexingService object at 0x0000028E816470E0>[0m
    [36m      │       └ [0m[36m[1m<function to_thread at 0x0000028E659B4540>[0m
    [36m      └ [0m[36m[1m<module 'asyncio' from 'C:\\Users\\Administrator\\AppData\\Local\\Programs\\Python\\Python313\\Lib\\asyncio\\__init__.py'>[0m

  File "C:\Users\Administrator\AppData\Local\Programs\Python\Python313\Lib\asyncio\threads.py", line 26, in to_thread
    return await loop.run_in_executor(None, func_call)
                 │    │                     └ functools.partial(<built-in method run of _contextvars.Context object at 0x0000028E6144A6C0>, <bound method IndexingService._...
                 │    └ <function BaseEventLoop.run_in_executor at 0x0000028E659AE2A0>
                 └ <ProactorEventLoop running=False closed=True debug=False>
  File "C:\Users\Administrator\AppData\Local\Programs\Python\Python313\Lib\concurrent\futures\thread.py", line 59, in run
    result = self.fn(*self.args, **self.kwargs)
             │        │            └ None
             │        └ None
             └ None

  File "[32mC:\bi ye she ji\backend\src\application\[0m[32m[1mindexing_service.py[0m", line [33m130[0m, in [35m_write_milvus[0m
    [1mself[0m[35m[1m.[0m[1mstore[0m[35m[1m.[0m[1mensure_collection[0m[1m([0m[1m)[0m
    [36m│    │     └ [0m[36m[1m<function MilvusStore.ensure_collection at 0x0000028E69436160>[0m
    [36m│    └ [0m[36m[1m<src.infrastructure.milvus_store.MilvusStore object at 0x0000028E69F91400>[0m
    [36m└ [0m[36m[1m<src.application.indexing_service.IndexingService object at 0x0000028E816470E0>[0m

  File "[32mC:\bi ye she ji\backend\src\infrastructure\[0m[32m[1mmilvus_store.py[0m", line [33m99[0m, in [35mensure_collection[0m
    [1mclient[0m [35m[1m=[0m [1mself[0m[35m[1m.[0m[1m_get_client[0m[1m([0m[1m)[0m
    [36m         │    └ [0m[36m[1m<function MilvusStore._get_client at 0x0000028E694360C0>[0m
    [36m         └ [0m[36m[1m<src.infrastructure.milvus_store.MilvusStore object at 0x0000028E69F91400>[0m

  File "[32mC:\bi ye she ji\backend\src\infrastructure\[0m[32m[1mmilvus_store.py[0m", line [33m95[0m, in [35m_get_client[0m
    [35m[1mraise[0m [1mVectorStoreError[0m[1m([0m[36mf"[0m[36mMilvus 连接失败（[0m[1m{[0m[1mself[0m[35m[1m.[0m[1m_uri[0m[1m}[0m[36m）：[0m[1m{[0m[1mexc[0m[1m}[0m[36m"[0m[1m)[0m [35m[1mfrom[0m [1mexc[0m
    [36m      │                               │    └ [0m[36m[1m'http://localhost:19530'[0m
    [36m      │                               └ [0m[36m[1m<src.infrastructure.milvus_store.MilvusStore object at 0x0000028E69F91400>[0m
    [36m      └ [0m[36m[1m<class 'src.infrastructure.milvus_store.VectorStoreError'>[0m

[31m[1msrc.infrastructure.milvus_store.VectorStoreError[0m:[1m Milvus 连接失败（http://localhost:19530）：<MilvusException: (code=2, message=Fail connecting to server on localhost:19530, illegal connection params or server unavailable)>[0m


[1mThe above exception was the direct cause of the following exception:[0m


[33m[1mTraceback (most recent call last):[0m

  File "C:\Users\Administrator\AppData\Local\Programs\Python\Python313\Lib\threading.py", line 1015, in _bootstrap
    self._bootstrap_inner()
    │    └ <function Thread._bootstrap_inner at 0x0000028E636BD940>
    └ <WorkerThread(AnyIO worker thread, started 324)>
  File "C:\Users\Administrator\AppData\Local\Programs\Python\Python313\Lib\threading.py", line 1044, in _bootstrap_inner
    self.run()
    │    └ <function WorkerThread.run at 0x0000028E6A001B20>
    └ <WorkerThread(AnyIO worker thread, started 324)>
  File "C:\bi ye she ji\backend\venv\Lib\site-packages\anyio\_backends\_asyncio.py", line 1100, in run
    result = context.run(func, *args)
             │       │   │      └ ()
             │       │   └ functools.partial(<function _run_vectorize_safely at 0x0000028E6944EE80>, '849170bd-c5ad-4403-96ca-2adf5431b2cb')
             │       └ <method 'run' of '_contextvars.Context' objects>
             └ <_contextvars.Context object at 0x0000028E60ED31C0>

> File "[32mC:\bi ye she ji\backend\src\api\routes\[0m[32m[1mdocuments.py[0m", line [33m131[0m, in [35m_run_vectorize_safely[0m
    [1mrun_vectorize[0m[1m([0m[1mdoc_id[0m[1m)[0m
    [36m│             └ [0m[36m[1m'849170bd-c5ad-4403-96ca-2adf5431b2cb'[0m
    [36m└ [0m[36m[1m<function run_vectorize at 0x0000028E6A012200>[0m

  File "[32mC:\bi ye she ji\backend\src\application\[0m[32m[1mindex_runner.py[0m", line [33m43[0m, in [35mrun_vectorize[0m
    [35m[1mreturn[0m [1masyncio[0m[35m[1m.[0m[1mrun[0m[1m([0m[1m_run[0m[1m([0m[1m)[0m[1m)[0m
    [36m       │       │   └ [0m[36m[1m<function run_vectorize.<locals>._run at 0x0000028E6A038D60>[0m
    [36m       │       └ [0m[36m[1m<function run at 0x0000028E655719E0>[0m
    [36m       └ [0m[36m[1m<module 'asyncio' from 'C:\\Users\\Administrator\\AppData\\Local\\Programs\\Python\\Python313\\Lib\\asyncio\\__init__.py'>[0m

  File "C:\Users\Administrator\AppData\Local\Programs\Python\Python313\Lib\asyncio\runners.py", line 196, in run
    return runner.run(main)
           │      │   └ <coroutine object run_vectorize.<locals>._run at 0x0000028E0269FAB0>
           │      └ <function Runner.run at 0x0000028E659AFEC0>
           └ <asyncio.runners.Runner object at 0x0000028E816969D0>
  File "C:\Users\Administrator\AppData\Local\Programs\Python\Python313\Lib\asyncio\runners.py", line 119, in run
    return self._loop.run_until_complete(task)
           │    │                        └ <Task finished name='Task-395' coro=<run_vectorize.<locals>._run() done, defined at C:\bi ye she ji\backend\src\application\i...
           │    └ None
           └ <asyncio.runners.Runner object at 0x0000028E816969D0>
  File "C:\Users\Administrator\AppData\Local\Programs\Python\Python313\Lib\asyncio\base_events.py", line 725, in run_until_complete
    return future.result()
           │      └ <method 'result' of '_asyncio.Task' objects>
           └ <Task finished name='Task-395' coro=<run_vectorize.<locals>._run() done, defined at C:\bi ye she ji\backend\src\application\i...

  File "[32mC:\bi ye she ji\backend\src\application\[0m[32m[1mindex_runner.py[0m", line [33m32[0m, in [35m_run[0m
    [1mdoc[0m [35m[1m=[0m [35m[1mawait[0m [1mservice[0m[35m[1m.[0m[1mrun[0m[1m([0m[1muuid[0m[35m[1m.[0m[1mUUID[0m[1m([0m[1mdoc_id[0m[1m)[0m[1m)[0m
    [36m            │       │   │    │    └ [0m[36m[1m'849170bd-c5ad-4403-96ca-2adf5431b2cb'[0m
    [36m            │       │   │    └ [0m[36m[1m<class 'uuid.UUID'>[0m
    [36m            │       │   └ [0m[36m[1m<module 'uuid' from 'C:\\Users\\Administrator\\AppData\\Local\\Programs\\Python\\Python313\\Lib\\uuid.py'>[0m
    [36m            │       └ [0m[36m[1m<function IndexingService.run at 0x0000028E6A0128E0>[0m
    [36m            └ [0m[36m[1m<src.application.indexing_service.IndexingService object at 0x0000028E816470E0>[0m

  File "[32mC:\bi ye she ji\backend\src\application\[0m[32m[1mindexing_service.py[0m", line [33m87[0m, in [35mrun[0m
    [35m[1mraise[0m [1mAppException[0m[1m([0m[34m[1m422[0m[1m,[0m [36mf"[0m[36m向量化失败：[0m[1m{[0m[1mexc[0m[1m}[0m[36m"[0m[1m)[0m [35m[1mfrom[0m [1mexc[0m
    [36m      └ [0m[36m[1m<class 'src.core.exceptions.AppException'>[0m

[31m[1msrc.core.exceptions.AppException[0m:[1m 向量化失败：Milvus 连接失败（http://localhost:19530）：<MilvusException: (code=2, message=Fail connecting to server on localhost:19530, illegal connection params or server unavailable)>[0m
[32m2026-09-06 11:51:53.187[0m | [1mINFO    [0m | [36msrc.application.index_runner[0m:[36m41[0m - [1m开始向量化文档 doc_id=c29184e3-7bf4-4bfe-9b08-08a595a2ba7f[0m
2026-09-06 11:52:04,158 [ERROR][_create_connection]: Failed to create new connection using: ca71776f2efc4336863cf6139c437040 (milvus_client.py:852)
[32m2026-09-06 11:52:04.166[0m | [31m[1mERROR   [0m | [36msrc.application.indexing_service[0m:[36m85[0m - [31m[1m文档向量化失败 doc_id=eb6d1e4e-283e-43fe-b142-3f6a03cfa65f: Milvus 连接失败（http://localhost:19530）：<MilvusException: (code=2, message=Fail connecting to server on localhost:19530, illegal connection params or server unavailable)>[0m
[32m2026-09-06 11:52:04.183[0m | [31m[1mERROR   [0m | [36msrc.api.routes.documents[0m:[36m133[0m - [31m[1m后台向量化任务执行失败 doc_id=eb6d1e4e-283e-43fe-b142-3f6a03cfa65f[0m
[33m[1mTraceback (most recent call last):[0m

  File "[32mC:\bi ye she ji\backend\src\infrastructure\[0m[32m[1mmilvus_store.py[0m", line [33m93[0m, in [35m_get_client[0m
    [1mself[0m[35m[1m.[0m[1m_client[0m [35m[1m=[0m [1mMilvusClient[0m[1m([0m[1muri[0m[35m[1m=[0m[1mself[0m[35m[1m.[0m[1m_uri[0m[1m)[0m
    [36m│    │         │                │    └ [0m[36m[1m'http://localhost:19530'[0m
    [36m│    │         │                └ [0m[36m[1m<src.infrastructure.milvus_store.MilvusStore object at 0x0000028E69F91400>[0m
    [36m│    │         └ [0m[36m[1m<class 'pymilvus.milvus_client.milvus_client.MilvusClient'>[0m
    [36m│    └ [0m[36m[1mNone[0m
    [36m└ [0m[36m[1m<src.infrastructure.milvus_store.MilvusStore object at 0x0000028E69F91400>[0m

  File "C:\bi ye she ji\backend\venv\Lib\site-packages\pymilvus\milvus_client\milvus_client.py", line 65, in __init__
    self._using = self._create_connection(
    │             │    └ <function MilvusClient._create_connection at 0x0000028E60909260>
    │             └ <pymilvus.milvus_client.milvus_client.MilvusClient object at 0x0000028E83A3F980>
    └ <pymilvus.milvus_client.milvus_client.MilvusClient object at 0x0000028E83A3F980>
  File "C:\bi ye she ji\backend\venv\Lib\site-packages\pymilvus\milvus_client\milvus_client.py", line 853, in _create_connection
    raise ex from ex
  File "C:\bi ye she ji\backend\venv\Lib\site-packages\pymilvus\milvus_client\milvus_client.py", line 850, in _create_connection
    connections.connect(using, user, password, db_name, token, uri=uri, **kwargs)
    │           │       │      │     │         │        │          │      └ {'timeout': None}
    │           │       │      │     │         │        │          └ 'http://localhost:19530'
    │           │       │      │     │         │        └ ''
    │           │       │      │     │         └ ''
    │           │       │      │     └ ''
    │           │       │      └ ''
    │           │       └ 'ca71776f2efc4336863cf6139c437040'
    │           └ <function Connections.connect at 0x0000028E6051A0C0>
    └ <pymilvus.orm.connections.Connections object at 0x0000028E604D12B0>
  File "C:\bi ye she ji\backend\venv\Lib\site-packages\pymilvus\orm\connections.py", line 461, in connect
    connect_milvus(**kwargs, user=user, password=password, token=token, db_name=db_name)
    │                │            │              │               │              └ ''
    │                │            │              │               └ ''
    │                │            │              └ ''
    │                │            └ ''
    │                └ {'timeout': None, 'address': 'localhost:19530'}
    └ <function Connections.connect.<locals>.connect_milvus at 0x0000028E83A463E0>
  File "C:\bi ye she ji\backend\venv\Lib\site-packages\pymilvus\orm\connections.py", line 411, in connect_milvus
    gh._wait_for_channel_ready(timeout=timeout)
    │  │                               └ 10.0
    │  └ <function GrpcHandler._wait_for_channel_ready at 0x0000028E604BFC40>
    └ <pymilvus.client.grpc_handler.GrpcHandler object at 0x0000028E83A134D0>
  File "C:\bi ye she ji\backend\venv\Lib\site-packages\pymilvus\client\grpc_handler.py", line 154, in _wait_for_channel_ready
    raise MilvusException(
          └ <class 'pymilvus.exceptions.MilvusException'>

[31m[1mpymilvus.exceptions.MilvusException[0m:[1m <MilvusException: (code=2, message=Fail connecting to server on localhost:19530, illegal connection params or server unavailable)>[0m


[1mThe above exception was the direct cause of the following exception:[0m


[33m[1mTraceback (most recent call last):[0m

  File "[32mC:\bi ye she ji\backend\src\application\[0m[32m[1mindexing_service.py[0m", line [33m83[0m, in [35mrun[0m
    [35m[1mawait[0m [1masyncio[0m[35m[1m.[0m[1mto_thread[0m[1m([0m[1mself[0m[35m[1m.[0m[1m_write_milvus[0m[1m,[0m [1mstr[0m[1m([0m[1mdoc[0m[35m[1m.[0m[1mid[0m[1m)[0m[1m,[0m [1mrows[0m[1m)[0m
    [36m      │       │         │    │                  │   │    └ [0m[36m[1m[VectorRow(id='c4159172-a044-4738-96cb-ceffee94fc7e', doc_id='eb6d1e4e-283e-43fe-b142-3f6a03cfa65f', kb_id='e7f762ae-dd9c-422...[0m
    [36m      │       │         │    │                  │   └ [0m[36m[1m<sqlalchemy.orm.attributes.InstrumentedAttribute object at 0x0000028E68DDE660>[0m
    [36m      │       │         │    │                  └ [0m[36m[1m<src.domain.models.Document object at 0x0000028E08059FF0>[0m
    [36m      │       │         │    └ [0m[36m[1m<function IndexingService._write_milvus at 0x0000028E6A012A20>[0m
    [36m      │       │         └ [0m[36m[1m<src.application.indexing_service.IndexingService object at 0x0000028E83A15A20>[0m
    [36m      │       └ [0m[36m[1m<function to_thread at 0x0000028E659B4540>[0m
    [36m      └ [0m[36m[1m<module 'asyncio' from 'C:\\Users\\Administrator\\AppData\\Local\\Programs\\Python\\Python313\\Lib\\asyncio\\__init__.py'>[0m

  File "C:\Users\Administrator\AppData\Local\Programs\Python\Python313\Lib\asyncio\threads.py", line 26, in to_thread
    return await loop.run_in_executor(None, func_call)
                 │    │                     └ functools.partial(<built-in method run of _contextvars.Context object at 0x0000028E08062C00>, <bound method IndexingService._...
                 │    └ <function BaseEventLoop.run_in_executor at 0x0000028E659AE2A0>
                 └ <ProactorEventLoop running=False closed=True debug=False>
  File "C:\Users\Administrator\AppData\Local\Programs\Python\Python313\Lib\concurrent\futures\thread.py", line 59, in run
    result = self.fn(*self.args, **self.kwargs)
             │        │            └ None
             │        └ None
             └ None

  File "[32mC:\bi ye she ji\backend\src\application\[0m[32m[1mindexing_service.py[0m", line [33m130[0m, in [35m_write_milvus[0m
    [1mself[0m[35m[1m.[0m[1mstore[0m[35m[1m.[0m[1mensure_collection[0m[1m([0m[1m)[0m
    [36m│    │     └ [0m[36m[1m<function MilvusStore.ensure_collection at 0x0000028E69436160>[0m
    [36m│    └ [0m[36m[1m<src.infrastructure.milvus_store.MilvusStore object at 0x0000028E69F91400>[0m
    [36m└ [0m[36m[1m<src.application.indexing_service.IndexingService object at 0x0000028E83A15A20>[0m

  File "[32mC:\bi ye she ji\backend\src\infrastructure\[0m[32m[1mmilvus_store.py[0m", line [33m99[0m, in [35mensure_collection[0m
    [1mclient[0m [35m[1m=[0m [1mself[0m[35m[1m.[0m[1m_get_client[0m[1m([0m[1m)[0m
    [36m         │    └ [0m[36m[1m<function MilvusStore._get_client at 0x0000028E694360C0>[0m
    [36m         └ [0m[36m[1m<src.infrastructure.milvus_store.MilvusStore object at 0x0000028E69F91400>[0m

  File "[32mC:\bi ye she ji\backend\src\infrastructure\[0m[32m[1mmilvus_store.py[0m", line [33m95[0m, in [35m_get_client[0m
    [35m[1mraise[0m [1mVectorStoreError[0m[1m([0m[36mf"[0m[36mMilvus 连接失败（[0m[1m{[0m[1mself[0m[35m[1m.[0m[1m_uri[0m[1m}[0m[36m）：[0m[1m{[0m[1mexc[0m[1m}[0m[36m"[0m[1m)[0m [35m[1mfrom[0m [1mexc[0m
    [36m      │                               │    └ [0m[36m[1m'http://localhost:19530'[0m
    [36m      │                               └ [0m[36m[1m<src.infrastructure.milvus_store.MilvusStore object at 0x0000028E69F91400>[0m
    [36m      └ [0m[36m[1m<class 'src.infrastructure.milvus_store.VectorStoreError'>[0m

[31m[1msrc.infrastructure.milvus_store.VectorStoreError[0m:[1m Milvus 连接失败（http://localhost:19530）：<MilvusException: (code=2, message=Fail connecting to server on localhost:19530, illegal connection params or server unavailable)>[0m


[1mThe above exception was the direct cause of the following exception:[0m


[33m[1mTraceback (most recent call last):[0m

  File "C:\Users\Administrator\AppData\Local\Programs\Python\Python313\Lib\threading.py", line 1015, in _bootstrap
    self._bootstrap_inner()
    │    └ <function Thread._bootstrap_inner at 0x0000028E636BD940>
    └ <WorkerThread(AnyIO worker thread, started 22364)>
  File "C:\Users\Administrator\AppData\Local\Programs\Python\Python313\Lib\threading.py", line 1044, in _bootstrap_inner
    self.run()
    │    └ <function WorkerThread.run at 0x0000028E6A001B20>
    └ <WorkerThread(AnyIO worker thread, started 22364)>
  File "C:\bi ye she ji\backend\venv\Lib\site-packages\anyio\_backends\_asyncio.py", line 1100, in run
    result = context.run(func, *args)
             │       │   │      └ ()
             │       │   └ functools.partial(<function _run_vectorize_safely at 0x0000028E6944EE80>, 'eb6d1e4e-283e-43fe-b142-3f6a03cfa65f')
             │       └ <method 'run' of '_contextvars.Context' objects>
             └ <_contextvars.Context object at 0x0000028E0937A440>

> File "[32mC:\bi ye she ji\backend\src\api\routes\[0m[32m[1mdocuments.py[0m", line [33m131[0m, in [35m_run_vectorize_safely[0m
    [1mrun_vectorize[0m[1m([0m[1mdoc_id[0m[1m)[0m
    [36m│             └ [0m[36m[1m'eb6d1e4e-283e-43fe-b142-3f6a03cfa65f'[0m
    [36m└ [0m[36m[1m<function run_vectorize at 0x0000028E6A012200>[0m

  File "[32mC:\bi ye she ji\backend\src\application\[0m[32m[1mindex_runner.py[0m", line [33m43[0m, in [35mrun_vectorize[0m
    [35m[1mreturn[0m [1masyncio[0m[35m[1m.[0m[1mrun[0m[1m([0m[1m_run[0m[1m([0m[1m)[0m[1m)[0m
    [36m       │       │   └ [0m[36m[1m<function run_vectorize.<locals>._run at 0x0000028E60B32520>[0m
    [36m       │       └ [0m[36m[1m<function run at 0x0000028E655719E0>[0m
    [36m       └ [0m[36m[1m<module 'asyncio' from 'C:\\Users\\Administrator\\AppData\\Local\\Programs\\Python\\Python313\\Lib\\asyncio\\__init__.py'>[0m

  File "C:\Users\Administrator\AppData\Local\Programs\Python\Python313\Lib\asyncio\runners.py", line 196, in run
    return runner.run(main)
           │      │   └ <coroutine object run_vectorize.<locals>._run at 0x0000028E02868BF0>
           │      └ <function Runner.run at 0x0000028E659AFEC0>
           └ <asyncio.runners.Runner object at 0x0000028E60BCCA50>
  File "C:\Users\Administrator\AppData\Local\Programs\Python\Python313\Lib\asyncio\runners.py", line 119, in run
    return self._loop.run_until_complete(task)
           │    │                        └ <Task finished name='Task-409' coro=<run_vectorize.<locals>._run() done, defined at C:\bi ye she ji\backend\src\application\i...
           │    └ None
           └ <asyncio.runners.Runner object at 0x0000028E60BCCA50>
  File "C:\Users\Administrator\AppData\Local\Programs\Python\Python313\Lib\asyncio\base_events.py", line 725, in run_until_complete
    return future.result()
           │      └ <method 'result' of '_asyncio.Task' objects>
           └ <Task finished name='Task-409' coro=<run_vectorize.<locals>._run() done, defined at C:\bi ye she ji\backend\src\application\i...

  File "[32mC:\bi ye she ji\backend\src\application\[0m[32m[1mindex_runner.py[0m", line [33m32[0m, in [35m_run[0m
    [1mdoc[0m [35m[1m=[0m [35m[1mawait[0m [1mservice[0m[35m[1m.[0m[1mrun[0m[1m([0m[1muuid[0m[35m[1m.[0m[1mUUID[0m[1m([0m[1mdoc_id[0m[1m)[0m[1m)[0m
    [36m            │       │   │    │    └ [0m[36m[1m'eb6d1e4e-283e-43fe-b142-3f6a03cfa65f'[0m
    [36m            │       │   │    └ [0m[36m[1m<class 'uuid.UUID'>[0m
    [36m            │       │   └ [0m[36m[1m<module 'uuid' from 'C:\\Users\\Administrator\\AppData\\Local\\Programs\\Python\\Python313\\Lib\\uuid.py'>[0m
    [36m            │       └ [0m[36m[1m<function IndexingService.run at 0x0000028E6A0128E0>[0m
    [36m            └ [0m[36m[1m<src.application.indexing_service.IndexingService object at 0x0000028E83A15A20>[0m

  File "[32mC:\bi ye she ji\backend\src\application\[0m[32m[1mindexing_service.py[0m", line [33m87[0m, in [35mrun[0m
    [35m[1mraise[0m [1mAppException[0m[1m([0m[34m[1m422[0m[1m,[0m [36mf"[0m[36m向量化失败：[0m[1m{[0m[1mexc[0m[1m}[0m[36m"[0m[1m)[0m [35m[1mfrom[0m [1mexc[0m
    [36m      └ [0m[36m[1m<class 'src.core.exceptions.AppException'>[0m

[31m[1msrc.core.exceptions.AppException[0m:[1m 向量化失败：Milvus 连接失败（http://localhost:19530）：<MilvusException: (code=2, message=Fail connecting to server on localhost:19530, illegal connection params or server unavailable)>[0m
[32m2026-09-06 11:52:04.193[0m | [1mINFO    [0m | [36msrc.application.index_runner[0m:[36m41[0m - [1m开始向量化文档 doc_id=1013ac12-e1f1-4af9-a79d-be0d43fca81a[0m
2026-09-06 11:52:11,875 [ERROR][_create_connection]: Failed to create new connection using: cae5e63d62a4488b9247fd52026b61d0 (milvus_client.py:852)
[32m2026-09-06 11:52:11.876[0m | [31m[1mERROR   [0m | [36msrc.application.indexing_service[0m:[36m85[0m - [31m[1m文档向量化失败 doc_id=30ec7c22-04d3-4ef4-beea-c42edb47e166: Milvus 连接失败（http://localhost:19530）：<MilvusException: (code=2, message=Fail connecting to server on localhost:19530, illegal connection params or server unavailable)>[0m
[32m2026-09-06 11:52:11.893[0m | [31m[1mERROR   [0m | [36msrc.api.routes.documents[0m:[36m133[0m - [31m[1m后台向量化任务执行失败 doc_id=30ec7c22-04d3-4ef4-beea-c42edb47e166[0m
[33m[1mTraceback (most recent call last):[0m

  File "[32mC:\bi ye she ji\backend\src\infrastructure\[0m[32m[1mmilvus_store.py[0m", line [33m93[0m, in [35m_get_client[0m
    [1mself[0m[35m[1m.[0m[1m_client[0m [35m[1m=[0m [1mMilvusClient[0m[1m([0m[1muri[0m[35m[1m=[0m[1mself[0m[35m[1m.[0m[1m_uri[0m[1m)[0m
    [36m│    │         │                │    └ [0m[36m[1m'http://localhost:19530'[0m
    [36m│    │         │                └ [0m[36m[1m<src.infrastructure.milvus_store.MilvusStore object at 0x0000028E69F91400>[0m
    [36m│    │         └ [0m[36m[1m<class 'pymilvus.milvus_client.milvus_client.MilvusClient'>[0m
    [36m│    └ [0m[36m[1mNone[0m
    [36m└ [0m[36m[1m<src.infrastructure.milvus_store.MilvusStore object at 0x0000028E69F91400>[0m

  File "C:\bi ye she ji\backend\venv\Lib\site-packages\pymilvus\milvus_client\milvus_client.py", line 65, in __init__
    self._using = self._create_connection(
    │             │    └ <function MilvusClient._create_connection at 0x0000028E60909260>
    │             └ <pymilvus.milvus_client.milvus_client.MilvusClient object at 0x0000028E83A3D220>
    └ <pymilvus.milvus_client.milvus_client.MilvusClient object at 0x0000028E83A3D220>
  File "C:\bi ye she ji\backend\venv\Lib\site-packages\pymilvus\milvus_client\milvus_client.py", line 853, in _create_connection
    raise ex from ex
  File "C:\bi ye she ji\backend\venv\Lib\site-packages\pymilvus\milvus_client\milvus_client.py", line 850, in _create_connection
    connections.connect(using, user, password, db_name, token, uri=uri, **kwargs)
    │           │       │      │     │         │        │          │      └ {'timeout': None}
    │           │       │      │     │         │        │          └ 'http://localhost:19530'
    │           │       │      │     │         │        └ ''
    │           │       │      │     │         └ ''
    │           │       │      │     └ ''
    │           │       │      └ ''
    │           │       └ 'cae5e63d62a4488b9247fd52026b61d0'
    │           └ <function Connections.connect at 0x0000028E6051A0C0>
    └ <pymilvus.orm.connections.Connections object at 0x0000028E604D12B0>
  File "C:\bi ye she ji\backend\venv\Lib\site-packages\pymilvus\orm\connections.py", line 461, in connect
    connect_milvus(**kwargs, user=user, password=password, token=token, db_name=db_name)
    │                │            │              │               │              └ ''
    │                │            │              │               └ ''
    │                │            │              └ ''
    │                │            └ ''
    │                └ {'timeout': None, 'address': 'localhost:19530'}
    └ <function Connections.connect.<locals>.connect_milvus at 0x0000028E83A5A480>
  File "C:\bi ye she ji\backend\venv\Lib\site-packages\pymilvus\orm\connections.py", line 411, in connect_milvus
    gh._wait_for_channel_ready(timeout=timeout)
    │  │                               └ 10.0
    │  └ <function GrpcHandler._wait_for_channel_ready at 0x0000028E604BFC40>
    └ <pymilvus.client.grpc_handler.GrpcHandler object at 0x0000028E83A4C670>
  File "C:\bi ye she ji\backend\venv\Lib\site-packages\pymilvus\client\grpc_handler.py", line 154, in _wait_for_channel_ready
    raise MilvusException(
          └ <class 'pymilvus.exceptions.MilvusException'>

[31m[1mpymilvus.exceptions.MilvusException[0m:[1m <MilvusException: (code=2, message=Fail connecting to server on localhost:19530, illegal connection params or server unavailable)>[0m


[1mThe above exception was the direct cause of the following exception:[0m


[33m[1mTraceback (most recent call last):[0m

  File "[32mC:\bi ye she ji\backend\src\application\[0m[32m[1mindexing_service.py[0m", line [33m83[0m, in [35mrun[0m
    [35m[1mawait[0m [1masyncio[0m[35m[1m.[0m[1mto_thread[0m[1m([0m[1mself[0m[35m[1m.[0m[1m_write_milvus[0m[1m,[0m [1mstr[0m[1m([0m[1mdoc[0m[35m[1m.[0m[1mid[0m[1m)[0m[1m,[0m [1mrows[0m[1m)[0m
    [36m      │       │         │    │                  │   │    └ [0m[36m[1m[VectorRow(id='fab4fe76-fc47-426d-b992-6ad9b8420a64', doc_id='30ec7c22-04d3-4ef4-beea-c42edb47e166', kb_id='64e8c0a1-0671-4c3...[0m
    [36m      │       │         │    │                  │   └ [0m[36m[1m<sqlalchemy.orm.attributes.InstrumentedAttribute object at 0x0000028E68DDE660>[0m
    [36m      │       │         │    │                  └ [0m[36m[1m<src.domain.models.Document object at 0x0000028E07F07AC0>[0m
    [36m      │       │         │    └ [0m[36m[1m<function IndexingService._write_milvus at 0x0000028E6A012A20>[0m
    [36m      │       │         └ [0m[36m[1m<src.application.indexing_service.IndexingService object at 0x0000028E83A15320>[0m
    [36m      │       └ [0m[36m[1m<function to_thread at 0x0000028E659B4540>[0m
    [36m      └ [0m[36m[1m<module 'asyncio' from 'C:\\Users\\Administrator\\AppData\\Local\\Programs\\Python\\Python313\\Lib\\asyncio\\__init__.py'>[0m

  File "C:\Users\Administrator\AppData\Local\Programs\Python\Python313\Lib\asyncio\threads.py", line 26, in to_thread
    return await loop.run_in_executor(None, func_call)
                 │    │                     └ functools.partial(<built-in method run of _contextvars.Context object at 0x0000028E08032B40>, <bound method IndexingService._...
                 │    └ <function BaseEventLoop.run_in_executor at 0x0000028E659AE2A0>
                 └ <ProactorEventLoop running=False closed=True debug=False>
  File "C:\Users\Administrator\AppData\Local\Programs\Python\Python313\Lib\concurrent\futures\thread.py", line 59, in run
    result = self.fn(*self.args, **self.kwargs)
             │        │            └ None
             │        └ None
             └ None

  File "[32mC:\bi ye she ji\backend\src\application\[0m[32m[1mindexing_service.py[0m", line [33m130[0m, in [35m_write_milvus[0m
    [1mself[0m[35m[1m.[0m[1mstore[0m[35m[1m.[0m[1mensure_collection[0m[1m([0m[1m)[0m
    [36m│    │     └ [0m[36m[1m<function MilvusStore.ensure_collection at 0x0000028E69436160>[0m
    [36m│    └ [0m[36m[1m<src.infrastructure.milvus_store.MilvusStore object at 0x0000028E69F91400>[0m
    [36m└ [0m[36m[1m<src.application.indexing_service.IndexingService object at 0x0000028E83A15320>[0m

  File "[32mC:\bi ye she ji\backend\src\infrastructure\[0m[32m[1mmilvus_store.py[0m", line [33m99[0m, in [35mensure_collection[0m
    [1mclient[0m [35m[1m=[0m [1mself[0m[35m[1m.[0m[1m_get_client[0m[1m([0m[1m)[0m
    [36m         │    └ [0m[36m[1m<function MilvusStore._get_client at 0x0000028E694360C0>[0m
    [36m         └ [0m[36m[1m<src.infrastructure.milvus_store.MilvusStore object at 0x0000028E69F91400>[0m

  File "[32mC:\bi ye she ji\backend\src\infrastructure\[0m[32m[1mmilvus_store.py[0m", line [33m95[0m, in [35m_get_client[0m
    [35m[1mraise[0m [1mVectorStoreError[0m[1m([0m[36mf"[0m[36mMilvus 连接失败（[0m[1m{[0m[1mself[0m[35m[1m.[0m[1m_uri[0m[1m}[0m[36m）：[0m[1m{[0m[1mexc[0m[1m}[0m[36m"[0m[1m)[0m [35m[1mfrom[0m [1mexc[0m
    [36m      │                               │    └ [0m[36m[1m'http://localhost:19530'[0m
    [36m      │                               └ [0m[36m[1m<src.infrastructure.milvus_store.MilvusStore object at 0x0000028E69F91400>[0m
    [36m      └ [0m[36m[1m<class 'src.infrastructure.milvus_store.VectorStoreError'>[0m

[31m[1msrc.infrastructure.milvus_store.VectorStoreError[0m:[1m Milvus 连接失败（http://localhost:19530）：<MilvusException: (code=2, message=Fail connecting to server on localhost:19530, illegal connection params or server unavailable)>[0m


[1mThe above exception was the direct cause of the following exception:[0m


[33m[1mTraceback (most recent call last):[0m

  File "C:\Users\Administrator\AppData\Local\Programs\Python\Python313\Lib\threading.py", line 1015, in _bootstrap
    self._bootstrap_inner()
    │    └ <function Thread._bootstrap_inner at 0x0000028E636BD940>
    └ <WorkerThread(AnyIO worker thread, started 23752)>
  File "C:\Users\Administrator\AppData\Local\Programs\Python\Python313\Lib\threading.py", line 1044, in _bootstrap_inner
    self.run()
    │    └ <function WorkerThread.run at 0x0000028E6A001B20>
    └ <WorkerThread(AnyIO worker thread, started 23752)>
  File "C:\bi ye she ji\backend\venv\Lib\site-packages\anyio\_backends\_asyncio.py", line 1100, in run
    result = context.run(func, *args)
             │       │   │      └ ()
             │       │   └ functools.partial(<function _run_vectorize_safely at 0x0000028E6944EE80>, '30ec7c22-04d3-4ef4-beea-c42edb47e166')
             │       └ <method 'run' of '_contextvars.Context' objects>
             └ <_contextvars.Context object at 0x0000028E613EC380>

> File "[32mC:\bi ye she ji\backend\src\api\routes\[0m[32m[1mdocuments.py[0m", line [33m131[0m, in [35m_run_vectorize_safely[0m
    [1mrun_vectorize[0m[1m([0m[1mdoc_id[0m[1m)[0m
    [36m│             └ [0m[36m[1m'30ec7c22-04d3-4ef4-beea-c42edb47e166'[0m
    [36m└ [0m[36m[1m<function run_vectorize at 0x0000028E6A012200>[0m

  File "[32mC:\bi ye she ji\backend\src\application\[0m[32m[1mindex_runner.py[0m", line [33m43[0m, in [35mrun_vectorize[0m
    [35m[1mreturn[0m [1masyncio[0m[35m[1m.[0m[1mrun[0m[1m([0m[1m_run[0m[1m([0m[1m)[0m[1m)[0m
    [36m       │       │   └ [0m[36m[1m<function run_vectorize.<locals>._run at 0x0000028E60B31EE0>[0m
    [36m       │       └ [0m[36m[1m<function run at 0x0000028E655719E0>[0m
    [36m       └ [0m[36m[1m<module 'asyncio' from 'C:\\Users\\Administrator\\AppData\\Local\\Programs\\Python\\Python313\\Lib\\asyncio\\__init__.py'>[0m

  File "C:\Users\Administrator\AppData\Local\Programs\Python\Python313\Lib\asyncio\runners.py", line 196, in run
    return runner.run(main)
           │      │   └ <coroutine object run_vectorize.<locals>._run at 0x0000028E0269DE00>
           │      └ <function Runner.run at 0x0000028E659AFEC0>
           └ <asyncio.runners.Runner object at 0x0000028E609C07D0>
  File "C:\Users\Administrator\AppData\Local\Programs\Python\Python313\Lib\asyncio\runners.py", line 119, in run
    return self._loop.run_until_complete(task)
           │    │                        └ <Task finished name='Task-402' coro=<run_vectorize.<locals>._run() done, defined at C:\bi ye she ji\backend\src\application\i...
           │    └ None
           └ <asyncio.runners.Runner object at 0x0000028E609C07D0>
  File "C:\Users\Administrator\AppData\Local\Programs\Python\Python313\Lib\asyncio\base_events.py", line 725, in run_until_complete
    return future.result()
           │      └ <method 'result' of '_asyncio.Task' objects>
           └ <Task finished name='Task-402' coro=<run_vectorize.<locals>._run() done, defined at C:\bi ye she ji\backend\src\application\i...

  File "[32mC:\bi ye she ji\backend\src\application\[0m[32m[1mindex_runner.py[0m", line [33m32[0m, in [35m_run[0m
    [1mdoc[0m [35m[1m=[0m [35m[1mawait[0m [1mservice[0m[35m[1m.[0m[1mrun[0m[1m([0m[1muuid[0m[35m[1m.[0m[1mUUID[0m[1m([0m[1mdoc_id[0m[1m)[0m[1m)[0m
    [36m            │       │   │    │    └ [0m[36m[1m'30ec7c22-04d3-4ef4-beea-c42edb47e166'[0m
    [36m            │       │   │    └ [0m[36m[1m<class 'uuid.UUID'>[0m
    [36m            │       │   └ [0m[36m[1m<module 'uuid' from 'C:\\Users\\Administrator\\AppData\\Local\\Programs\\Python\\Python313\\Lib\\uuid.py'>[0m
    [36m            │       └ [0m[36m[1m<function IndexingService.run at 0x0000028E6A0128E0>[0m
    [36m            └ [0m[36m[1m<src.application.indexing_service.IndexingService object at 0x0000028E83A15320>[0m

  File "[32mC:\bi ye she ji\backend\src\application\[0m[32m[1mindexing_service.py[0m", line [33m87[0m, in [35mrun[0m
    [35m[1mraise[0m [1mAppException[0m[1m([0m[34m[1m422[0m[1m,[0m [36mf"[0m[36m向量化失败：[0m[1m{[0m[1mexc[0m[1m}[0m[36m"[0m[1m)[0m [35m[1mfrom[0m [1mexc[0m
    [36m      └ [0m[36m[1m<class 'src.core.exceptions.AppException'>[0m

[31m[1msrc.core.exceptions.AppException[0m:[1m 向量化失败：Milvus 连接失败（http://localhost:19530）：<MilvusException: (code=2, message=Fail connecting to server on localhost:19530, illegal connection params or server unavailable)>[0m
[32m2026-09-06 11:52:11.910[0m | [1mINFO    [0m | [36msrc.application.index_runner[0m:[36m41[0m - [1m开始向量化文档 doc_id=fdcf9f25-d445-4071-bbf0-b18d1f09702c[0m
2026-09-06 11:52:14,692 [ERROR][_create_connection]: Failed to create new connection using: fe4f773532554367a0a93ef1adef5f57 (milvus_client.py:852)
[32m2026-09-06 11:52:14.694[0m | [31m[1mERROR   [0m | [36msrc.application.indexing_service[0m:[36m85[0m - [31m[1m文档向量化失败 doc_id=bd241065-7105-485d-a04d-08e99f9432c0: Milvus 连接失败（http://localhost:19530）：<MilvusException: (code=2, message=Fail connecting to server on localhost:19530, illegal connection params or server unavailable)>[0m
[32m2026-09-06 11:52:14.707[0m | [31m[1mERROR   [0m | [36msrc.api.routes.documents[0m:[36m133[0m - [31m[1m后台向量化任务执行失败 doc_id=bd241065-7105-485d-a04d-08e99f9432c0[0m
[33m[1mTraceback (most recent call last):[0m

  File "[32mC:\bi ye she ji\backend\src\infrastructure\[0m[32m[1mmilvus_store.py[0m", line [33m93[0m, in [35m_get_client[0m
    [1mself[0m[35m[1m.[0m[1m_client[0m [35m[1m=[0m [1mMilvusClient[0m[1m([0m[1muri[0m[35m[1m=[0m[1mself[0m[35m[1m.[0m[1m_uri[0m[1m)[0m
    [36m│    │         │                │    └ [0m[36m[1m'http://localhost:19530'[0m
    [36m│    │         │                └ [0m[36m[1m<src.infrastructure.milvus_store.MilvusStore object at 0x0000028E69F91400>[0m
    [36m│    │         └ [0m[36m[1m<class 'pymilvus.milvus_client.milvus_client.MilvusClient'>[0m
    [36m│    └ [0m[36m[1mNone[0m
    [36m└ [0m[36m[1m<src.infrastructure.milvus_store.MilvusStore object at 0x0000028E69F91400>[0m

  File "C:\bi ye she ji\backend\venv\Lib\site-packages\pymilvus\milvus_client\milvus_client.py", line 65, in __init__
    self._using = self._create_connection(
    │             │    └ <function MilvusClient._create_connection at 0x0000028E60909260>
    │             └ <pymilvus.milvus_client.milvus_client.MilvusClient object at 0x0000028E83A52EE0>
    └ <pymilvus.milvus_client.milvus_client.MilvusClient object at 0x0000028E83A52EE0>
  File "C:\bi ye she ji\backend\venv\Lib\site-packages\pymilvus\milvus_client\milvus_client.py", line 853, in _create_connection
    raise ex from ex
  File "C:\bi ye she ji\backend\venv\Lib\site-packages\pymilvus\milvus_client\milvus_client.py", line 850, in _create_connection
    connections.connect(using, user, password, db_name, token, uri=uri, **kwargs)
    │           │       │      │     │         │        │          │      └ {'timeout': None}
    │           │       │      │     │         │        │          └ 'http://localhost:19530'
    │           │       │      │     │         │        └ ''
    │           │       │      │     │         └ ''
    │           │       │      │     └ ''
    │           │       │      └ ''
    │           │       └ 'fe4f773532554367a0a93ef1adef5f57'
    │           └ <function Connections.connect at 0x0000028E6051A0C0>
    └ <pymilvus.orm.connections.Connections object at 0x0000028E604D12B0>
  File "C:\bi ye she ji\backend\venv\Lib\site-packages\pymilvus\orm\connections.py", line 461, in connect
    connect_milvus(**kwargs, user=user, password=password, token=token, db_name=db_name)
    │                │            │              │               │              └ ''
    │                │            │              │               └ ''
    │                │            │              └ ''
    │                │            └ ''
    │                └ {'timeout': None, 'address': 'localhost:19530'}
    └ <function Connections.connect.<locals>.connect_milvus at 0x0000028E83A593A0>
  File "C:\bi ye she ji\backend\venv\Lib\site-packages\pymilvus\orm\connections.py", line 411, in connect_milvus
    gh._wait_for_channel_ready(timeout=timeout)
    │  │                               └ 10.0
    │  └ <function GrpcHandler._wait_for_channel_ready at 0x0000028E604BFC40>
    └ <pymilvus.client.grpc_handler.GrpcHandler object at 0x0000028E815E6350>
  File "C:\bi ye she ji\backend\venv\Lib\site-packages\pymilvus\client\grpc_handler.py", line 154, in _wait_for_channel_ready
    raise MilvusException(
          └ <class 'pymilvus.exceptions.MilvusException'>

[31m[1mpymilvus.exceptions.MilvusException[0m:[1m <MilvusException: (code=2, message=Fail connecting to server on localhost:19530, illegal connection params or server unavailable)>[0m


[1mThe above exception was the direct cause of the following exception:[0m


[33m[1mTraceback (most recent call last):[0m

  File "[32mC:\bi ye she ji\backend\src\application\[0m[32m[1mindexing_service.py[0m", line [33m83[0m, in [35mrun[0m
    [35m[1mawait[0m [1masyncio[0m[35m[1m.[0m[1mto_thread[0m[1m([0m[1mself[0m[35m[1m.[0m[1m_write_milvus[0m[1m,[0m [1mstr[0m[1m([0m[1mdoc[0m[35m[1m.[0m[1mid[0m[1m)[0m[1m,[0m [1mrows[0m[1m)[0m
    [36m      │       │         │    │                  │   │    └ [0m[36m[1m[VectorRow(id='a728799a-a4c2-48d7-8458-17987d270cec', doc_id='bd241065-7105-485d-a04d-08e99f9432c0', kb_id='1de2dad4-e6f7-437...[0m
    [36m      │       │         │    │                  │   └ [0m[36m[1m<sqlalchemy.orm.attributes.InstrumentedAttribute object at 0x0000028E68DDE660>[0m
    [36m      │       │         │    │                  └ [0m[36m[1m<src.domain.models.Document object at 0x0000028E7E366FC0>[0m
    [36m      │       │         │    └ [0m[36m[1m<function IndexingService._write_milvus at 0x0000028E6A012A20>[0m
    [36m      │       │         └ [0m[36m[1m<src.application.indexing_service.IndexingService object at 0x0000028E83A15A90>[0m
    [36m      │       └ [0m[36m[1m<function to_thread at 0x0000028E659B4540>[0m
    [36m      └ [0m[36m[1m<module 'asyncio' from 'C:\\Users\\Administrator\\AppData\\Local\\Programs\\Python\\Python313\\Lib\\asyncio\\__init__.py'>[0m

  File "C:\Users\Administrator\AppData\Local\Programs\Python\Python313\Lib\asyncio\threads.py", line 26, in to_thread
    return await loop.run_in_executor(None, func_call)
                 │    │                     └ functools.partial(<built-in method run of _contextvars.Context object at 0x0000028E614517C0>, <bound method IndexingService._...
                 │    └ <function BaseEventLoop.run_in_executor at 0x0000028E659AE2A0>
                 └ <ProactorEventLoop running=False closed=True debug=False>
  File "C:\Users\Administrator\AppData\Local\Programs\Python\Python313\Lib\concurrent\futures\thread.py", line 59, in run
    result = self.fn(*self.args, **self.kwargs)
             │        │            └ None
             │        └ None
             └ None

  File "[32mC:\bi ye she ji\backend\src\application\[0m[32m[1mindexing_service.py[0m", line [33m130[0m, in [35m_write_milvus[0m
    [1mself[0m[35m[1m.[0m[1mstore[0m[35m[1m.[0m[1mensure_collection[0m[1m([0m[1m)[0m
    [36m│    │     └ [0m[36m[1m<function MilvusStore.ensure_collection at 0x0000028E69436160>[0m
    [36m│    └ [0m[36m[1m<src.infrastructure.milvus_store.MilvusStore object at 0x0000028E69F91400>[0m
    [36m└ [0m[36m[1m<src.application.indexing_service.IndexingService object at 0x0000028E83A15A90>[0m

  File "[32mC:\bi ye she ji\backend\src\infrastructure\[0m[32m[1mmilvus_store.py[0m", line [33m99[0m, in [35mensure_collection[0m
    [1mclient[0m [35m[1m=[0m [1mself[0m[35m[1m.[0m[1m_get_client[0m[1m([0m[1m)[0m
    [36m         │    └ [0m[36m[1m<function MilvusStore._get_client at 0x0000028E694360C0>[0m
    [36m         └ [0m[36m[1m<src.infrastructure.milvus_store.MilvusStore object at 0x0000028E69F91400>[0m

  File "[32mC:\bi ye she ji\backend\src\infrastructure\[0m[32m[1mmilvus_store.py[0m", line [33m95[0m, in [35m_get_client[0m
    [35m[1mraise[0m [1mVectorStoreError[0m[1m([0m[36mf"[0m[36mMilvus 连接失败（[0m[1m{[0m[1mself[0m[35m[1m.[0m[1m_uri[0m[1m}[0m[36m）：[0m[1m{[0m[1mexc[0m[1m}[0m[36m"[0m[1m)[0m [35m[1mfrom[0m [1mexc[0m
    [36m      │                               │    └ [0m[36m[1m'http://localhost:19530'[0m
    [36m      │                               └ [0m[36m[1m<src.infrastructure.milvus_store.MilvusStore object at 0x0000028E69F91400>[0m
    [36m      └ [0m[36m[1m<class 'src.infrastructure.milvus_store.VectorStoreError'>[0m

[31m[1msrc.infrastructure.milvus_store.VectorStoreError[0m:[1m Milvus 连接失败（http://localhost:19530）：<MilvusException: (code=2, message=Fail connecting to server on localhost:19530, illegal connection params or server unavailable)>[0m


[1mThe above exception was the direct cause of the following exception:[0m


[33m[1mTraceback (most recent call last):[0m

  File "C:\Users\Administrator\AppData\Local\Programs\Python\Python313\Lib\threading.py", line 1015, in _bootstrap
    self._bootstrap_inner()
    │    └ <function Thread._bootstrap_inner at 0x0000028E636BD940>
    └ <WorkerThread(AnyIO worker thread, started 16620)>
  File "C:\Users\Administrator\AppData\Local\Programs\Python\Python313\Lib\threading.py", line 1044, in _bootstrap_inner
    self.run()
    │    └ <function WorkerThread.run at 0x0000028E6A001B20>
    └ <WorkerThread(AnyIO worker thread, started 16620)>
  File "C:\bi ye she ji\backend\venv\Lib\site-packages\anyio\_backends\_asyncio.py", line 1100, in run
    result = context.run(func, *args)
             │       │   │      └ ()
             │       │   └ functools.partial(<function _run_vectorize_safely at 0x0000028E6944EE80>, 'bd241065-7105-485d-a04d-08e99f9432c0')
             │       └ <method 'run' of '_contextvars.Context' objects>
             └ <_contextvars.Context object at 0x0000028E1749F100>

> File "[32mC:\bi ye she ji\backend\src\api\routes\[0m[32m[1mdocuments.py[0m", line [33m131[0m, in [35m_run_vectorize_safely[0m
    [1mrun_vectorize[0m[1m([0m[1mdoc_id[0m[1m)[0m
    [36m│             └ [0m[36m[1m'bd241065-7105-485d-a04d-08e99f9432c0'[0m
    [36m└ [0m[36m[1m<function run_vectorize at 0x0000028E6A012200>[0m

  File "[32mC:\bi ye she ji\backend\src\application\[0m[32m[1mindex_runner.py[0m", line [33m43[0m, in [35mrun_vectorize[0m
    [35m[1mreturn[0m [1masyncio[0m[35m[1m.[0m[1mrun[0m[1m([0m[1m_run[0m[1m([0m[1m)[0m[1m)[0m
    [36m       │       │   └ [0m[36m[1m<function run_vectorize.<locals>._run at 0x0000028E6A13FA60>[0m
    [36m       │       └ [0m[36m[1m<function run at 0x0000028E655719E0>[0m
    [36m       └ [0m[36m[1m<module 'asyncio' from 'C:\\Users\\Administrator\\AppData\\Local\\Programs\\Python\\Python313\\Lib\\asyncio\\__init__.py'>[0m

  File "C:\Users\Administrator\AppData\Local\Programs\Python\Python313\Lib\asyncio\runners.py", line 196, in run
    return runner.run(main)
           │      │   └ <coroutine object run_vectorize.<locals>._run at 0x0000028E07FDBBC0>
           │      └ <function Runner.run at 0x0000028E659AFEC0>
           └ <asyncio.runners.Runner object at 0x0000028E0813ADD0>
  File "C:\Users\Administrator\AppData\Local\Programs\Python\Python313\Lib\asyncio\runners.py", line 119, in run
    return self._loop.run_until_complete(task)
           │    │                        └ <Task finished name='Task-416' coro=<run_vectorize.<locals>._run() done, defined at C:\bi ye she ji\backend\src\application\i...
           │    └ None
           └ <asyncio.runners.Runner object at 0x0000028E0813ADD0>
  File "C:\Users\Administrator\AppData\Local\Programs\Python\Python313\Lib\asyncio\base_events.py", line 725, in run_until_complete
    return future.result()
           │      └ <method 'result' of '_asyncio.Task' objects>
           └ <Task finished name='Task-416' coro=<run_vectorize.<locals>._run() done, defined at C:\bi ye she ji\backend\src\application\i...

  File "[32mC:\bi ye she ji\backend\src\application\[0m[32m[1mindex_runner.py[0m", line [33m32[0m, in [35m_run[0m
    [1mdoc[0m [35m[1m=[0m [35m[1mawait[0m [1mservice[0m[35m[1m.[0m[1mrun[0m[1m([0m[1muuid[0m[35m[1m.[0m[1mUUID[0m[1m([0m[1mdoc_id[0m[1m)[0m[1m)[0m
    [36m            │       │   │    │    └ [0m[36m[1m'bd241065-7105-485d-a04d-08e99f9432c0'[0m
    [36m            │       │   │    └ [0m[36m[1m<class 'uuid.UUID'>[0m
    [36m            │       │   └ [0m[36m[1m<module 'uuid' from 'C:\\Users\\Administrator\\AppData\\Local\\Programs\\Python\\Python313\\Lib\\uuid.py'>[0m
    [36m            │       └ [0m[36m[1m<function IndexingService.run at 0x0000028E6A0128E0>[0m
    [36m            └ [0m[36m[1m<src.application.indexing_service.IndexingService object at 0x0000028E83A15A90>[0m

  File "[32mC:\bi ye she ji\backend\src\application\[0m[32m[1mindexing_service.py[0m", line [33m87[0m, in [35mrun[0m
    [35m[1mraise[0m [1mAppException[0m[1m([0m[34m[1m422[0m[1m,[0m [36mf"[0m[36m向量化失败：[0m[1m{[0m[1mexc[0m[1m}[0m[36m"[0m[1m)[0m [35m[1mfrom[0m [1mexc[0m
    [36m      └ [0m[36m[1m<class 'src.core.exceptions.AppException'>[0m

[31m[1msrc.core.exceptions.AppException[0m:[1m 向量化失败：Milvus 连接失败（http://localhost:19530）：<MilvusException: (code=2, message=Fail connecting to server on localhost:19530, illegal connection params or server unavailable)>[0m
[32m2026-09-06 11:52:14.718[0m | [1mINFO    [0m | [36msrc.application.index_runner[0m:[36m41[0m - [1m开始向量化文档 doc_id=86c1c196-5d9d-4448-ac69-fff664b301e2[0m
2026-09-06 11:52:22,724 [ERROR][_create_connection]: Failed to create new connection using: 33ee6ac494584451a34cd4f59b538508 (milvus_client.py:852)
[32m2026-09-06 11:52:22.725[0m | [31m[1mERROR   [0m | [36msrc.application.indexing_service[0m:[36m85[0m - [31m[1m文档向量化失败 doc_id=e68b1d03-a673-4d79-a000-e064d8a903b0: Milvus 连接失败（http://localhost:19530）：<MilvusException: (code=2, message=Fail connecting to server on localhost:19530, illegal connection params or server unavailable)>[0m
[32m2026-09-06 11:52:22.739[0m | [31m[1mERROR   [0m | [36msrc.api.routes.documents[0m:[36m133[0m - [31m[1m后台向量化任务执行失败 doc_id=e68b1d03-a673-4d79-a000-e064d8a903b0[0m
[33m[1mTraceback (most recent call last):[0m

  File "[32mC:\bi ye she ji\backend\src\infrastructure\[0m[32m[1mmilvus_store.py[0m", line [33m93[0m, in [35m_get_client[0m
    [1mself[0m[35m[1m.[0m[1m_client[0m [35m[1m=[0m [1mMilvusClient[0m[1m([0m[1muri[0m[35m[1m=[0m[1mself[0m[35m[1m.[0m[1m_uri[0m[1m)[0m
    [36m│    │         │                │    └ [0m[36m[1m'http://localhost:19530'[0m
    [36m│    │         │                └ [0m[36m[1m<src.infrastructure.milvus_store.MilvusStore object at 0x0000028E69F91400>[0m
    [36m│    │         └ [0m[36m[1m<class 'pymilvus.milvus_client.milvus_client.MilvusClient'>[0m
    [36m│    └ [0m[36m[1mNone[0m
    [36m└ [0m[36m[1m<src.infrastructure.milvus_store.MilvusStore object at 0x0000028E69F91400>[0m

  File "C:\bi ye she ji\backend\venv\Lib\site-packages\pymilvus\milvus_client\milvus_client.py", line 65, in __init__
    self._using = self._create_connection(
    │             │    └ <function MilvusClient._create_connection at 0x0000028E60909260>
    │             └ <pymilvus.milvus_client.milvus_client.MilvusClient object at 0x0000028E83A22170>
    └ <pymilvus.milvus_client.milvus_client.MilvusClient object at 0x0000028E83A22170>
  File "C:\bi ye she ji\backend\venv\Lib\site-packages\pymilvus\milvus_client\milvus_client.py", line 853, in _create_connection
    raise ex from ex
  File "C:\bi ye she ji\backend\venv\Lib\site-packages\pymilvus\milvus_client\milvus_client.py", line 850, in _create_connection
    connections.connect(using, user, password, db_name, token, uri=uri, **kwargs)
    │           │       │      │     │         │        │          │      └ {'timeout': None}
    │           │       │      │     │         │        │          └ 'http://localhost:19530'
    │           │       │      │     │         │        └ ''
    │           │       │      │     │         └ ''
    │           │       │      │     └ ''
    │           │       │      └ ''
    │           │       └ '33ee6ac494584451a34cd4f59b538508'
    │           └ <function Connections.connect at 0x0000028E6051A0C0>
    └ <pymilvus.orm.connections.Connections object at 0x0000028E604D12B0>
  File "C:\bi ye she ji\backend\venv\Lib\site-packages\pymilvus\orm\connections.py", line 461, in connect
    connect_milvus(**kwargs, user=user, password=password, token=token, db_name=db_name)
    │                │            │              │               │              └ ''
    │                │            │              │               └ ''
    │                │            │              └ ''
    │                │            └ ''
    │                └ {'timeout': None, 'address': 'localhost:19530'}
    └ <function Connections.connect.<locals>.connect_milvus at 0x0000028E83A08C20>
  File "C:\bi ye she ji\backend\venv\Lib\site-packages\pymilvus\orm\connections.py", line 411, in connect_milvus
    gh._wait_for_channel_ready(timeout=timeout)
    │  │                               └ 10.0
    │  └ <function GrpcHandler._wait_for_channel_ready at 0x0000028E604BFC40>
    └ <pymilvus.client.grpc_handler.GrpcHandler object at 0x0000028E83A12EB0>
  File "C:\bi ye she ji\backend\venv\Lib\site-packages\pymilvus\client\grpc_handler.py", line 154, in _wait_for_channel_ready
    raise MilvusException(
          └ <class 'pymilvus.exceptions.MilvusException'>

[31m[1mpymilvus.exceptions.MilvusException[0m:[1m <MilvusException: (code=2, message=Fail connecting to server on localhost:19530, illegal connection params or server unavailable)>[0m


[1mThe above exception was the direct cause of the following exception:[0m


[33m[1mTraceback (most recent call last):[0m

  File "[32mC:\bi ye she ji\backend\src\application\[0m[32m[1mindexing_service.py[0m", line [33m83[0m, in [35mrun[0m
    [35m[1mawait[0m [1masyncio[0m[35m[1m.[0m[1mto_thread[0m[1m([0m[1mself[0m[35m[1m.[0m[1m_write_milvus[0m[1m,[0m [1mstr[0m[1m([0m[1mdoc[0m[35m[1m.[0m[1mid[0m[1m)[0m[1m,[0m [1mrows[0m[1m)[0m
    [36m      │       │         │    │                  │   │    └ [0m[36m[1m[VectorRow(id='0649b58e-f4e6-4fc7-b80b-1a61654cb517', doc_id='e68b1d03-a673-4d79-a000-e064d8a903b0', kb_id='b139d2c5-bd87-436...[0m
    [36m      │       │         │    │                  │   └ [0m[36m[1m<sqlalchemy.orm.attributes.InstrumentedAttribute object at 0x0000028E68DDE660>[0m
    [36m      │       │         │    │                  └ [0m[36m[1m<src.domain.models.Document object at 0x0000028E0805B6A0>[0m
    [36m      │       │         │    └ [0m[36m[1m<function IndexingService._write_milvus at 0x0000028E6A012A20>[0m
    [36m      │       │         └ [0m[36m[1m<src.application.indexing_service.IndexingService object at 0x0000028E02841BE0>[0m
    [36m      │       └ [0m[36m[1m<function to_thread at 0x0000028E659B4540>[0m
    [36m      └ [0m[36m[1m<module 'asyncio' from 'C:\\Users\\Administrator\\AppData\\Local\\Programs\\Python\\Python313\\Lib\\asyncio\\__init__.py'>[0m

  File "C:\Users\Administrator\AppData\Local\Programs\Python\Python313\Lib\asyncio\threads.py", line 26, in to_thread
    return await loop.run_in_executor(None, func_call)
                 │    │                     └ functools.partial(<built-in method run of _contextvars.Context object at 0x0000028E613EC380>, <bound method IndexingService._...
                 │    └ <function BaseEventLoop.run_in_executor at 0x0000028E659AE2A0>
                 └ <ProactorEventLoop running=False closed=True debug=False>
  File "C:\Users\Administrator\AppData\Local\Programs\Python\Python313\Lib\concurrent\futures\thread.py", line 59, in run
    result = self.fn(*self.args, **self.kwargs)
             │        │            └ None
             │        └ None
             └ None

  File "[32mC:\bi ye she ji\backend\src\application\[0m[32m[1mindexing_service.py[0m", line [33m130[0m, in [35m_write_milvus[0m
    [1mself[0m[35m[1m.[0m[1mstore[0m[35m[1m.[0m[1mensure_collection[0m[1m([0m[1m)[0m
    [36m│    │     └ [0m[36m[1m<function MilvusStore.ensure_collection at 0x0000028E69436160>[0m
    [36m│    └ [0m[36m[1m<src.infrastructure.milvus_store.MilvusStore object at 0x0000028E69F91400>[0m
    [36m└ [0m[36m[1m<src.application.indexing_service.IndexingService object at 0x0000028E02841BE0>[0m

  File "[32mC:\bi ye she ji\backend\src\infrastructure\[0m[32m[1mmilvus_store.py[0m", line [33m99[0m, in [35mensure_collection[0m
    [1mclient[0m [35m[1m=[0m [1mself[0m[35m[1m.[0m[1m_get_client[0m[1m([0m[1m)[0m
    [36m         │    └ [0m[36m[1m<function MilvusStore._get_client at 0x0000028E694360C0>[0m
    [36m         └ [0m[36m[1m<src.infrastructure.milvus_store.MilvusStore object at 0x0000028E69F91400>[0m

  File "[32mC:\bi ye she ji\backend\src\infrastructure\[0m[32m[1mmilvus_store.py[0m", line [33m95[0m, in [35m_get_client[0m
    [35m[1mraise[0m [1mVectorStoreError[0m[1m([0m[36mf"[0m[36mMilvus 连接失败（[0m[1m{[0m[1mself[0m[35m[1m.[0m[1m_uri[0m[1m}[0m[36m）：[0m[1m{[0m[1mexc[0m[1m}[0m[36m"[0m[1m)[0m [35m[1mfrom[0m [1mexc[0m
    [36m      │                               │    └ [0m[36m[1m'http://localhost:19530'[0m
    [36m      │                               └ [0m[36m[1m<src.infrastructure.milvus_store.MilvusStore object at 0x0000028E69F91400>[0m
    [36m      └ [0m[36m[1m<class 'src.infrastructure.milvus_store.VectorStoreError'>[0m

[31m[1msrc.infrastructure.milvus_store.VectorStoreError[0m:[1m Milvus 连接失败（http://localhost:19530）：<MilvusException: (code=2, message=Fail connecting to server on localhost:19530, illegal connection params or server unavailable)>[0m


[1mThe above exception was the direct cause of the following exception:[0m


[33m[1mTraceback (most recent call last):[0m

  File "C:\Users\Administrator\AppData\Local\Programs\Python\Python313\Lib\threading.py", line 1015, in _bootstrap
    self._bootstrap_inner()
    │    └ <function Thread._bootstrap_inner at 0x0000028E636BD940>
    └ <WorkerThread(AnyIO worker thread, started 17860)>
  File "C:\Users\Administrator\AppData\Local\Programs\Python\Python313\Lib\threading.py", line 1044, in _bootstrap_inner
    self.run()
    │    └ <function WorkerThread.run at 0x0000028E6A001B20>
    └ <WorkerThread(AnyIO worker thread, started 17860)>
  File "C:\bi ye she ji\backend\venv\Lib\site-packages\anyio\_backends\_asyncio.py", line 1100, in run
    result = context.run(func, *args)
             │       │   │      └ ()
             │       │   └ functools.partial(<function _run_vectorize_safely at 0x0000028E6944EE80>, 'e68b1d03-a673-4d79-a000-e064d8a903b0')
             │       └ <method 'run' of '_contextvars.Context' objects>
             └ <_contextvars.Context object at 0x0000028E69AB09C0>

> File "[32mC:\bi ye she ji\backend\src\api\routes\[0m[32m[1mdocuments.py[0m", line [33m131[0m, in [35m_run_vectorize_safely[0m
    [1mrun_vectorize[0m[1m([0m[1mdoc_id[0m[1m)[0m
    [36m│             └ [0m[36m[1m'e68b1d03-a673-4d79-a000-e064d8a903b0'[0m
    [36m└ [0m[36m[1m<function run_vectorize at 0x0000028E6A012200>[0m

  File "[32mC:\bi ye she ji\backend\src\application\[0m[32m[1mindex_runner.py[0m", line [33m43[0m, in [35mrun_vectorize[0m
    [35m[1mreturn[0m [1masyncio[0m[35m[1m.[0m[1mrun[0m[1m([0m[1m_run[0m[1m([0m[1m)[0m[1m)[0m
    [36m       │       │   └ [0m[36m[1m<function run_vectorize.<locals>._run at 0x0000028E60B818A0>[0m
    [36m       │       └ [0m[36m[1m<function run at 0x0000028E655719E0>[0m
    [36m       └ [0m[36m[1m<module 'asyncio' from 'C:\\Users\\Administrator\\AppData\\Local\\Programs\\Python\\Python313\\Lib\\asyncio\\__init__.py'>[0m

  File "C:\Users\Administrator\AppData\Local\Programs\Python\Python313\Lib\asyncio\runners.py", line 196, in run
    return runner.run(main)
           │      │   └ <coroutine object run_vectorize.<locals>._run at 0x0000028E081CC260>
           │      └ <function Runner.run at 0x0000028E659AFEC0>
           └ <asyncio.runners.Runner object at 0x0000028E83A24FD0>
  File "C:\Users\Administrator\AppData\Local\Programs\Python\Python313\Lib\asyncio\runners.py", line 119, in run
    return self._loop.run_until_complete(task)
           │    │                        └ <Task finished name='Task-423' coro=<run_vectorize.<locals>._run() done, defined at C:\bi ye she ji\backend\src\application\i...
           │    └ None
           └ <asyncio.runners.Runner object at 0x0000028E83A24FD0>
  File "C:\Users\Administrator\AppData\Local\Programs\Python\Python313\Lib\asyncio\base_events.py", line 725, in run_until_complete
    return future.result()
           │      └ <method 'result' of '_asyncio.Task' objects>
           └ <Task finished name='Task-423' coro=<run_vectorize.<locals>._run() done, defined at C:\bi ye she ji\backend\src\application\i...

  File "[32mC:\bi ye she ji\backend\src\application\[0m[32m[1mindex_runner.py[0m", line [33m32[0m, in [35m_run[0m
    [1mdoc[0m [35m[1m=[0m [35m[1mawait[0m [1mservice[0m[35m[1m.[0m[1mrun[0m[1m([0m[1muuid[0m[35m[1m.[0m[1mUUID[0m[1m([0m[1mdoc_id[0m[1m)[0m[1m)[0m
    [36m            │       │   │    │    └ [0m[36m[1m'e68b1d03-a673-4d79-a000-e064d8a903b0'[0m
    [36m            │       │   │    └ [0m[36m[1m<class 'uuid.UUID'>[0m
    [36m            │       │   └ [0m[36m[1m<module 'uuid' from 'C:\\Users\\Administrator\\AppData\\Local\\Programs\\Python\\Python313\\Lib\\uuid.py'>[0m
    [36m            │       └ [0m[36m[1m<function IndexingService.run at 0x0000028E6A0128E0>[0m
    [36m            └ [0m[36m[1m<src.application.indexing_service.IndexingService object at 0x0000028E02841BE0>[0m

  File "[32mC:\bi ye she ji\backend\src\application\[0m[32m[1mindexing_service.py[0m", line [33m87[0m, in [35mrun[0m
    [35m[1mraise[0m [1mAppException[0m[1m([0m[34m[1m422[0m[1m,[0m [36mf"[0m[36m向量化失败：[0m[1m{[0m[1mexc[0m[1m}[0m[36m"[0m[1m)[0m [35m[1mfrom[0m [1mexc[0m
    [36m      └ [0m[36m[1m<class 'src.core.exceptions.AppException'>[0m

[31m[1msrc.core.exceptions.AppException[0m:[1m 向量化失败：Milvus 连接失败（http://localhost:19530）：<MilvusException: (code=2, message=Fail connecting to server on localhost:19530, illegal connection params or server unavailable)>[0m
[32m2026-09-06 11:52:22.750[0m | [1mINFO    [0m | [36msrc.application.index_runner[0m:[36m41[0m - [1m开始向量化文档 doc_id=cc563395-6f4a-47f8-9130-a6946636ab23[0m
2026-09-06 11:52:25,541 [ERROR][_create_connection]: Failed to create new connection using: 3ac23bc7ff14497cbdf2604dae3c387b (milvus_client.py:852)
[32m2026-09-06 11:52:25.543[0m | [31m[1mERROR   [0m | [36msrc.application.indexing_service[0m:[36m85[0m - [31m[1m文档向量化失败 doc_id=3428d80a-22e4-43ac-8f47-c7ecfaadf8d9: Milvus 连接失败（http://localhost:19530）：<MilvusException: (code=2, message=Fail connecting to server on localhost:19530, illegal connection params or server unavailable)>[0m
[32m2026-09-06 11:52:25.560[0m | [31m[1mERROR   [0m | [36msrc.api.routes.documents[0m:[36m133[0m - [31m[1m后台向量化任务执行失败 doc_id=3428d80a-22e4-43ac-8f47-c7ecfaadf8d9[0m
[33m[1mTraceback (most recent call last):[0m

  File "[32mC:\bi ye she ji\backend\src\infrastructure\[0m[32m[1mmilvus_store.py[0m", line [33m93[0m, in [35m_get_client[0m
    [1mself[0m[35m[1m.[0m[1m_client[0m [35m[1m=[0m [1mMilvusClient[0m[1m([0m[1muri[0m[35m[1m=[0m[1mself[0m[35m[1m.[0m[1m_uri[0m[1m)[0m
    [36m│    │         │                │    └ [0m[36m[1m'http://localhost:19530'[0m
    [36m│    │         │                └ [0m[36m[1m<src.infrastructure.milvus_store.MilvusStore object at 0x0000028E69F91400>[0m
    [36m│    │         └ [0m[36m[1m<class 'pymilvus.milvus_client.milvus_client.MilvusClient'>[0m
    [36m│    └ [0m[36m[1mNone[0m
    [36m└ [0m[36m[1m<src.infrastructure.milvus_store.MilvusStore object at 0x0000028E69F91400>[0m

  File "C:\bi ye she ji\backend\venv\Lib\site-packages\pymilvus\milvus_client\milvus_client.py", line 65, in __init__
    self._using = self._create_connection(
    │             │    └ <function MilvusClient._create_connection at 0x0000028E60909260>
    │             └ <pymilvus.milvus_client.milvus_client.MilvusClient object at 0x0000028E609D1C20>
    └ <pymilvus.milvus_client.milvus_client.MilvusClient object at 0x0000028E609D1C20>
  File "C:\bi ye she ji\backend\venv\Lib\site-packages\pymilvus\milvus_client\milvus_client.py", line 853, in _create_connection
    raise ex from ex
  File "C:\bi ye she ji\backend\venv\Lib\site-packages\pymilvus\milvus_client\milvus_client.py", line 850, in _create_connection
    connections.connect(using, user, password, db_name, token, uri=uri, **kwargs)
    │           │       │      │     │         │        │          │      └ {'timeout': None}
    │           │       │      │     │         │        │          └ 'http://localhost:19530'
    │           │       │      │     │         │        └ ''
    │           │       │      │     │         └ ''
    │           │       │      │     └ ''
    │           │       │      └ ''
    │           │       └ '3ac23bc7ff14497cbdf2604dae3c387b'
    │           └ <function Connections.connect at 0x0000028E6051A0C0>
    └ <pymilvus.orm.connections.Connections object at 0x0000028E604D12B0>
  File "C:\bi ye she ji\backend\venv\Lib\site-packages\pymilvus\orm\connections.py", line 461, in connect
    connect_milvus(**kwargs, user=user, password=password, token=token, db_name=db_name)
    │                │            │              │               │              └ ''
    │                │            │              │               └ ''
    │                │            │              └ ''
    │                │            └ ''
    │                └ {'timeout': None, 'address': 'localhost:19530'}
    └ <function Connections.connect.<locals>.connect_milvus at 0x0000028E6097E700>
  File "C:\bi ye she ji\backend\venv\Lib\site-packages\pymilvus\orm\connections.py", line 411, in connect_milvus
    gh._wait_for_channel_ready(timeout=timeout)
    │  │                               └ 10.0
    │  └ <function GrpcHandler._wait_for_channel_ready at 0x0000028E604BFC40>
    └ <pymilvus.client.grpc_handler.GrpcHandler object at 0x0000028E60BD92B0>
  File "C:\bi ye she ji\backend\venv\Lib\site-packages\pymilvus\client\grpc_handler.py", line 154, in _wait_for_channel_ready
    raise MilvusException(
          └ <class 'pymilvus.exceptions.MilvusException'>

[31m[1mpymilvus.exceptions.MilvusException[0m:[1m <MilvusException: (code=2, message=Fail connecting to server on localhost:19530, illegal connection params or server unavailable)>[0m


[1mThe above exception was the direct cause of the following exception:[0m


[33m[1mTraceback (most recent call last):[0m

  File "[32mC:\bi ye she ji\backend\src\application\[0m[32m[1mindexing_service.py[0m", line [33m83[0m, in [35mrun[0m
    [35m[1mawait[0m [1masyncio[0m[35m[1m.[0m[1mto_thread[0m[1m([0m[1mself[0m[35m[1m.[0m[1m_write_milvus[0m[1m,[0m [1mstr[0m[1m([0m[1mdoc[0m[35m[1m.[0m[1mid[0m[1m)[0m[1m,[0m [1mrows[0m[1m)[0m
    [36m      │       │         │    │                  │   │    └ [0m[36m[1m[VectorRow(id='b57e350c-d932-4adf-a1d3-1916e0086835', doc_id='3428d80a-22e4-43ac-8f47-c7ecfaadf8d9', kb_id='e570d5de-6fc5-45b...[0m
    [36m      │       │         │    │                  │   └ [0m[36m[1m<sqlalchemy.orm.attributes.InstrumentedAttribute object at 0x0000028E68DDE660>[0m
    [36m      │       │         │    │                  └ [0m[36m[1m<src.domain.models.Document object at 0x0000028E17455700>[0m
    [36m      │       │         │    └ [0m[36m[1m<function IndexingService._write_milvus at 0x0000028E6A012A20>[0m
    [36m      │       │         └ [0m[36m[1m<src.application.indexing_service.IndexingService object at 0x0000028E81647850>[0m
    [36m      │       └ [0m[36m[1m<function to_thread at 0x0000028E659B4540>[0m
    [36m      └ [0m[36m[1m<module 'asyncio' from 'C:\\Users\\Administrator\\AppData\\Local\\Programs\\Python\\Python313\\Lib\\asyncio\\__init__.py'>[0m

  File "C:\Users\Administrator\AppData\Local\Programs\Python\Python313\Lib\asyncio\threads.py", line 26, in to_thread
    return await loop.run_in_executor(None, func_call)
                 │    │                     └ functools.partial(<built-in method run of _contextvars.Context object at 0x0000028E60ED31C0>, <bound method IndexingService._...
                 │    └ <function BaseEventLoop.run_in_executor at 0x0000028E659AE2A0>
                 └ <ProactorEventLoop running=False closed=True debug=False>
  File "C:\Users\Administrator\AppData\Local\Programs\Python\Python313\Lib\concurrent\futures\thread.py", line 59, in run
    result = self.fn(*self.args, **self.kwargs)
             │        │            └ None
             │        └ None
             └ None

  File "[32mC:\bi ye she ji\backend\src\application\[0m[32m[1mindexing_service.py[0m", line [33m130[0m, in [35m_write_milvus[0m
    [1mself[0m[35m[1m.[0m[1mstore[0m[35m[1m.[0m[1mensure_collection[0m[1m([0m[1m)[0m
    [36m│    │     └ [0m[36m[1m<function MilvusStore.ensure_collection at 0x0000028E69436160>[0m
    [36m│    └ [0m[36m[1m<src.infrastructure.milvus_store.MilvusStore object at 0x0000028E69F91400>[0m
    [36m└ [0m[36m[1m<src.application.indexing_service.IndexingService object at 0x0000028E81647850>[0m

  File "[32mC:\bi ye she ji\backend\src\infrastructure\[0m[32m[1mmilvus_store.py[0m", line [33m99[0m, in [35mensure_collection[0m
    [1mclient[0m [35m[1m=[0m [1mself[0m[35m[1m.[0m[1m_get_client[0m[1m([0m[1m)[0m
    [36m         │    └ [0m[36m[1m<function MilvusStore._get_client at 0x0000028E694360C0>[0m
    [36m         └ [0m[36m[1m<src.infrastructure.milvus_store.MilvusStore object at 0x0000028E69F91400>[0m

  File "[32mC:\bi ye she ji\backend\src\infrastructure\[0m[32m[1mmilvus_store.py[0m", line [33m95[0m, in [35m_get_client[0m
    [35m[1mraise[0m [1mVectorStoreError[0m[1m([0m[36mf"[0m[36mMilvus 连接失败（[0m[1m{[0m[1mself[0m[35m[1m.[0m[1m_uri[0m[1m}[0m[36m）：[0m[1m{[0m[1mexc[0m[1m}[0m[36m"[0m[1m)[0m [35m[1mfrom[0m [1mexc[0m
    [36m      │                               │    └ [0m[36m[1m'http://localhost:19530'[0m
    [36m      │                               └ [0m[36m[1m<src.infrastructure.milvus_store.MilvusStore object at 0x0000028E69F91400>[0m
    [36m      └ [0m[36m[1m<class 'src.infrastructure.milvus_store.VectorStoreError'>[0m

[31m[1msrc.infrastructure.milvus_store.VectorStoreError[0m:[1m Milvus 连接失败（http://localhost:19530）：<MilvusException: (code=2, message=Fail connecting to server on localhost:19530, illegal connection params or server unavailable)>[0m


[1mThe above exception was the direct cause of the following exception:[0m


[33m[1mTraceback (most recent call last):[0m

  File "C:\Users\Administrator\AppData\Local\Programs\Python\Python313\Lib\threading.py", line 1015, in _bootstrap
    self._bootstrap_inner()
    │    └ <function Thread._bootstrap_inner at 0x0000028E636BD940>
    └ <WorkerThread(AnyIO worker thread, started 10184)>
  File "C:\Users\Administrator\AppData\Local\Programs\Python\Python313\Lib\threading.py", line 1044, in _bootstrap_inner
    self.run()
    │    └ <function WorkerThread.run at 0x0000028E6A001B20>
    └ <WorkerThread(AnyIO worker thread, started 10184)>
  File "C:\bi ye she ji\backend\venv\Lib\site-packages\anyio\_backends\_asyncio.py", line 1100, in run
    result = context.run(func, *args)
             │       │   │      └ ()
             │       │   └ functools.partial(<function _run_vectorize_safely at 0x0000028E6944EE80>, '3428d80a-22e4-43ac-8f47-c7ecfaadf8d9')
             │       └ <method 'run' of '_contextvars.Context' objects>
             └ <_contextvars.Context object at 0x0000028E1755DAC0>

> File "[32mC:\bi ye she ji\backend\src\api\routes\[0m[32m[1mdocuments.py[0m", line [33m131[0m, in [35m_run_vectorize_safely[0m
    [1mrun_vectorize[0m[1m([0m[1mdoc_id[0m[1m)[0m
    [36m│             └ [0m[36m[1m'3428d80a-22e4-43ac-8f47-c7ecfaadf8d9'[0m
    [36m└ [0m[36m[1m<function run_vectorize at 0x0000028E6A012200>[0m

  File "[32mC:\bi ye she ji\backend\src\application\[0m[32m[1mindex_runner.py[0m", line [33m43[0m, in [35mrun_vectorize[0m
    [35m[1mreturn[0m [1masyncio[0m[35m[1m.[0m[1mrun[0m[1m([0m[1m_run[0m[1m([0m[1m)[0m[1m)[0m
    [36m       │       │   └ [0m[36m[1m<function run_vectorize.<locals>._run at 0x0000028E6097D620>[0m
    [36m       │       └ [0m[36m[1m<function run at 0x0000028E655719E0>[0m
    [36m       └ [0m[36m[1m<module 'asyncio' from 'C:\\Users\\Administrator\\AppData\\Local\\Programs\\Python\\Python313\\Lib\\asyncio\\__init__.py'>[0m

  File "C:\Users\Administrator\AppData\Local\Programs\Python\Python313\Lib\asyncio\runners.py", line 196, in run
    return runner.run(main)
           │      │   └ <coroutine object run_vectorize.<locals>._run at 0x0000028E7C9E6AC0>
           │      └ <function Runner.run at 0x0000028E659AFEC0>
           └ <asyncio.runners.Runner object at 0x0000028E83A254D0>
  File "C:\Users\Administrator\AppData\Local\Programs\Python\Python313\Lib\asyncio\runners.py", line 119, in run
    return self._loop.run_until_complete(task)
           │    │                        └ <Task finished name='Task-430' coro=<run_vectorize.<locals>._run() done, defined at C:\bi ye she ji\backend\src\application\i...
           │    └ None
           └ <asyncio.runners.Runner object at 0x0000028E83A254D0>
  File "C:\Users\Administrator\AppData\Local\Programs\Python\Python313\Lib\asyncio\base_events.py", line 725, in run_until_complete
    return future.result()
           │      └ <method 'result' of '_asyncio.Task' objects>
           └ <Task finished name='Task-430' coro=<run_vectorize.<locals>._run() done, defined at C:\bi ye she ji\backend\src\application\i...

  File "[32mC:\bi ye she ji\backend\src\application\[0m[32m[1mindex_runner.py[0m", line [33m32[0m, in [35m_run[0m
    [1mdoc[0m [35m[1m=[0m [35m[1mawait[0m [1mservice[0m[35m[1m.[0m[1mrun[0m[1m([0m[1muuid[0m[35m[1m.[0m[1mUUID[0m[1m([0m[1mdoc_id[0m[1m)[0m[1m)[0m
    [36m            │       │   │    │    └ [0m[36m[1m'3428d80a-22e4-43ac-8f47-c7ecfaadf8d9'[0m
    [36m            │       │   │    └ [0m[36m[1m<class 'uuid.UUID'>[0m
    [36m            │       │   └ [0m[36m[1m<module 'uuid' from 'C:\\Users\\Administrator\\AppData\\Local\\Programs\\Python\\Python313\\Lib\\uuid.py'>[0m
    [36m            │       └ [0m[36m[1m<function IndexingService.run at 0x0000028E6A0128E0>[0m
    [36m            └ [0m[36m[1m<src.application.indexing_service.IndexingService object at 0x0000028E81647850>[0m

  File "[32mC:\bi ye she ji\backend\src\application\[0m[32m[1mindexing_service.py[0m", line [33m87[0m, in [35mrun[0m
    [35m[1mraise[0m [1mAppException[0m[1m([0m[34m[1m422[0m[1m,[0m [36mf"[0m[36m向量化失败：[0m[1m{[0m[1mexc[0m[1m}[0m[36m"[0m[1m)[0m [35m[1mfrom[0m [1mexc[0m
    [36m      └ [0m[36m[1m<class 'src.core.exceptions.AppException'>[0m

[31m[1msrc.core.exceptions.AppException[0m:[1m 向量化失败：Milvus 连接失败（http://localhost:19530）：<MilvusException: (code=2, message=Fail connecting to server on localhost:19530, illegal connection params or server unavailable)>[0m
[32m2026-09-06 11:52:25.570[0m | [1mINFO    [0m | [36msrc.application.index_runner[0m:[36m41[0m - [1m开始向量化文档 doc_id=e3cf3c62-7bad-4260-9337-98dd066ba6af[0m
2026-09-06 11:52:33,356 [ERROR][_create_connection]: Failed to create new connection using: a40b34e681ef4e8eb759848f697100e2 (milvus_client.py:852)
[32m2026-09-06 11:52:33.365[0m | [31m[1mERROR   [0m | [36msrc.application.indexing_service[0m:[36m85[0m - [31m[1m文档向量化失败 doc_id=04224554-f674-43b5-814e-64106e119bec: Milvus 连接失败（http://localhost:19530）：<MilvusException: (code=2, message=Fail connecting to server on localhost:19530, illegal connection params or server unavailable)>[0m
[32m2026-09-06 11:52:33.381[0m | [31m[1mERROR   [0m | [36msrc.api.routes.documents[0m:[36m133[0m - [31m[1m后台向量化任务执行失败 doc_id=04224554-f674-43b5-814e-64106e119bec[0m
[33m[1mTraceback (most recent call last):[0m

  File "[32mC:\bi ye she ji\backend\src\infrastructure\[0m[32m[1mmilvus_store.py[0m", line [33m93[0m, in [35m_get_client[0m
    [1mself[0m[35m[1m.[0m[1m_client[0m [35m[1m=[0m [1mMilvusClient[0m[1m([0m[1muri[0m[35m[1m=[0m[1mself[0m[35m[1m.[0m[1m_uri[0m[1m)[0m
    [36m│    │         │                │    └ [0m[36m[1m'http://localhost:19530'[0m
    [36m│    │         │                └ [0m[36m[1m<src.infrastructure.milvus_store.MilvusStore object at 0x0000028E69F91400>[0m
    [36m│    │         └ [0m[36m[1m<class 'pymilvus.milvus_client.milvus_client.MilvusClient'>[0m
    [36m│    └ [0m[36m[1mNone[0m
    [36m└ [0m[36m[1m<src.infrastructure.milvus_store.MilvusStore object at 0x0000028E69F91400>[0m

  File "C:\bi ye she ji\backend\venv\Lib\site-packages\pymilvus\milvus_client\milvus_client.py", line 65, in __init__
    self._using = self._create_connection(
    │             │    └ <function MilvusClient._create_connection at 0x0000028E60909260>
    │             └ <pymilvus.milvus_client.milvus_client.MilvusClient object at 0x0000028E60B23570>
    └ <pymilvus.milvus_client.milvus_client.MilvusClient object at 0x0000028E60B23570>
  File "C:\bi ye she ji\backend\venv\Lib\site-packages\pymilvus\milvus_client\milvus_client.py", line 853, in _create_connection
    raise ex from ex
  File "C:\bi ye she ji\backend\venv\Lib\site-packages\pymilvus\milvus_client\milvus_client.py", line 850, in _create_connection
    connections.connect(using, user, password, db_name, token, uri=uri, **kwargs)
    │           │       │      │     │         │        │          │      └ {'timeout': None}
    │           │       │      │     │         │        │          └ 'http://localhost:19530'
    │           │       │      │     │         │        └ ''
    │           │       │      │     │         └ ''
    │           │       │      │     └ ''
    │           │       │      └ ''
    │           │       └ 'a40b34e681ef4e8eb759848f697100e2'
    │           └ <function Connections.connect at 0x0000028E6051A0C0>
    └ <pymilvus.orm.connections.Connections object at 0x0000028E604D12B0>
  File "C:\bi ye she ji\backend\venv\Lib\site-packages\pymilvus\orm\connections.py", line 461, in connect
    connect_milvus(**kwargs, user=user, password=password, token=token, db_name=db_name)
    │                │            │              │               │              └ ''
    │                │            │              │               └ ''
    │                │            │              └ ''
    │                │            └ ''
    │                └ {'timeout': None, 'address': 'localhost:19530'}
    └ <function Connections.connect.<locals>.connect_milvus at 0x0000028E60B62E80>
  File "C:\bi ye she ji\backend\venv\Lib\site-packages\pymilvus\orm\connections.py", line 411, in connect_milvus
    gh._wait_for_channel_ready(timeout=timeout)
    │  │                               └ 10.0
    │  └ <function GrpcHandler._wait_for_channel_ready at 0x0000028E604BFC40>
    └ <pymilvus.client.grpc_handler.GrpcHandler object at 0x0000028E7CADCE50>
  File "C:\bi ye she ji\backend\venv\Lib\site-packages\pymilvus\client\grpc_handler.py", line 154, in _wait_for_channel_ready
    raise MilvusException(
          └ <class 'pymilvus.exceptions.MilvusException'>

[31m[1mpymilvus.exceptions.MilvusException[0m:[1m <MilvusException: (code=2, message=Fail connecting to server on localhost:19530, illegal connection params or server unavailable)>[0m


[1mThe above exception was the direct cause of the following exception:[0m


[33m[1mTraceback (most recent call last):[0m

  File "[32mC:\bi ye she ji\backend\src\application\[0m[32m[1mindexing_service.py[0m", line [33m83[0m, in [35mrun[0m
    [35m[1mawait[0m [1masyncio[0m[35m[1m.[0m[1mto_thread[0m[1m([0m[1mself[0m[35m[1m.[0m[1m_write_milvus[0m[1m,[0m [1mstr[0m[1m([0m[1mdoc[0m[35m[1m.[0m[1mid[0m[1m)[0m[1m,[0m [1mrows[0m[1m)[0m
    [36m      │       │         │    │                  │   │    └ [0m[36m[1m[VectorRow(id='1017b632-8ffc-4656-9d02-b9fa82cc6fae', doc_id='04224554-f674-43b5-814e-64106e119bec', kb_id='e570d5de-6fc5-45b...[0m
    [36m      │       │         │    │                  │   └ [0m[36m[1m<sqlalchemy.orm.attributes.InstrumentedAttribute object at 0x0000028E68DDE660>[0m
    [36m      │       │         │    │                  └ [0m[36m[1m<src.domain.models.Document object at 0x0000028E0289C470>[0m
    [36m      │       │         │    └ [0m[36m[1m<function IndexingService._write_milvus at 0x0000028E6A012A20>[0m
    [36m      │       │         └ [0m[36m[1m<src.application.indexing_service.IndexingService object at 0x0000028E01CBC980>[0m
    [36m      │       └ [0m[36m[1m<function to_thread at 0x0000028E659B4540>[0m
    [36m      └ [0m[36m[1m<module 'asyncio' from 'C:\\Users\\Administrator\\AppData\\Local\\Programs\\Python\\Python313\\Lib\\asyncio\\__init__.py'>[0m

  File "C:\Users\Administrator\AppData\Local\Programs\Python\Python313\Lib\asyncio\threads.py", line 26, in to_thread
    return await loop.run_in_executor(None, func_call)
                 │    │                     └ functools.partial(<built-in method run of _contextvars.Context object at 0x0000028E025E4EC0>, <bound method IndexingService._...
                 │    └ <function BaseEventLoop.run_in_executor at 0x0000028E659AE2A0>
                 └ <ProactorEventLoop running=False closed=True debug=False>
  File "C:\Users\Administrator\AppData\Local\Programs\Python\Python313\Lib\concurrent\futures\thread.py", line 59, in run
    result = self.fn(*self.args, **self.kwargs)
             │        │            └ None
             │        └ None
             └ None

  File "[32mC:\bi ye she ji\backend\src\application\[0m[32m[1mindexing_service.py[0m", line [33m130[0m, in [35m_write_milvus[0m
    [1mself[0m[35m[1m.[0m[1mstore[0m[35m[1m.[0m[1mensure_collection[0m[1m([0m[1m)[0m
    [36m│    │     └ [0m[36m[1m<function MilvusStore.ensure_collection at 0x0000028E69436160>[0m
    [36m│    └ [0m[36m[1m<src.infrastructure.milvus_store.MilvusStore object at 0x0000028E69F91400>[0m
    [36m└ [0m[36m[1m<src.application.indexing_service.IndexingService object at 0x0000028E01CBC980>[0m

  File "[32mC:\bi ye she ji\backend\src\infrastructure\[0m[32m[1mmilvus_store.py[0m", line [33m99[0m, in [35mensure_collection[0m
    [1mclient[0m [35m[1m=[0m [1mself[0m[35m[1m.[0m[1m_get_client[0m[1m([0m[1m)[0m
    [36m         │    └ [0m[36m[1m<function MilvusStore._get_client at 0x0000028E694360C0>[0m
    [36m         └ [0m[36m[1m<src.infrastructure.milvus_store.MilvusStore object at 0x0000028E69F91400>[0m

  File "[32mC:\bi ye she ji\backend\src\infrastructure\[0m[32m[1mmilvus_store.py[0m", line [33m95[0m, in [35m_get_client[0m
    [35m[1mraise[0m [1mVectorStoreError[0m[1m([0m[36mf"[0m[36mMilvus 连接失败（[0m[1m{[0m[1mself[0m[35m[1m.[0m[1m_uri[0m[1m}[0m[36m）：[0m[1m{[0m[1mexc[0m[1m}[0m[36m"[0m[1m)[0m [35m[1mfrom[0m [1mexc[0m
    [36m      │                               │    └ [0m[36m[1m'http://localhost:19530'[0m
    [36m      │                               └ [0m[36m[1m<src.infrastructure.milvus_store.MilvusStore object at 0x0000028E69F91400>[0m
    [36m      └ [0m[36m[1m<class 'src.infrastructure.milvus_store.VectorStoreError'>[0m

[31m[1msrc.infrastructure.milvus_store.VectorStoreError[0m:[1m Milvus 连接失败（http://localhost:19530）：<MilvusException: (code=2, message=Fail connecting to server on localhost:19530, illegal connection params or server unavailable)>[0m


[1mThe above exception was the direct cause of the following exception:[0m


[33m[1mTraceback (most recent call last):[0m

  File "C:\Users\Administrator\AppData\Local\Programs\Python\Python313\Lib\threading.py", line 1015, in _bootstrap
    self._bootstrap_inner()
    │    └ <function Thread._bootstrap_inner at 0x0000028E636BD940>
    └ <WorkerThread(AnyIO worker thread, started 13272)>
  File "C:\Users\Administrator\AppData\Local\Programs\Python\Python313\Lib\threading.py", line 1044, in _bootstrap_inner
    self.run()
    │    └ <function WorkerThread.run at 0x0000028E6A001B20>
    └ <WorkerThread(AnyIO worker thread, started 13272)>
  File "C:\bi ye she ji\backend\venv\Lib\site-packages\anyio\_backends\_asyncio.py", line 1100, in run
    result = context.run(func, *args)
             │       │   │      └ ()
             │       │   └ functools.partial(<function _run_vectorize_safely at 0x0000028E6944EE80>, '04224554-f674-43b5-814e-64106e119bec')
             │       └ <method 'run' of '_contextvars.Context' objects>
             └ <_contextvars.Context object at 0x0000028E17676040>

> File "[32mC:\bi ye she ji\backend\src\api\routes\[0m[32m[1mdocuments.py[0m", line [33m131[0m, in [35m_run_vectorize_safely[0m
    [1mrun_vectorize[0m[1m([0m[1mdoc_id[0m[1m)[0m
    [36m│             └ [0m[36m[1m'04224554-f674-43b5-814e-64106e119bec'[0m
    [36m└ [0m[36m[1m<function run_vectorize at 0x0000028E6A012200>[0m

  File "[32mC:\bi ye she ji\backend\src\application\[0m[32m[1mindex_runner.py[0m", line [33m43[0m, in [35mrun_vectorize[0m
    [35m[1mreturn[0m [1masyncio[0m[35m[1m.[0m[1mrun[0m[1m([0m[1m_run[0m[1m([0m[1m)[0m[1m)[0m
    [36m       │       │   └ [0m[36m[1m<function run_vectorize.<locals>._run at 0x0000028E60BC2B60>[0m
    [36m       │       └ [0m[36m[1m<function run at 0x0000028E655719E0>[0m
    [36m       └ [0m[36m[1m<module 'asyncio' from 'C:\\Users\\Administrator\\AppData\\Local\\Programs\\Python\\Python313\\Lib\\asyncio\\__init__.py'>[0m

  File "C:\Users\Administrator\AppData\Local\Programs\Python\Python313\Lib\asyncio\runners.py", line 196, in run
    return runner.run(main)
           │      │   └ <coroutine object run_vectorize.<locals>._run at 0x0000028E0928B9A0>
           │      └ <function Runner.run at 0x0000028E659AFEC0>
           └ <asyncio.runners.Runner object at 0x0000028E028716D0>
  File "C:\Users\Administrator\AppData\Local\Programs\Python\Python313\Lib\asyncio\runners.py", line 119, in run
    return self._loop.run_until_complete(task)
           │    │                        └ <Task finished name='Task-437' coro=<run_vectorize.<locals>._run() done, defined at C:\bi ye she ji\backend\src\application\i...
           │    └ None
           └ <asyncio.runners.Runner object at 0x0000028E028716D0>
  File "C:\Users\Administrator\AppData\Local\Programs\Python\Python313\Lib\asyncio\base_events.py", line 725, in run_until_complete
    return future.result()
           │      └ <method 'result' of '_asyncio.Task' objects>
           └ <Task finished name='Task-437' coro=<run_vectorize.<locals>._run() done, defined at C:\bi ye she ji\backend\src\application\i...

  File "[32mC:\bi ye she ji\backend\src\application\[0m[32m[1mindex_runner.py[0m", line [33m32[0m, in [35m_run[0m
    [1mdoc[0m [35m[1m=[0m [35m[1mawait[0m [1mservice[0m[35m[1m.[0m[1mrun[0m[1m([0m[1muuid[0m[35m[1m.[0m[1mUUID[0m[1m([0m[1mdoc_id[0m[1m)[0m[1m)[0m
    [36m            │       │   │    │    └ [0m[36m[1m'04224554-f674-43b5-814e-64106e119bec'[0m
    [36m            │       │   │    └ [0m[36m[1m<class 'uuid.UUID'>[0m
    [36m            │       │   └ [0m[36m[1m<module 'uuid' from 'C:\\Users\\Administrator\\AppData\\Local\\Programs\\Python\\Python313\\Lib\\uuid.py'>[0m
    [36m            │       └ [0m[36m[1m<function IndexingService.run at 0x0000028E6A0128E0>[0m
    [36m            └ [0m[36m[1m<src.application.indexing_service.IndexingService object at 0x0000028E01CBC980>[0m

  File "[32mC:\bi ye she ji\backend\src\application\[0m[32m[1mindexing_service.py[0m", line [33m87[0m, in [35mrun[0m
    [35m[1mraise[0m [1mAppException[0m[1m([0m[34m[1m422[0m[1m,[0m [36mf"[0m[36m向量化失败：[0m[1m{[0m[1mexc[0m[1m}[0m[36m"[0m[1m)[0m [35m[1mfrom[0m [1mexc[0m
    [36m      └ [0m[36m[1m<class 'src.core.exceptions.AppException'>[0m

[31m[1msrc.core.exceptions.AppException[0m:[1m 向量化失败：Milvus 连接失败（http://localhost:19530）：<MilvusException: (code=2, message=Fail connecting to server on localhost:19530, illegal connection params or server unavailable)>[0m
[32m2026-09-06 11:52:33.391[0m | [1mINFO    [0m | [36msrc.application.index_runner[0m:[36m41[0m - [1m开始向量化文档 doc_id=7ab9498a-e768-4e3d-b6dc-6365bac91997[0m
2026-09-06 11:52:41,409 [ERROR][_create_connection]: Failed to create new connection using: fbf1abf8f5bd44afa3a246eab462dec6 (milvus_client.py:852)
[32m2026-09-06 11:52:41.417[0m | [31m[1mERROR   [0m | [36msrc.application.indexing_service[0m:[36m85[0m - [31m[1m文档向量化失败 doc_id=4f422869-551a-4ebf-8098-da097a57050b: Milvus 连接失败（http://localhost:19530）：<MilvusException: (code=2, message=Fail connecting to server on localhost:19530, illegal connection params or server unavailable)>[0m
[32m2026-09-06 11:52:41.433[0m | [31m[1mERROR   [0m | [36msrc.api.routes.documents[0m:[36m133[0m - [31m[1m后台向量化任务执行失败 doc_id=4f422869-551a-4ebf-8098-da097a57050b[0m
[33m[1mTraceback (most recent call last):[0m

  File "[32mC:\bi ye she ji\backend\src\infrastructure\[0m[32m[1mmilvus_store.py[0m", line [33m93[0m, in [35m_get_client[0m
    [1mself[0m[35m[1m.[0m[1m_client[0m [35m[1m=[0m [1mMilvusClient[0m[1m([0m[1muri[0m[35m[1m=[0m[1mself[0m[35m[1m.[0m[1m_uri[0m[1m)[0m
    [36m│    │         │                │    └ [0m[36m[1m'http://localhost:19530'[0m
    [36m│    │         │                └ [0m[36m[1m<src.infrastructure.milvus_store.MilvusStore object at 0x0000028E69F91400>[0m
    [36m│    │         └ [0m[36m[1m<class 'pymilvus.milvus_client.milvus_client.MilvusClient'>[0m
    [36m│    └ [0m[36m[1mNone[0m
    [36m└ [0m[36m[1m<src.infrastructure.milvus_store.MilvusStore object at 0x0000028E69F91400>[0m

  File "C:\bi ye she ji\backend\venv\Lib\site-packages\pymilvus\milvus_client\milvus_client.py", line 65, in __init__
    self._using = self._create_connection(
    │             │    └ <function MilvusClient._create_connection at 0x0000028E60909260>
    │             └ <pymilvus.milvus_client.milvus_client.MilvusClient object at 0x0000028E689CC730>
    └ <pymilvus.milvus_client.milvus_client.MilvusClient object at 0x0000028E689CC730>
  File "C:\bi ye she ji\backend\venv\Lib\site-packages\pymilvus\milvus_client\milvus_client.py", line 853, in _create_connection
    raise ex from ex
  File "C:\bi ye she ji\backend\venv\Lib\site-packages\pymilvus\milvus_client\milvus_client.py", line 850, in _create_connection
    connections.connect(using, user, password, db_name, token, uri=uri, **kwargs)
    │           │       │      │     │         │        │          │      └ {'timeout': None}
    │           │       │      │     │         │        │          └ 'http://localhost:19530'
    │           │       │      │     │         │        └ ''
    │           │       │      │     │         └ ''
    │           │       │      │     └ ''
    │           │       │      └ ''
    │           │       └ 'fbf1abf8f5bd44afa3a246eab462dec6'
    │           └ <function Connections.connect at 0x0000028E6051A0C0>
    └ <pymilvus.orm.connections.Connections object at 0x0000028E604D12B0>
  File "C:\bi ye she ji\backend\venv\Lib\site-packages\pymilvus\orm\connections.py", line 461, in connect
    connect_milvus(**kwargs, user=user, password=password, token=token, db_name=db_name)
    │                │            │              │               │              └ ''
    │                │            │              │               └ ''
    │                │            │              └ ''
    │                │            └ ''
    │                └ {'timeout': None, 'address': 'localhost:19530'}
    └ <function Connections.connect.<locals>.connect_milvus at 0x0000028E01B4C220>
  File "C:\bi ye she ji\backend\venv\Lib\site-packages\pymilvus\orm\connections.py", line 411, in connect_milvus
    gh._wait_for_channel_ready(timeout=timeout)
    │  │                               └ 10.0
    │  └ <function GrpcHandler._wait_for_channel_ready at 0x0000028E604BFC40>
    └ <pymilvus.client.grpc_handler.GrpcHandler object at 0x0000028E1756AB30>
  File "C:\bi ye she ji\backend\venv\Lib\site-packages\pymilvus\client\grpc_handler.py", line 154, in _wait_for_channel_ready
    raise MilvusException(
          └ <class 'pymilvus.exceptions.MilvusException'>

[31m[1mpymilvus.exceptions.MilvusException[0m:[1m <MilvusException: (code=2, message=Fail connecting to server on localhost:19530, illegal connection params or server unavailable)>[0m


[1mThe above exception was the direct cause of the following exception:[0m


[33m[1mTraceback (most recent call last):[0m

  File "[32mC:\bi ye she ji\backend\src\application\[0m[32m[1mindexing_service.py[0m", line [33m83[0m, in [35mrun[0m
    [35m[1mawait[0m [1masyncio[0m[35m[1m.[0m[1mto_thread[0m[1m([0m[1mself[0m[35m[1m.[0m[1m_write_milvus[0m[1m,[0m [1mstr[0m[1m([0m[1mdoc[0m[35m[1m.[0m[1mid[0m[1m)[0m[1m,[0m [1mrows[0m[1m)[0m
    [36m      │       │         │    │                  │   │    └ [0m[36m[1m[VectorRow(id='739e3862-6826-47cc-8e03-3e3c9797b95b', doc_id='4f422869-551a-4ebf-8098-da097a57050b', kb_id='33d70e50-b1bd-456...[0m
    [36m      │       │         │    │                  │   └ [0m[36m[1m<sqlalchemy.orm.attributes.InstrumentedAttribute object at 0x0000028E68DDE660>[0m
    [36m      │       │         │    │                  └ [0m[36m[1m<src.domain.models.Document object at 0x0000028E6944A0A0>[0m
    [36m      │       │         │    └ [0m[36m[1m<function IndexingService._write_milvus at 0x0000028E6A012A20>[0m
    [36m      │       │         └ [0m[36m[1m<src.application.indexing_service.IndexingService object at 0x0000028E81647230>[0m
    [36m      │       └ [0m[36m[1m<function to_thread at 0x0000028E659B4540>[0m
    [36m      └ [0m[36m[1m<module 'asyncio' from 'C:\\Users\\Administrator\\AppData\\Local\\Programs\\Python\\Python313\\Lib\\asyncio\\__init__.py'>[0m

  File "C:\Users\Administrator\AppData\Local\Programs\Python\Python313\Lib\asyncio\threads.py", line 26, in to_thread
    return await loop.run_in_executor(None, func_call)
                 │    │                     └ functools.partial(<built-in method run of _contextvars.Context object at 0x0000028E025E4780>, <bound method IndexingService._...
                 │    └ <function BaseEventLoop.run_in_executor at 0x0000028E659AE2A0>
                 └ <ProactorEventLoop running=False closed=True debug=False>
  File "C:\Users\Administrator\AppData\Local\Programs\Python\Python313\Lib\concurrent\futures\thread.py", line 59, in run
    result = self.fn(*self.args, **self.kwargs)
             │        │            └ None
             │        └ None
             └ None

  File "[32mC:\bi ye she ji\backend\src\application\[0m[32m[1mindexing_service.py[0m", line [33m130[0m, in [35m_write_milvus[0m
    [1mself[0m[35m[1m.[0m[1mstore[0m[35m[1m.[0m[1mensure_collection[0m[1m([0m[1m)[0m
    [36m│    │     └ [0m[36m[1m<function MilvusStore.ensure_collection at 0x0000028E69436160>[0m
    [36m│    └ [0m[36m[1m<src.infrastructure.milvus_store.MilvusStore object at 0x0000028E69F91400>[0m
    [36m└ [0m[36m[1m<src.application.indexing_service.IndexingService object at 0x0000028E81647230>[0m

  File "[32mC:\bi ye she ji\backend\src\infrastructure\[0m[32m[1mmilvus_store.py[0m", line [33m99[0m, in [35mensure_collection[0m
    [1mclient[0m [35m[1m=[0m [1mself[0m[35m[1m.[0m[1m_get_client[0m[1m([0m[1m)[0m
    [36m         │    └ [0m[36m[1m<function MilvusStore._get_client at 0x0000028E694360C0>[0m
    [36m         └ [0m[36m[1m<src.infrastructure.milvus_store.MilvusStore object at 0x0000028E69F91400>[0m

  File "[32mC:\bi ye she ji\backend\src\infrastructure\[0m[32m[1mmilvus_store.py[0m", line [33m95[0m, in [35m_get_client[0m
    [35m[1mraise[0m [1mVectorStoreError[0m[1m([0m[36mf"[0m[36mMilvus 连接失败（[0m[1m{[0m[1mself[0m[35m[1m.[0m[1m_uri[0m[1m}[0m[36m）：[0m[1m{[0m[1mexc[0m[1m}[0m[36m"[0m[1m)[0m [35m[1mfrom[0m [1mexc[0m
    [36m      │                               │    └ [0m[36m[1m'http://localhost:19530'[0m
    [36m      │                               └ [0m[36m[1m<src.infrastructure.milvus_store.MilvusStore object at 0x0000028E69F91400>[0m
    [36m      └ [0m[36m[1m<class 'src.infrastructure.milvus_store.VectorStoreError'>[0m

[31m[1msrc.infrastructure.milvus_store.VectorStoreError[0m:[1m Milvus 连接失败（http://localhost:19530）：<MilvusException: (code=2, message=Fail connecting to server on localhost:19530, illegal connection params or server unavailable)>[0m


[1mThe above exception was the direct cause of the following exception:[0m


[33m[1mTraceback (most recent call last):[0m

  File "C:\Users\Administrator\AppData\Local\Programs\Python\Python313\Lib\threading.py", line 1015, in _bootstrap
    self._bootstrap_inner()
    │    └ <function Thread._bootstrap_inner at 0x0000028E636BD940>
    └ <WorkerThread(AnyIO worker thread, started 16012)>
  File "C:\Users\Administrator\AppData\Local\Programs\Python\Python313\Lib\threading.py", line 1044, in _bootstrap_inner
    self.run()
    │    └ <function WorkerThread.run at 0x0000028E6A001B20>
    └ <WorkerThread(AnyIO worker thread, started 16012)>
  File "C:\bi ye she ji\backend\venv\Lib\site-packages\anyio\_backends\_asyncio.py", line 1100, in run
    result = context.run(func, *args)
             │       │   │      └ ()
             │       │   └ functools.partial(<function _run_vectorize_safely at 0x0000028E6944EE80>, '4f422869-551a-4ebf-8098-da097a57050b')
             │       └ <method 'run' of '_contextvars.Context' objects>
             └ <_contextvars.Context object at 0x0000028E614805C0>

> File "[32mC:\bi ye she ji\backend\src\api\routes\[0m[32m[1mdocuments.py[0m", line [33m131[0m, in [35m_run_vectorize_safely[0m
    [1mrun_vectorize[0m[1m([0m[1mdoc_id[0m[1m)[0m
    [36m│             └ [0m[36m[1m'4f422869-551a-4ebf-8098-da097a57050b'[0m
    [36m└ [0m[36m[1m<function run_vectorize at 0x0000028E6A012200>[0m

  File "[32mC:\bi ye she ji\backend\src\application\[0m[32m[1mindex_runner.py[0m", line [33m43[0m, in [35mrun_vectorize[0m
    [35m[1mreturn[0m [1masyncio[0m[35m[1m.[0m[1mrun[0m[1m([0m[1m_run[0m[1m([0m[1m)[0m[1m)[0m
    [36m       │       │   └ [0m[36m[1m<function run_vectorize.<locals>._run at 0x0000028E815B4E00>[0m
    [36m       │       └ [0m[36m[1m<function run at 0x0000028E655719E0>[0m
    [36m       └ [0m[36m[1m<module 'asyncio' from 'C:\\Users\\Administrator\\AppData\\Local\\Programs\\Python\\Python313\\Lib\\asyncio\\__init__.py'>[0m

  File "C:\Users\Administrator\AppData\Local\Programs\Python\Python313\Lib\asyncio\runners.py", line 196, in run
    return runner.run(main)
           │      │   └ <coroutine object run_vectorize.<locals>._run at 0x0000028E0269D580>
           │      └ <function Runner.run at 0x0000028E659AFEC0>
           └ <asyncio.runners.Runner object at 0x0000028E81652DD0>
  File "C:\Users\Administrator\AppData\Local\Programs\Python\Python313\Lib\asyncio\runners.py", line 119, in run
    return self._loop.run_until_complete(task)
           │    │                        └ <Task finished name='Task-444' coro=<run_vectorize.<locals>._run() done, defined at C:\bi ye she ji\backend\src\application\i...
           │    └ None
           └ <asyncio.runners.Runner object at 0x0000028E81652DD0>
  File "C:\Users\Administrator\AppData\Local\Programs\Python\Python313\Lib\asyncio\base_events.py", line 725, in run_until_complete
    return future.result()
           │      └ <method 'result' of '_asyncio.Task' objects>
           └ <Task finished name='Task-444' coro=<run_vectorize.<locals>._run() done, defined at C:\bi ye she ji\backend\src\application\i...

  File "[32mC:\bi ye she ji\backend\src\application\[0m[32m[1mindex_runner.py[0m", line [33m32[0m, in [35m_run[0m
    [1mdoc[0m [35m[1m=[0m [35m[1mawait[0m [1mservice[0m[35m[1m.[0m[1mrun[0m[1m([0m[1muuid[0m[35m[1m.[0m[1mUUID[0m[1m([0m[1mdoc_id[0m[1m)[0m[1m)[0m
    [36m            │       │   │    │    └ [0m[36m[1m'4f422869-551a-4ebf-8098-da097a57050b'[0m
    [36m            │       │   │    └ [0m[36m[1m<class 'uuid.UUID'>[0m
    [36m            │       │   └ [0m[36m[1m<module 'uuid' from 'C:\\Users\\Administrator\\AppData\\Local\\Programs\\Python\\Python313\\Lib\\uuid.py'>[0m
    [36m            │       └ [0m[36m[1m<function IndexingService.run at 0x0000028E6A0128E0>[0m
    [36m            └ [0m[36m[1m<src.application.indexing_service.IndexingService object at 0x0000028E81647230>[0m

  File "[32mC:\bi ye she ji\backend\src\application\[0m[32m[1mindexing_service.py[0m", line [33m87[0m, in [35mrun[0m
    [35m[1mraise[0m [1mAppException[0m[1m([0m[34m[1m422[0m[1m,[0m [36mf"[0m[36m向量化失败：[0m[1m{[0m[1mexc[0m[1m}[0m[36m"[0m[1m)[0m [35m[1mfrom[0m [1mexc[0m
    [36m      └ [0m[36m[1m<class 'src.core.exceptions.AppException'>[0m

[31m[1msrc.core.exceptions.AppException[0m:[1m 向量化失败：Milvus 连接失败（http://localhost:19530）：<MilvusException: (code=2, message=Fail connecting to server on localhost:19530, illegal connection params or server unavailable)>[0m
[32m2026-09-06 11:52:41.452[0m | [1mINFO    [0m | [36msrc.application.index_runner[0m:[36m41[0m - [1m开始向量化文档 doc_id=feef02aa-f1f9-4346-9abe-972e6c175f30[0m
2026-09-06 11:52:49,819 [ERROR][_create_connection]: Failed to create new connection using: 46a8da999fdc4483bc89cd405145db1d (milvus_client.py:852)
[32m2026-09-06 11:52:49.820[0m | [31m[1mERROR   [0m | [36msrc.application.indexing_service[0m:[36m85[0m - [31m[1m文档向量化失败 doc_id=bf39e4a8-1aca-43d9-b0dc-e0fd6f61544c: Milvus 连接失败（http://localhost:19530）：<MilvusException: (code=2, message=Fail connecting to server on localhost:19530, illegal connection params or server unavailable)>[0m
[32m2026-09-06 11:52:49.833[0m | [31m[1mERROR   [0m | [36msrc.api.routes.documents[0m:[36m133[0m - [31m[1m后台向量化任务执行失败 doc_id=bf39e4a8-1aca-43d9-b0dc-e0fd6f61544c[0m
[33m[1mTraceback (most recent call last):[0m

  File "[32mC:\bi ye she ji\backend\src\infrastructure\[0m[32m[1mmilvus_store.py[0m", line [33m93[0m, in [35m_get_client[0m
    [1mself[0m[35m[1m.[0m[1m_client[0m [35m[1m=[0m [1mMilvusClient[0m[1m([0m[1muri[0m[35m[1m=[0m[1mself[0m[35m[1m.[0m[1m_uri[0m[1m)[0m
    [36m│    │         │                │    └ [0m[36m[1m'http://localhost:19530'[0m
    [36m│    │         │                └ [0m[36m[1m<src.infrastructure.milvus_store.MilvusStore object at 0x0000028E69F91400>[0m
    [36m│    │         └ [0m[36m[1m<class 'pymilvus.milvus_client.milvus_client.MilvusClient'>[0m
    [36m│    └ [0m[36m[1mNone[0m
    [36m└ [0m[36m[1m<src.infrastructure.milvus_store.MilvusStore object at 0x0000028E69F91400>[0m

  File "C:\bi ye she ji\backend\venv\Lib\site-packages\pymilvus\milvus_client\milvus_client.py", line 65, in __init__
    self._using = self._create_connection(
    │             │    └ <function MilvusClient._create_connection at 0x0000028E60909260>
    │             └ <pymilvus.milvus_client.milvus_client.MilvusClient object at 0x0000028E83A3DB80>
    └ <pymilvus.milvus_client.milvus_client.MilvusClient object at 0x0000028E83A3DB80>
  File "C:\bi ye she ji\backend\venv\Lib\site-packages\pymilvus\milvus_client\milvus_client.py", line 853, in _create_connection
    raise ex from ex
  File "C:\bi ye she ji\backend\venv\Lib\site-packages\pymilvus\milvus_client\milvus_client.py", line 850, in _create_connection
    connections.connect(using, user, password, db_name, token, uri=uri, **kwargs)
    │           │       │      │     │         │        │          │      └ {'timeout': None}
    │           │       │      │     │         │        │          └ 'http://localhost:19530'
    │           │       │      │     │         │        └ ''
    │           │       │      │     │         └ ''
    │           │       │      │     └ ''
    │           │       │      └ ''
    │           │       └ '46a8da999fdc4483bc89cd405145db1d'
    │           └ <function Connections.connect at 0x0000028E6051A0C0>
    └ <pymilvus.orm.connections.Connections object at 0x0000028E604D12B0>
  File "C:\bi ye she ji\backend\venv\Lib\site-packages\pymilvus\orm\connections.py", line 461, in connect
    connect_milvus(**kwargs, user=user, password=password, token=token, db_name=db_name)
    │                │            │              │               │              └ ''
    │                │            │              │               └ ''
    │                │            │              └ ''
    │                │            └ ''
    │                └ {'timeout': None, 'address': 'localhost:19530'}
    └ <function Connections.connect.<locals>.connect_milvus at 0x0000028E60B311C0>
  File "C:\bi ye she ji\backend\venv\Lib\site-packages\pymilvus\orm\connections.py", line 411, in connect_milvus
    gh._wait_for_channel_ready(timeout=timeout)
    │  │                               └ 10.0
    │  └ <function GrpcHandler._wait_for_channel_ready at 0x0000028E604BFC40>
    └ <pymilvus.client.grpc_handler.GrpcHandler object at 0x0000028E0288ADD0>
  File "C:\bi ye she ji\backend\venv\Lib\site-packages\pymilvus\client\grpc_handler.py", line 154, in _wait_for_channel_ready
    raise MilvusException(
          └ <class 'pymilvus.exceptions.MilvusException'>

[31m[1mpymilvus.exceptions.MilvusException[0m:[1m <MilvusException: (code=2, message=Fail connecting to server on localhost:19530, illegal connection params or server unavailable)>[0m


[1mThe above exception was the direct cause of the following exception:[0m


[33m[1mTraceback (most recent call last):[0m

  File "[32mC:\bi ye she ji\backend\src\application\[0m[32m[1mindexing_service.py[0m", line [33m83[0m, in [35mrun[0m
    [35m[1mawait[0m [1masyncio[0m[35m[1m.[0m[1mto_thread[0m[1m([0m[1mself[0m[35m[1m.[0m[1m_write_milvus[0m[1m,[0m [1mstr[0m[1m([0m[1mdoc[0m[35m[1m.[0m[1mid[0m[1m)[0m[1m,[0m [1mrows[0m[1m)[0m
    [36m      │       │         │    │                  │   │    └ [0m[36m[1m[VectorRow(id='77f24561-3a49-4c68-887b-a129533428e4', doc_id='bf39e4a8-1aca-43d9-b0dc-e0fd6f61544c', kb_id='aa8d4ae3-0073-45f...[0m
    [36m      │       │         │    │                  │   └ [0m[36m[1m<sqlalchemy.orm.attributes.InstrumentedAttribute object at 0x0000028E68DDE660>[0m
    [36m      │       │         │    │                  └ [0m[36m[1m<src.domain.models.Document object at 0x0000028E1758B8B0>[0m
    [36m      │       │         │    └ [0m[36m[1m<function IndexingService._write_milvus at 0x0000028E6A012A20>[0m
    [36m      │       │         └ [0m[36m[1m<src.application.indexing_service.IndexingService object at 0x0000028E815CB2A0>[0m
    [36m      │       └ [0m[36m[1m<function to_thread at 0x0000028E659B4540>[0m
    [36m      └ [0m[36m[1m<module 'asyncio' from 'C:\\Users\\Administrator\\AppData\\Local\\Programs\\Python\\Python313\\Lib\\asyncio\\__init__.py'>[0m

  File "C:\Users\Administrator\AppData\Local\Programs\Python\Python313\Lib\asyncio\threads.py", line 26, in to_thread
    return await loop.run_in_executor(None, func_call)
                 │    │                     └ functools.partial(<built-in method run of _contextvars.Context object at 0x0000028E026BB080>, <bound method IndexingService._...
                 │    └ <function BaseEventLoop.run_in_executor at 0x0000028E659AE2A0>
                 └ <ProactorEventLoop running=False closed=True debug=False>
  File "C:\Users\Administrator\AppData\Local\Programs\Python\Python313\Lib\concurrent\futures\thread.py", line 59, in run
    result = self.fn(*self.args, **self.kwargs)
             │        │            └ None
             │        └ None
             └ None

  File "[32mC:\bi ye she ji\backend\src\application\[0m[32m[1mindexing_service.py[0m", line [33m130[0m, in [35m_write_milvus[0m
    [1mself[0m[35m[1m.[0m[1mstore[0m[35m[1m.[0m[1mensure_collection[0m[1m([0m[1m)[0m
    [36m│    │     └ [0m[36m[1m<function MilvusStore.ensure_collection at 0x0000028E69436160>[0m
    [36m│    └ [0m[36m[1m<src.infrastructure.milvus_store.MilvusStore object at 0x0000028E69F91400>[0m
    [36m└ [0m[36m[1m<src.application.indexing_service.IndexingService object at 0x0000028E815CB2A0>[0m

  File "[32mC:\bi ye she ji\backend\src\infrastructure\[0m[32m[1mmilvus_store.py[0m", line [33m99[0m, in [35mensure_collection[0m
    [1mclient[0m [35m[1m=[0m [1mself[0m[35m[1m.[0m[1m_get_client[0m[1m([0m[1m)[0m
    [36m         │    └ [0m[36m[1m<function MilvusStore._get_client at 0x0000028E694360C0>[0m
    [36m         └ [0m[36m[1m<src.infrastructure.milvus_store.MilvusStore object at 0x0000028E69F91400>[0m

  File "[32mC:\bi ye she ji\backend\src\infrastructure\[0m[32m[1mmilvus_store.py[0m", line [33m95[0m, in [35m_get_client[0m
    [35m[1mraise[0m [1mVectorStoreError[0m[1m([0m[36mf"[0m[36mMilvus 连接失败（[0m[1m{[0m[1mself[0m[35m[1m.[0m[1m_uri[0m[1m}[0m[36m）：[0m[1m{[0m[1mexc[0m[1m}[0m[36m"[0m[1m)[0m [35m[1mfrom[0m [1mexc[0m
    [36m      │                               │    └ [0m[36m[1m'http://localhost:19530'[0m
    [36m      │                               └ [0m[36m[1m<src.infrastructure.milvus_store.MilvusStore object at 0x0000028E69F91400>[0m
    [36m      └ [0m[36m[1m<class 'src.infrastructure.milvus_store.VectorStoreError'>[0m

[31m[1msrc.infrastructure.milvus_store.VectorStoreError[0m:[1m Milvus 连接失败（http://localhost:19530）：<MilvusException: (code=2, message=Fail connecting to server on localhost:19530, illegal connection params or server unavailable)>[0m


[1mThe above exception was the direct cause of the following exception:[0m


[33m[1mTraceback (most recent call last):[0m

  File "C:\Users\Administrator\AppData\Local\Programs\Python\Python313\Lib\threading.py", line 1015, in _bootstrap
    self._bootstrap_inner()
    │    └ <function Thread._bootstrap_inner at 0x0000028E636BD940>
    └ <WorkerThread(AnyIO worker thread, started 15784)>
  File "C:\Users\Administrator\AppData\Local\Programs\Python\Python313\Lib\threading.py", line 1044, in _bootstrap_inner
    self.run()
    │    └ <function WorkerThread.run at 0x0000028E6A001B20>
    └ <WorkerThread(AnyIO worker thread, started 15784)>
  File "C:\bi ye she ji\backend\venv\Lib\site-packages\anyio\_backends\_asyncio.py", line 1100, in run
    result = context.run(func, *args)
             │       │   │      └ ()
             │       │   └ functools.partial(<function _run_vectorize_safely at 0x0000028E6944EE80>, 'bf39e4a8-1aca-43d9-b0dc-e0fd6f61544c')
             │       └ <method 'run' of '_contextvars.Context' objects>
             └ <_contextvars.Context object at 0x0000028E1786C5C0>

> File "[32mC:\bi ye she ji\backend\src\api\routes\[0m[32m[1mdocuments.py[0m", line [33m131[0m, in [35m_run_vectorize_safely[0m
    [1mrun_vectorize[0m[1m([0m[1mdoc_id[0m[1m)[0m
    [36m│             └ [0m[36m[1m'bf39e4a8-1aca-43d9-b0dc-e0fd6f61544c'[0m
    [36m└ [0m[36m[1m<function run_vectorize at 0x0000028E6A012200>[0m

  File "[32mC:\bi ye she ji\backend\src\application\[0m[32m[1mindex_runner.py[0m", line [33m43[0m, in [35mrun_vectorize[0m
    [35m[1mreturn[0m [1masyncio[0m[35m[1m.[0m[1mrun[0m[1m([0m[1m_run[0m[1m([0m[1m)[0m[1m)[0m
    [36m       │       │   └ [0m[36m[1m<function run_vectorize.<locals>._run at 0x0000028E815B7920>[0m
    [36m       │       └ [0m[36m[1m<function run at 0x0000028E655719E0>[0m
    [36m       └ [0m[36m[1m<module 'asyncio' from 'C:\\Users\\Administrator\\AppData\\Local\\Programs\\Python\\Python313\\Lib\\asyncio\\__init__.py'>[0m

  File "C:\Users\Administrator\AppData\Local\Programs\Python\Python313\Lib\asyncio\runners.py", line 196, in run
    return runner.run(main)
           │      │   └ <coroutine object run_vectorize.<locals>._run at 0x0000028E025D18B0>
           │      └ <function Runner.run at 0x0000028E659AFEC0>
           └ <asyncio.runners.Runner object at 0x0000028E1753F1D0>
  File "C:\Users\Administrator\AppData\Local\Programs\Python\Python313\Lib\asyncio\runners.py", line 119, in run
    return self._loop.run_until_complete(task)
           │    │                        └ <Task finished name='Task-451' coro=<run_vectorize.<locals>._run() done, defined at C:\bi ye she ji\backend\src\application\i...
           │    └ None
           └ <asyncio.runners.Runner object at 0x0000028E1753F1D0>
  File "C:\Users\Administrator\AppData\Local\Programs\Python\Python313\Lib\asyncio\base_events.py", line 725, in run_until_complete
    return future.result()
           │      └ <method 'result' of '_asyncio.Task' objects>
           └ <Task finished name='Task-451' coro=<run_vectorize.<locals>._run() done, defined at C:\bi ye she ji\backend\src\application\i...

  File "[32mC:\bi ye she ji\backend\src\application\[0m[32m[1mindex_runner.py[0m", line [33m32[0m, in [35m_run[0m
    [1mdoc[0m [35m[1m=[0m [35m[1mawait[0m [1mservice[0m[35m[1m.[0m[1mrun[0m[1m([0m[1muuid[0m[35m[1m.[0m[1mUUID[0m[1m([0m[1mdoc_id[0m[1m)[0m[1m)[0m
    [36m            │       │   │    │    └ [0m[36m[1m'bf39e4a8-1aca-43d9-b0dc-e0fd6f61544c'[0m
    [36m            │       │   │    └ [0m[36m[1m<class 'uuid.UUID'>[0m
    [36m            │       │   └ [0m[36m[1m<module 'uuid' from 'C:\\Users\\Administrator\\AppData\\Local\\Programs\\Python\\Python313\\Lib\\uuid.py'>[0m
    [36m            │       └ [0m[36m[1m<function IndexingService.run at 0x0000028E6A0128E0>[0m
    [36m            └ [0m[36m[1m<src.application.indexing_service.IndexingService object at 0x0000028E815CB2A0>[0m

  File "[32mC:\bi ye she ji\backend\src\application\[0m[32m[1mindexing_service.py[0m", line [33m87[0m, in [35mrun[0m
    [35m[1mraise[0m [1mAppException[0m[1m([0m[34m[1m422[0m[1m,[0m [36mf"[0m[36m向量化失败：[0m[1m{[0m[1mexc[0m[1m}[0m[36m"[0m[1m)[0m [35m[1mfrom[0m [1mexc[0m
    [36m      └ [0m[36m[1m<class 'src.core.exceptions.AppException'>[0m

[31m[1msrc.core.exceptions.AppException[0m:[1m 向量化失败：Milvus 连接失败（http://localhost:19530）：<MilvusException: (code=2, message=Fail connecting to server on localhost:19530, illegal connection params or server unavailable)>[0m
[32m2026-09-06 11:52:49.846[0m | [1mINFO    [0m | [36msrc.application.index_runner[0m:[36m41[0m - [1m开始向量化文档 doc_id=a0f2c6d6-cb21-498e-965e-0ed55735d09e[0m
2026-09-06 11:52:59,155 [ERROR][_create_connection]: Failed to create new connection using: 9b18cc7bbe6c48beb9455c863bafbfcb (milvus_client.py:852)
[32m2026-09-06 11:52:59.156[0m | [31m[1mERROR   [0m | [36msrc.application.indexing_service[0m:[36m85[0m - [31m[1m文档向量化失败 doc_id=1c21b81f-6aa0-4f6b-a823-9a894fda4052: Milvus 连接失败（http://localhost:19530）：<MilvusException: (code=2, message=Fail connecting to server on localhost:19530, illegal connection params or server unavailable)>[0m
[32m2026-09-06 11:52:59.169[0m | [31m[1mERROR   [0m | [36msrc.api.routes.documents[0m:[36m133[0m - [31m[1m后台向量化任务执行失败 doc_id=1c21b81f-6aa0-4f6b-a823-9a894fda4052[0m
[33m[1mTraceback (most recent call last):[0m

  File "[32mC:\bi ye she ji\backend\src\infrastructure\[0m[32m[1mmilvus_store.py[0m", line [33m93[0m, in [35m_get_client[0m
    [1mself[0m[35m[1m.[0m[1m_client[0m [35m[1m=[0m [1mMilvusClient[0m[1m([0m[1muri[0m[35m[1m=[0m[1mself[0m[35m[1m.[0m[1m_uri[0m[1m)[0m
    [36m│    │         │                │    └ [0m[36m[1m'http://localhost:19530'[0m
    [36m│    │         │                └ [0m[36m[1m<src.infrastructure.milvus_store.MilvusStore object at 0x0000028E69F91400>[0m
    [36m│    │         └ [0m[36m[1m<class 'pymilvus.milvus_client.milvus_client.MilvusClient'>[0m
    [36m│    └ [0m[36m[1mNone[0m
    [36m└ [0m[36m[1m<src.infrastructure.milvus_store.MilvusStore object at 0x0000028E69F91400>[0m

  File "C:\bi ye she ji\backend\venv\Lib\site-packages\pymilvus\milvus_client\milvus_client.py", line 65, in __init__
    self._using = self._create_connection(
    │             │    └ <function MilvusClient._create_connection at 0x0000028E60909260>
    │             └ <pymilvus.milvus_client.milvus_client.MilvusClient object at 0x0000028E60BD57C0>
    └ <pymilvus.milvus_client.milvus_client.MilvusClient object at 0x0000028E60BD57C0>
  File "C:\bi ye she ji\backend\venv\Lib\site-packages\pymilvus\milvus_client\milvus_client.py", line 853, in _create_connection
    raise ex from ex
  File "C:\bi ye she ji\backend\venv\Lib\site-packages\pymilvus\milvus_client\milvus_client.py", line 850, in _create_connection
    connections.connect(using, user, password, db_name, token, uri=uri, **kwargs)
    │           │       │      │     │         │        │          │      └ {'timeout': None}
    │           │       │      │     │         │        │          └ 'http://localhost:19530'
    │           │       │      │     │         │        └ ''
    │           │       │      │     │         └ ''
    │           │       │      │     └ ''
    │           │       │      └ ''
    │           │       └ '9b18cc7bbe6c48beb9455c863bafbfcb'
    │           └ <function Connections.connect at 0x0000028E6051A0C0>
    └ <pymilvus.orm.connections.Connections object at 0x0000028E604D12B0>
  File "C:\bi ye she ji\backend\venv\Lib\site-packages\pymilvus\orm\connections.py", line 461, in connect
    connect_milvus(**kwargs, user=user, password=password, token=token, db_name=db_name)
    │                │            │              │               │              └ ''
    │                │            │              │               └ ''
    │                │            │              └ ''
    │                │            └ ''
    │                └ {'timeout': None, 'address': 'localhost:19530'}
    └ <function Connections.connect.<locals>.connect_milvus at 0x0000028E60B4BC40>
  File "C:\bi ye she ji\backend\venv\Lib\site-packages\pymilvus\orm\connections.py", line 411, in connect_milvus
    gh._wait_for_channel_ready(timeout=timeout)
    │  │                               └ 10.0
    │  └ <function GrpcHandler._wait_for_channel_ready at 0x0000028E604BFC40>
    └ <pymilvus.client.grpc_handler.GrpcHandler object at 0x0000028E60B7F850>
  File "C:\bi ye she ji\backend\venv\Lib\site-packages\pymilvus\client\grpc_handler.py", line 154, in _wait_for_channel_ready
    raise MilvusException(
          └ <class 'pymilvus.exceptions.MilvusException'>

[31m[1mpymilvus.exceptions.MilvusException[0m:[1m <MilvusException: (code=2, message=Fail connecting to server on localhost:19530, illegal connection params or server unavailable)>[0m


[1mThe above exception was the direct cause of the following exception:[0m


[33m[1mTraceback (most recent call last):[0m

  File "[32mC:\bi ye she ji\backend\src\application\[0m[32m[1mindexing_service.py[0m", line [33m83[0m, in [35mrun[0m
    [35m[1mawait[0m [1masyncio[0m[35m[1m.[0m[1mto_thread[0m[1m([0m[1mself[0m[35m[1m.[0m[1m_write_milvus[0m[1m,[0m [1mstr[0m[1m([0m[1mdoc[0m[35m[1m.[0m[1mid[0m[1m)[0m[1m,[0m [1mrows[0m[1m)[0m
    [36m      │       │         │    │                  │   │    └ [0m[36m[1m[VectorRow(id='3df616f0-f532-401f-bf77-f2b8a10abd0a', doc_id='1c21b81f-6aa0-4f6b-a823-9a894fda4052', kb_id='a5fed09a-ca41-45e...[0m
    [36m      │       │         │    │                  │   └ [0m[36m[1m<sqlalchemy.orm.attributes.InstrumentedAttribute object at 0x0000028E68DDE660>[0m
    [36m      │       │         │    │                  └ [0m[36m[1m<src.domain.models.Document object at 0x0000028E1775A2B0>[0m
    [36m      │       │         │    └ [0m[36m[1m<function IndexingService._write_milvus at 0x0000028E6A012A20>[0m
    [36m      │       │         └ [0m[36m[1m<src.application.indexing_service.IndexingService object at 0x0000028E01CBD470>[0m
    [36m      │       └ [0m[36m[1m<function to_thread at 0x0000028E659B4540>[0m
    [36m      └ [0m[36m[1m<module 'asyncio' from 'C:\\Users\\Administrator\\AppData\\Local\\Programs\\Python\\Python313\\Lib\\asyncio\\__init__.py'>[0m

  File "C:\Users\Administrator\AppData\Local\Programs\Python\Python313\Lib\asyncio\threads.py", line 26, in to_thread
    return await loop.run_in_executor(None, func_call)
                 │    │                     └ functools.partial(<built-in method run of _contextvars.Context object at 0x0000028E1749FD00>, <bound method IndexingService._...
                 │    └ <function BaseEventLoop.run_in_executor at 0x0000028E659AE2A0>
                 └ <ProactorEventLoop running=False closed=True debug=False>
  File "C:\Users\Administrator\AppData\Local\Programs\Python\Python313\Lib\concurrent\futures\thread.py", line 59, in run
    result = self.fn(*self.args, **self.kwargs)
             │        │            └ None
             │        └ None
             └ None

  File "[32mC:\bi ye she ji\backend\src\application\[0m[32m[1mindexing_service.py[0m", line [33m130[0m, in [35m_write_milvus[0m
    [1mself[0m[35m[1m.[0m[1mstore[0m[35m[1m.[0m[1mensure_collection[0m[1m([0m[1m)[0m
    [36m│    │     └ [0m[36m[1m<function MilvusStore.ensure_collection at 0x0000028E69436160>[0m
    [36m│    └ [0m[36m[1m<src.infrastructure.milvus_store.MilvusStore object at 0x0000028E69F91400>[0m
    [36m└ [0m[36m[1m<src.application.indexing_service.IndexingService object at 0x0000028E01CBD470>[0m

  File "[32mC:\bi ye she ji\backend\src\infrastructure\[0m[32m[1mmilvus_store.py[0m", line [33m99[0m, in [35mensure_collection[0m
    [1mclient[0m [35m[1m=[0m [1mself[0m[35m[1m.[0m[1m_get_client[0m[1m([0m[1m)[0m
    [36m         │    └ [0m[36m[1m<function MilvusStore._get_client at 0x0000028E694360C0>[0m
    [36m         └ [0m[36m[1m<src.infrastructure.milvus_store.MilvusStore object at 0x0000028E69F91400>[0m

  File "[32mC:\bi ye she ji\backend\src\infrastructure\[0m[32m[1mmilvus_store.py[0m", line [33m95[0m, in [35m_get_client[0m
    [35m[1mraise[0m [1mVectorStoreError[0m[1m([0m[36mf"[0m[36mMilvus 连接失败（[0m[1m{[0m[1mself[0m[35m[1m.[0m[1m_uri[0m[1m}[0m[36m）：[0m[1m{[0m[1mexc[0m[1m}[0m[36m"[0m[1m)[0m [35m[1mfrom[0m [1mexc[0m
    [36m      │                               │    └ [0m[36m[1m'http://localhost:19530'[0m
    [36m      │                               └ [0m[36m[1m<src.infrastructure.milvus_store.MilvusStore object at 0x0000028E69F91400>[0m
    [36m      └ [0m[36m[1m<class 'src.infrastructure.milvus_store.VectorStoreError'>[0m

[31m[1msrc.infrastructure.milvus_store.VectorStoreError[0m:[1m Milvus 连接失败（http://localhost:19530）：<MilvusException: (code=2, message=Fail connecting to server on localhost:19530, illegal connection params or server unavailable)>[0m


[1mThe above exception was the direct cause of the following exception:[0m


[33m[1mTraceback (most recent call last):[0m

  File "C:\Users\Administrator\AppData\Local\Programs\Python\Python313\Lib\threading.py", line 1015, in _bootstrap
    self._bootstrap_inner()
    │    └ <function Thread._bootstrap_inner at 0x0000028E636BD940>
    └ <WorkerThread(AnyIO worker thread, started 4288)>
  File "C:\Users\Administrator\AppData\Local\Programs\Python\Python313\Lib\threading.py", line 1044, in _bootstrap_inner
    self.run()
    │    └ <function WorkerThread.run at 0x0000028E6A001B20>
    └ <WorkerThread(AnyIO worker thread, started 4288)>
  File "C:\bi ye she ji\backend\venv\Lib\site-packages\anyio\_backends\_asyncio.py", line 1100, in run
    result = context.run(func, *args)
             │       │   │      └ ()
             │       │   └ functools.partial(<function _run_vectorize_safely at 0x0000028E6944EE80>, '1c21b81f-6aa0-4f6b-a823-9a894fda4052')
             │       └ <method 'run' of '_contextvars.Context' objects>
             └ <_contextvars.Context object at 0x0000028E61411700>

> File "[32mC:\bi ye she ji\backend\src\api\routes\[0m[32m[1mdocuments.py[0m", line [33m131[0m, in [35m_run_vectorize_safely[0m
    [1mrun_vectorize[0m[1m([0m[1mdoc_id[0m[1m)[0m
    [36m│             └ [0m[36m[1m'1c21b81f-6aa0-4f6b-a823-9a894fda4052'[0m
    [36m└ [0m[36m[1m<function run_vectorize at 0x0000028E6A012200>[0m

  File "[32mC:\bi ye she ji\backend\src\application\[0m[32m[1mindex_runner.py[0m", line [33m43[0m, in [35mrun_vectorize[0m
    [35m[1mreturn[0m [1masyncio[0m[35m[1m.[0m[1mrun[0m[1m([0m[1m_run[0m[1m([0m[1m)[0m[1m)[0m
    [36m       │       │   └ [0m[36m[1m<function run_vectorize.<locals>._run at 0x0000028E81602340>[0m
    [36m       │       └ [0m[36m[1m<function run at 0x0000028E655719E0>[0m
    [36m       └ [0m[36m[1m<module 'asyncio' from 'C:\\Users\\Administrator\\AppData\\Local\\Programs\\Python\\Python313\\Lib\\asyncio\\__init__.py'>[0m

  File "C:\Users\Administrator\AppData\Local\Programs\Python\Python313\Lib\asyncio\runners.py", line 196, in run
    return runner.run(main)
           │      │   └ <coroutine object run_vectorize.<locals>._run at 0x0000028E17579AD0>
           │      └ <function Runner.run at 0x0000028E659AFEC0>
           └ <asyncio.runners.Runner object at 0x0000028E83A24A50>
  File "C:\Users\Administrator\AppData\Local\Programs\Python\Python313\Lib\asyncio\runners.py", line 119, in run
    return self._loop.run_until_complete(task)
           │    │                        └ <Task finished name='Task-458' coro=<run_vectorize.<locals>._run() done, defined at C:\bi ye she ji\backend\src\application\i...
           │    └ None
           └ <asyncio.runners.Runner object at 0x0000028E83A24A50>
  File "C:\Users\Administrator\AppData\Local\Programs\Python\Python313\Lib\asyncio\base_events.py", line 725, in run_until_complete
    return future.result()
           │      └ <method 'result' of '_asyncio.Task' objects>
           └ <Task finished name='Task-458' coro=<run_vectorize.<locals>._run() done, defined at C:\bi ye she ji\backend\src\application\i...

  File "[32mC:\bi ye she ji\backend\src\application\[0m[32m[1mindex_runner.py[0m", line [33m32[0m, in [35m_run[0m
    [1mdoc[0m [35m[1m=[0m [35m[1mawait[0m [1mservice[0m[35m[1m.[0m[1mrun[0m[1m([0m[1muuid[0m[35m[1m.[0m[1mUUID[0m[1m([0m[1mdoc_id[0m[1m)[0m[1m)[0m
    [36m            │       │   │    │    └ [0m[36m[1m'1c21b81f-6aa0-4f6b-a823-9a894fda4052'[0m
    [36m            │       │   │    └ [0m[36m[1m<class 'uuid.UUID'>[0m
    [36m            │       │   └ [0m[36m[1m<module 'uuid' from 'C:\\Users\\Administrator\\AppData\\Local\\Programs\\Python\\Python313\\Lib\\uuid.py'>[0m
    [36m            │       └ [0m[36m[1m<function IndexingService.run at 0x0000028E6A0128E0>[0m
    [36m            └ [0m[36m[1m<src.application.indexing_service.IndexingService object at 0x0000028E01CBD470>[0m

  File "[32mC:\bi ye she ji\backend\src\application\[0m[32m[1mindexing_service.py[0m", line [33m87[0m, in [35mrun[0m
    [35m[1mraise[0m [1mAppException[0m[1m([0m[34m[1m422[0m[1m,[0m [36mf"[0m[36m向量化失败：[0m[1m{[0m[1mexc[0m[1m}[0m[36m"[0m[1m)[0m [35m[1mfrom[0m [1mexc[0m
    [36m      └ [0m[36m[1m<class 'src.core.exceptions.AppException'>[0m

[31m[1msrc.core.exceptions.AppException[0m:[1m 向量化失败：Milvus 连接失败（http://localhost:19530）：<MilvusException: (code=2, message=Fail connecting to server on localhost:19530, illegal connection params or server unavailable)>[0m
[32m2026-09-06 11:52:59.182[0m | [1mINFO    [0m | [36msrc.application.index_runner[0m:[36m41[0m - [1m开始向量化文档 doc_id=a5a9e013-6ac0-4518-b0cb-7fec0e2f35b9[0m
2026-09-06 11:53:06,976 [ERROR][_create_connection]: Failed to create new connection using: 5a3e036116de41cf9b4c1aa1a4b48f66 (milvus_client.py:852)
[32m2026-09-06 11:53:06.977[0m | [31m[1mERROR   [0m | [36msrc.application.indexing_service[0m:[36m85[0m - [31m[1m文档向量化失败 doc_id=a702559b-309a-4454-91f1-91a4f83eabb7: Milvus 连接失败（http://localhost:19530）：<MilvusException: (code=2, message=Fail connecting to server on localhost:19530, illegal connection params or server unavailable)>[0m
[32m2026-09-06 11:53:06.991[0m | [31m[1mERROR   [0m | [36msrc.api.routes.documents[0m:[36m133[0m - [31m[1m后台向量化任务执行失败 doc_id=a702559b-309a-4454-91f1-91a4f83eabb7[0m
[33m[1mTraceback (most recent call last):[0m

  File "[32mC:\bi ye she ji\backend\src\infrastructure\[0m[32m[1mmilvus_store.py[0m", line [33m93[0m, in [35m_get_client[0m
    [1mself[0m[35m[1m.[0m[1m_client[0m [35m[1m=[0m [1mMilvusClient[0m[1m([0m[1muri[0m[35m[1m=[0m[1mself[0m[35m[1m.[0m[1m_uri[0m[1m)[0m
    [36m│    │         │                │    └ [0m[36m[1m'http://localhost:19530'[0m
    [36m│    │         │                └ [0m[36m[1m<src.infrastructure.milvus_store.MilvusStore object at 0x0000028E69F91400>[0m
    [36m│    │         └ [0m[36m[1m<class 'pymilvus.milvus_client.milvus_client.MilvusClient'>[0m
    [36m│    └ [0m[36m[1mNone[0m
    [36m└ [0m[36m[1m<src.infrastructure.milvus_store.MilvusStore object at 0x0000028E69F91400>[0m

  File "C:\bi ye she ji\backend\venv\Lib\site-packages\pymilvus\milvus_client\milvus_client.py", line 65, in __init__
    self._using = self._create_connection(
    │             │    └ <function MilvusClient._create_connection at 0x0000028E60909260>
    │             └ <pymilvus.milvus_client.milvus_client.MilvusClient object at 0x0000028E815CE0D0>
    └ <pymilvus.milvus_client.milvus_client.MilvusClient object at 0x0000028E815CE0D0>
  File "C:\bi ye she ji\backend\venv\Lib\site-packages\pymilvus\milvus_client\milvus_client.py", line 853, in _create_connection
    raise ex from ex
  File "C:\bi ye she ji\backend\venv\Lib\site-packages\pymilvus\milvus_client\milvus_client.py", line 850, in _create_connection
    connections.connect(using, user, password, db_name, token, uri=uri, **kwargs)
    │           │       │      │     │         │        │          │      └ {'timeout': None}
    │           │       │      │     │         │        │          └ 'http://localhost:19530'
    │           │       │      │     │         │        └ ''
    │           │       │      │     │         └ ''
    │           │       │      │     └ ''
    │           │       │      └ ''
    │           │       └ '5a3e036116de41cf9b4c1aa1a4b48f66'
    │           └ <function Connections.connect at 0x0000028E6051A0C0>
    └ <pymilvus.orm.connections.Connections object at 0x0000028E604D12B0>
  File "C:\bi ye she ji\backend\venv\Lib\site-packages\pymilvus\orm\connections.py", line 461, in connect
    connect_milvus(**kwargs, user=user, password=password, token=token, db_name=db_name)
    │                │            │              │               │              └ ''
    │                │            │              │               └ ''
    │                │            │              └ ''
    │                │            └ ''
    │                └ {'timeout': None, 'address': 'localhost:19530'}
    └ <function Connections.connect.<locals>.connect_milvus at 0x0000028E815B4A40>
  File "C:\bi ye she ji\backend\venv\Lib\site-packages\pymilvus\orm\connections.py", line 411, in connect_milvus
    gh._wait_for_channel_ready(timeout=timeout)
    │  │                               └ 10.0
    │  └ <function GrpcHandler._wait_for_channel_ready at 0x0000028E604BFC40>
    └ <pymilvus.client.grpc_handler.GrpcHandler object at 0x0000028E02697AF0>
  File "C:\bi ye she ji\backend\venv\Lib\site-packages\pymilvus\client\grpc_handler.py", line 154, in _wait_for_channel_ready
    raise MilvusException(
          └ <class 'pymilvus.exceptions.MilvusException'>

[31m[1mpymilvus.exceptions.MilvusException[0m:[1m <MilvusException: (code=2, message=Fail connecting to server on localhost:19530, illegal connection params or server unavailable)>[0m


[1mThe above exception was the direct cause of the following exception:[0m


[33m[1mTraceback (most recent call last):[0m

  File "[32mC:\bi ye she ji\backend\src\application\[0m[32m[1mindexing_service.py[0m", line [33m83[0m, in [35mrun[0m
    [35m[1mawait[0m [1masyncio[0m[35m[1m.[0m[1mto_thread[0m[1m([0m[1mself[0m[35m[1m.[0m[1m_write_milvus[0m[1m,[0m [1mstr[0m[1m([0m[1mdoc[0m[35m[1m.[0m[1mid[0m[1m)[0m[1m,[0m [1mrows[0m[1m)[0m
    [36m      │       │         │    │                  │   │    └ [0m[36m[1m[VectorRow(id='ab44af8b-380e-47fc-85cc-49f557902e17', doc_id='a702559b-309a-4454-91f1-91a4f83eabb7', kb_id='e20b55c7-7ea5-411...[0m
    [36m      │       │         │    │                  │   └ [0m[36m[1m<sqlalchemy.orm.attributes.InstrumentedAttribute object at 0x0000028E68DDE660>[0m
    [36m      │       │         │    │                  └ [0m[36m[1m<src.domain.models.Document object at 0x0000028E1775BA10>[0m
    [36m      │       │         │    └ [0m[36m[1m<function IndexingService._write_milvus at 0x0000028E6A012A20>[0m
    [36m      │       │         └ [0m[36m[1m<src.application.indexing_service.IndexingService object at 0x0000028E815CAAC0>[0m
    [36m      │       └ [0m[36m[1m<function to_thread at 0x0000028E659B4540>[0m
    [36m      └ [0m[36m[1m<module 'asyncio' from 'C:\\Users\\Administrator\\AppData\\Local\\Programs\\Python\\Python313\\Lib\\asyncio\\__init__.py'>[0m

  File "C:\Users\Administrator\AppData\Local\Programs\Python\Python313\Lib\asyncio\threads.py", line 26, in to_thread
    return await loop.run_in_executor(None, func_call)
                 │    │                     └ functools.partial(<built-in method run of _contextvars.Context object at 0x0000028E17748940>, <bound method IndexingService._...
                 │    └ <function BaseEventLoop.run_in_executor at 0x0000028E659AE2A0>
                 └ <ProactorEventLoop running=False closed=True debug=False>
  File "C:\Users\Administrator\AppData\Local\Programs\Python\Python313\Lib\concurrent\futures\thread.py", line 59, in run
    result = self.fn(*self.args, **self.kwargs)
             │        │            └ None
             │        └ None
             └ None

  File "[32mC:\bi ye she ji\backend\src\application\[0m[32m[1mindexing_service.py[0m", line [33m130[0m, in [35m_write_milvus[0m
    [1mself[0m[35m[1m.[0m[1mstore[0m[35m[1m.[0m[1mensure_collection[0m[1m([0m[1m)[0m
    [36m│    │     └ [0m[36m[1m<function MilvusStore.ensure_collection at 0x0000028E69436160>[0m
    [36m│    └ [0m[36m[1m<src.infrastructure.milvus_store.MilvusStore object at 0x0000028E69F91400>[0m
    [36m└ [0m[36m[1m<src.application.indexing_service.IndexingService object at 0x0000028E815CAAC0>[0m

  File "[32mC:\bi ye she ji\backend\src\infrastructure\[0m[32m[1mmilvus_store.py[0m", line [33m99[0m, in [35mensure_collection[0m
    [1mclient[0m [35m[1m=[0m [1mself[0m[35m[1m.[0m[1m_get_client[0m[1m([0m[1m)[0m
    [36m         │    └ [0m[36m[1m<function MilvusStore._get_client at 0x0000028E694360C0>[0m
    [36m         └ [0m[36m[1m<src.infrastructure.milvus_store.MilvusStore object at 0x0000028E69F91400>[0m

  File "[32mC:\bi ye she ji\backend\src\infrastructure\[0m[32m[1mmilvus_store.py[0m", line [33m95[0m, in [35m_get_client[0m
    [35m[1mraise[0m [1mVectorStoreError[0m[1m([0m[36mf"[0m[36mMilvus 连接失败（[0m[1m{[0m[1mself[0m[35m[1m.[0m[1m_uri[0m[1m}[0m[36m）：[0m[1m{[0m[1mexc[0m[1m}[0m[36m"[0m[1m)[0m [35m[1mfrom[0m [1mexc[0m
    [36m      │                               │    └ [0m[36m[1m'http://localhost:19530'[0m
    [36m      │                               └ [0m[36m[1m<src.infrastructure.milvus_store.MilvusStore object at 0x0000028E69F91400>[0m
    [36m      └ [0m[36m[1m<class 'src.infrastructure.milvus_store.VectorStoreError'>[0m

[31m[1msrc.infrastructure.milvus_store.VectorStoreError[0m:[1m Milvus 连接失败（http://localhost:19530）：<MilvusException: (code=2, message=Fail connecting to server on localhost:19530, illegal connection params or server unavailable)>[0m


[1mThe above exception was the direct cause of the following exception:[0m


[33m[1mTraceback (most recent call last):[0m

  File "C:\Users\Administrator\AppData\Local\Programs\Python\Python313\Lib\threading.py", line 1015, in _bootstrap
    self._bootstrap_inner()
    │    └ <function Thread._bootstrap_inner at 0x0000028E636BD940>
    └ <WorkerThread(AnyIO worker thread, started 25560)>
  File "C:\Users\Administrator\AppData\Local\Programs\Python\Python313\Lib\threading.py", line 1044, in _bootstrap_inner
    self.run()
    │    └ <function WorkerThread.run at 0x0000028E6A001B20>
    └ <WorkerThread(AnyIO worker thread, started 25560)>
  File "C:\bi ye she ji\backend\venv\Lib\site-packages\anyio\_backends\_asyncio.py", line 1100, in run
    result = context.run(func, *args)
             │       │   │      └ ()
             │       │   └ functools.partial(<function _run_vectorize_safely at 0x0000028E6944EE80>, 'a702559b-309a-4454-91f1-91a4f83eabb7')
             │       └ <method 'run' of '_contextvars.Context' objects>
             └ <_contextvars.Context object at 0x0000028E61412780>

> File "[32mC:\bi ye she ji\backend\src\api\routes\[0m[32m[1mdocuments.py[0m", line [33m131[0m, in [35m_run_vectorize_safely[0m
    [1mrun_vectorize[0m[1m([0m[1mdoc_id[0m[1m)[0m
    [36m│             └ [0m[36m[1m'a702559b-309a-4454-91f1-91a4f83eabb7'[0m
    [36m└ [0m[36m[1m<function run_vectorize at 0x0000028E6A012200>[0m

  File "[32mC:\bi ye she ji\backend\src\application\[0m[32m[1mindex_runner.py[0m", line [33m43[0m, in [35mrun_vectorize[0m
    [35m[1mreturn[0m [1masyncio[0m[35m[1m.[0m[1mrun[0m[1m([0m[1m_run[0m[1m([0m[1m)[0m[1m)[0m
    [36m       │       │   └ [0m[36m[1m<function run_vectorize.<locals>._run at 0x0000028E7E41A840>[0m
    [36m       │       └ [0m[36m[1m<function run at 0x0000028E655719E0>[0m
    [36m       └ [0m[36m[1m<module 'asyncio' from 'C:\\Users\\Administrator\\AppData\\Local\\Programs\\Python\\Python313\\Lib\\asyncio\\__init__.py'>[0m

  File "C:\Users\Administrator\AppData\Local\Programs\Python\Python313\Lib\asyncio\runners.py", line 196, in run
    return runner.run(main)
           │      │   └ <coroutine object run_vectorize.<locals>._run at 0x0000028E60980370>
           │      └ <function Runner.run at 0x0000028E659AFEC0>
           └ <asyncio.runners.Runner object at 0x0000028E60BCCD50>
  File "C:\Users\Administrator\AppData\Local\Programs\Python\Python313\Lib\asyncio\runners.py", line 119, in run
    return self._loop.run_until_complete(task)
           │    │                        └ <Task finished name='Task-465' coro=<run_vectorize.<locals>._run() done, defined at C:\bi ye she ji\backend\src\application\i...
           │    └ None
           └ <asyncio.runners.Runner object at 0x0000028E60BCCD50>
  File "C:\Users\Administrator\AppData\Local\Programs\Python\Python313\Lib\asyncio\base_events.py", line 725, in run_until_complete
    return future.result()
           │      └ <method 'result' of '_asyncio.Task' objects>
           └ <Task finished name='Task-465' coro=<run_vectorize.<locals>._run() done, defined at C:\bi ye she ji\backend\src\application\i...

  File "[32mC:\bi ye she ji\backend\src\application\[0m[32m[1mindex_runner.py[0m", line [33m32[0m, in [35m_run[0m
    [1mdoc[0m [35m[1m=[0m [35m[1mawait[0m [1mservice[0m[35m[1m.[0m[1mrun[0m[1m([0m[1muuid[0m[35m[1m.[0m[1mUUID[0m[1m([0m[1mdoc_id[0m[1m)[0m[1m)[0m
    [36m            │       │   │    │    └ [0m[36m[1m'a702559b-309a-4454-91f1-91a4f83eabb7'[0m
    [36m            │       │   │    └ [0m[36m[1m<class 'uuid.UUID'>[0m
    [36m            │       │   └ [0m[36m[1m<module 'uuid' from 'C:\\Users\\Administrator\\AppData\\Local\\Programs\\Python\\Python313\\Lib\\uuid.py'>[0m
    [36m            │       └ [0m[36m[1m<function IndexingService.run at 0x0000028E6A0128E0>[0m
    [36m            └ [0m[36m[1m<src.application.indexing_service.IndexingService object at 0x0000028E815CAAC0>[0m

  File "[32mC:\bi ye she ji\backend\src\application\[0m[32m[1mindexing_service.py[0m", line [33m87[0m, in [35mrun[0m
    [35m[1mraise[0m [1mAppException[0m[1m([0m[34m[1m422[0m[1m,[0m [36mf"[0m[36m向量化失败：[0m[1m{[0m[1mexc[0m[1m}[0m[36m"[0m[1m)[0m [35m[1mfrom[0m [1mexc[0m
    [36m      └ [0m[36m[1m<class 'src.core.exceptions.AppException'>[0m

[31m[1msrc.core.exceptions.AppException[0m:[1m 向量化失败：Milvus 连接失败（http://localhost:19530）：<MilvusException: (code=2, message=Fail connecting to server on localhost:19530, illegal connection params or server unavailable)>[0m
[32m2026-09-06 11:53:07.004[0m | [1mINFO    [0m | [36msrc.application.index_runner[0m:[36m41[0m - [1m开始向量化文档 doc_id=a2aa889b-4572-4219-98ec-b51ea8e01ea0[0m
2026-09-06 11:53:16,270 [ERROR][_create_connection]: Failed to create new connection using: 0a6eb0a2b96f41a39fd5dd543e6819b3 (milvus_client.py:852)
[32m2026-09-06 11:53:16.278[0m | [31m[1mERROR   [0m | [36msrc.application.indexing_service[0m:[36m85[0m - [31m[1m文档向量化失败 doc_id=73750f26-eb8a-4b59-b850-aec63a71c6f6: Milvus 连接失败（http://localhost:19530）：<MilvusException: (code=2, message=Fail connecting to server on localhost:19530, illegal connection params or server unavailable)>[0m
[32m2026-09-06 11:53:16.294[0m | [31m[1mERROR   [0m | [36msrc.api.routes.documents[0m:[36m133[0m - [31m[1m后台向量化任务执行失败 doc_id=73750f26-eb8a-4b59-b850-aec63a71c6f6[0m
[33m[1mTraceback (most recent call last):[0m

  File "[32mC:\bi ye she ji\backend\src\infrastructure\[0m[32m[1mmilvus_store.py[0m", line [33m93[0m, in [35m_get_client[0m
    [1mself[0m[35m[1m.[0m[1m_client[0m [35m[1m=[0m [1mMilvusClient[0m[1m([0m[1muri[0m[35m[1m=[0m[1mself[0m[35m[1m.[0m[1m_uri[0m[1m)[0m
    [36m│    │         │                │    └ [0m[36m[1m'http://localhost:19530'[0m
    [36m│    │         │                └ [0m[36m[1m<src.infrastructure.milvus_store.MilvusStore object at 0x0000028E69F91400>[0m
    [36m│    │         └ [0m[36m[1m<class 'pymilvus.milvus_client.milvus_client.MilvusClient'>[0m
    [36m│    └ [0m[36m[1mNone[0m
    [36m└ [0m[36m[1m<src.infrastructure.milvus_store.MilvusStore object at 0x0000028E69F91400>[0m

  File "C:\bi ye she ji\backend\venv\Lib\site-packages\pymilvus\milvus_client\milvus_client.py", line 65, in __init__
    self._using = self._create_connection(
    │             │    └ <function MilvusClient._create_connection at 0x0000028E60909260>
    │             └ <pymilvus.milvus_client.milvus_client.MilvusClient object at 0x0000028E816423F0>
    └ <pymilvus.milvus_client.milvus_client.MilvusClient object at 0x0000028E816423F0>
  File "C:\bi ye she ji\backend\venv\Lib\site-packages\pymilvus\milvus_client\milvus_client.py", line 853, in _create_connection
    raise ex from ex
  File "C:\bi ye she ji\backend\venv\Lib\site-packages\pymilvus\milvus_client\milvus_client.py", line 850, in _create_connection
    connections.connect(using, user, password, db_name, token, uri=uri, **kwargs)
    │           │       │      │     │         │        │          │      └ {'timeout': None}
    │           │       │      │     │         │        │          └ 'http://localhost:19530'
    │           │       │      │     │         │        └ ''
    │           │       │      │     │         └ ''
    │           │       │      │     └ ''
    │           │       │      └ ''
    │           │       └ '0a6eb0a2b96f41a39fd5dd543e6819b3'
    │           └ <function Connections.connect at 0x0000028E6051A0C0>
    └ <pymilvus.orm.connections.Connections object at 0x0000028E604D12B0>
  File "C:\bi ye she ji\backend\venv\Lib\site-packages\pymilvus\orm\connections.py", line 461, in connect
    connect_milvus(**kwargs, user=user, password=password, token=token, db_name=db_name)
    │                │            │              │               │              └ ''
    │                │            │              │               └ ''
    │                │            │              └ ''
    │                │            └ ''
    │                └ {'timeout': None, 'address': 'localhost:19530'}
    └ <function Connections.connect.<locals>.connect_milvus at 0x0000028E8163C4A0>
  File "C:\bi ye she ji\backend\venv\Lib\site-packages\pymilvus\orm\connections.py", line 411, in connect_milvus
    gh._wait_for_channel_ready(timeout=timeout)
    │  │                               └ 10.0
    │  └ <function GrpcHandler._wait_for_channel_ready at 0x0000028E604BFC40>
    └ <pymilvus.client.grpc_handler.GrpcHandler object at 0x0000028E60B0B930>
  File "C:\bi ye she ji\backend\venv\Lib\site-packages\pymilvus\client\grpc_handler.py", line 154, in _wait_for_channel_ready
    raise MilvusException(
          └ <class 'pymilvus.exceptions.MilvusException'>

[31m[1mpymilvus.exceptions.MilvusException[0m:[1m <MilvusException: (code=2, message=Fail connecting to server on localhost:19530, illegal connection params or server unavailable)>[0m


[1mThe above exception was the direct cause of the following exception:[0m


[33m[1mTraceback (most recent call last):[0m

  File "[32mC:\bi ye she ji\backend\src\application\[0m[32m[1mindexing_service.py[0m", line [33m83[0m, in [35mrun[0m
    [35m[1mawait[0m [1masyncio[0m[35m[1m.[0m[1mto_thread[0m[1m([0m[1mself[0m[35m[1m.[0m[1m_write_milvus[0m[1m,[0m [1mstr[0m[1m([0m[1mdoc[0m[35m[1m.[0m[1mid[0m[1m)[0m[1m,[0m [1mrows[0m[1m)[0m
    [36m      │       │         │    │                  │   │    └ [0m[36m[1m[VectorRow(id='224ac20b-0488-4f2c-8eef-e19eb78308c5', doc_id='73750f26-eb8a-4b59-b850-aec63a71c6f6', kb_id='4259c417-2bfe-447...[0m
    [36m      │       │         │    │                  │   └ [0m[36m[1m<sqlalchemy.orm.attributes.InstrumentedAttribute object at 0x0000028E68DDE660>[0m
    [36m      │       │         │    │                  └ [0m[36m[1m<src.domain.models.Document object at 0x0000028E178D55A0>[0m
    [36m      │       │         │    └ [0m[36m[1m<function IndexingService._write_milvus at 0x0000028E6A012A20>[0m
    [36m      │       │         └ [0m[36m[1m<src.application.indexing_service.IndexingService object at 0x0000028E01B314E0>[0m
    [36m      │       └ [0m[36m[1m<function to_thread at 0x0000028E659B4540>[0m
    [36m      └ [0m[36m[1m<module 'asyncio' from 'C:\\Users\\Administrator\\AppData\\Local\\Programs\\Python\\Python313\\Lib\\asyncio\\__init__.py'>[0m

  File "C:\Users\Administrator\AppData\Local\Programs\Python\Python313\Lib\asyncio\threads.py", line 26, in to_thread
    return await loop.run_in_executor(None, func_call)
                 │    │                     └ functools.partial(<built-in method run of _contextvars.Context object at 0x0000028E61411700>, <bound method IndexingService._...
                 │    └ <function BaseEventLoop.run_in_executor at 0x0000028E659AE2A0>
                 └ <ProactorEventLoop running=False closed=True debug=False>
  File "C:\Users\Administrator\AppData\Local\Programs\Python\Python313\Lib\concurrent\futures\thread.py", line 59, in run
    result = self.fn(*self.args, **self.kwargs)
             │        │            └ None
             │        └ None
             └ None

  File "[32mC:\bi ye she ji\backend\src\application\[0m[32m[1mindexing_service.py[0m", line [33m130[0m, in [35m_write_milvus[0m
    [1mself[0m[35m[1m.[0m[1mstore[0m[35m[1m.[0m[1mensure_collection[0m[1m([0m[1m)[0m
    [36m│    │     └ [0m[36m[1m<function MilvusStore.ensure_collection at 0x0000028E69436160>[0m
    [36m│    └ [0m[36m[1m<src.infrastructure.milvus_store.MilvusStore object at 0x0000028E69F91400>[0m
    [36m└ [0m[36m[1m<src.application.indexing_service.IndexingService object at 0x0000028E01B314E0>[0m

  File "[32mC:\bi ye she ji\backend\src\infrastructure\[0m[32m[1mmilvus_store.py[0m", line [33m99[0m, in [35mensure_collection[0m
    [1mclient[0m [35m[1m=[0m [1mself[0m[35m[1m.[0m[1m_get_client[0m[1m([0m[1m)[0m
    [36m         │    └ [0m[36m[1m<function MilvusStore._get_client at 0x0000028E694360C0>[0m
    [36m         └ [0m[36m[1m<src.infrastructure.milvus_store.MilvusStore object at 0x0000028E69F91400>[0m

  File "[32mC:\bi ye she ji\backend\src\infrastructure\[0m[32m[1mmilvus_store.py[0m", line [33m95[0m, in [35m_get_client[0m
    [35m[1mraise[0m [1mVectorStoreError[0m[1m([0m[36mf"[0m[36mMilvus 连接失败（[0m[1m{[0m[1mself[0m[35m[1m.[0m[1m_uri[0m[1m}[0m[36m）：[0m[1m{[0m[1mexc[0m[1m}[0m[36m"[0m[1m)[0m [35m[1mfrom[0m [1mexc[0m
    [36m      │                               │    └ [0m[36m[1m'http://localhost:19530'[0m
    [36m      │                               └ [0m[36m[1m<src.infrastructure.milvus_store.MilvusStore object at 0x0000028E69F91400>[0m
    [36m      └ [0m[36m[1m<class 'src.infrastructure.milvus_store.VectorStoreError'>[0m

[31m[1msrc.infrastructure.milvus_store.VectorStoreError[0m:[1m Milvus 连接失败（http://localhost:19530）：<MilvusException: (code=2, message=Fail connecting to server on localhost:19530, illegal connection params or server unavailable)>[0m


[1mThe above exception was the direct cause of the following exception:[0m


[33m[1mTraceback (most recent call last):[0m

  File "C:\Users\Administrator\AppData\Local\Programs\Python\Python313\Lib\threading.py", line 1015, in _bootstrap
    self._bootstrap_inner()
    │    └ <function Thread._bootstrap_inner at 0x0000028E636BD940>
    └ <WorkerThread(AnyIO worker thread, started 11128)>
  File "C:\Users\Administrator\AppData\Local\Programs\Python\Python313\Lib\threading.py", line 1044, in _bootstrap_inner
    self.run()
    │    └ <function WorkerThread.run at 0x0000028E6A001B20>
    └ <WorkerThread(AnyIO worker thread, started 11128)>
  File "C:\bi ye she ji\backend\venv\Lib\site-packages\anyio\_backends\_asyncio.py", line 1100, in run
    result = context.run(func, *args)
             │       │   │      └ ()
             │       │   └ functools.partial(<function _run_vectorize_safely at 0x0000028E6944EE80>, '73750f26-eb8a-4b59-b850-aec63a71c6f6')
             │       └ <method 'run' of '_contextvars.Context' objects>
             └ <_contextvars.Context object at 0x0000028E7CA863C0>

> File "[32mC:\bi ye she ji\backend\src\api\routes\[0m[32m[1mdocuments.py[0m", line [33m131[0m, in [35m_run_vectorize_safely[0m
    [1mrun_vectorize[0m[1m([0m[1mdoc_id[0m[1m)[0m
    [36m│             └ [0m[36m[1m'73750f26-eb8a-4b59-b850-aec63a71c6f6'[0m
    [36m└ [0m[36m[1m<function run_vectorize at 0x0000028E6A012200>[0m

  File "[32mC:\bi ye she ji\backend\src\application\[0m[32m[1mindex_runner.py[0m", line [33m43[0m, in [35mrun_vectorize[0m
    [35m[1mreturn[0m [1masyncio[0m[35m[1m.[0m[1mrun[0m[1m([0m[1m_run[0m[1m([0m[1m)[0m[1m)[0m
    [36m       │       │   └ [0m[36m[1m<function run_vectorize.<locals>._run at 0x0000028E7E58B420>[0m
    [36m       │       └ [0m[36m[1m<function run at 0x0000028E655719E0>[0m
    [36m       └ [0m[36m[1m<module 'asyncio' from 'C:\\Users\\Administrator\\AppData\\Local\\Programs\\Python\\Python313\\Lib\\asyncio\\__init__.py'>[0m

  File "C:\Users\Administrator\AppData\Local\Programs\Python\Python313\Lib\asyncio\runners.py", line 196, in run
    return runner.run(main)
           │      │   └ <coroutine object run_vectorize.<locals>._run at 0x0000028E60980D00>
           │      └ <function Runner.run at 0x0000028E659AFEC0>
           └ <asyncio.runners.Runner object at 0x0000028E81697F50>
  File "C:\Users\Administrator\AppData\Local\Programs\Python\Python313\Lib\asyncio\runners.py", line 119, in run
    return self._loop.run_until_complete(task)
           │    │                        └ <Task finished name='Task-472' coro=<run_vectorize.<locals>._run() done, defined at C:\bi ye she ji\backend\src\application\i...
           │    └ None
           └ <asyncio.runners.Runner object at 0x0000028E81697F50>
  File "C:\Users\Administrator\AppData\Local\Programs\Python\Python313\Lib\asyncio\base_events.py", line 725, in run_until_complete
    return future.result()
           │      └ <method 'result' of '_asyncio.Task' objects>
           └ <Task finished name='Task-472' coro=<run_vectorize.<locals>._run() done, defined at C:\bi ye she ji\backend\src\application\i...

  File "[32mC:\bi ye she ji\backend\src\application\[0m[32m[1mindex_runner.py[0m", line [33m32[0m, in [35m_run[0m
    [1mdoc[0m [35m[1m=[0m [35m[1mawait[0m [1mservice[0m[35m[1m.[0m[1mrun[0m[1m([0m[1muuid[0m[35m[1m.[0m[1mUUID[0m[1m([0m[1mdoc_id[0m[1m)[0m[1m)[0m
    [36m            │       │   │    │    └ [0m[36m[1m'73750f26-eb8a-4b59-b850-aec63a71c6f6'[0m
    [36m            │       │   │    └ [0m[36m[1m<class 'uuid.UUID'>[0m
    [36m            │       │   └ [0m[36m[1m<module 'uuid' from 'C:\\Users\\Administrator\\AppData\\Local\\Programs\\Python\\Python313\\Lib\\uuid.py'>[0m
    [36m            │       └ [0m[36m[1m<function IndexingService.run at 0x0000028E6A0128E0>[0m
    [36m            └ [0m[36m[1m<src.application.indexing_service.IndexingService object at 0x0000028E01B314E0>[0m

  File "[32mC:\bi ye she ji\backend\src\application\[0m[32m[1mindexing_service.py[0m", line [33m87[0m, in [35mrun[0m
    [35m[1mraise[0m [1mAppException[0m[1m([0m[34m[1m422[0m[1m,[0m [36mf"[0m[36m向量化失败：[0m[1m{[0m[1mexc[0m[1m}[0m[36m"[0m[1m)[0m [35m[1mfrom[0m [1mexc[0m
    [36m      └ [0m[36m[1m<class 'src.core.exceptions.AppException'>[0m

[31m[1msrc.core.exceptions.AppException[0m:[1m 向量化失败：Milvus 连接失败（http://localhost:19530）：<MilvusException: (code=2, message=Fail connecting to server on localhost:19530, illegal connection params or server unavailable)>[0m
[32m2026-09-06 11:53:16.313[0m | [1mINFO    [0m | [36msrc.application.index_runner[0m:[36m41[0m - [1m开始向量化文档 doc_id=4ab531fc-4543-4cad-8d06-6e532499aeea[0m
2026-09-06 11:53:24,453 [ERROR][_create_connection]: Failed to create new connection using: 94a3a870efac449a9714fd174c90148a (milvus_client.py:852)
[32m2026-09-06 11:53:24.461[0m | [31m[1mERROR   [0m | [36msrc.application.indexing_service[0m:[36m85[0m - [31m[1m文档向量化失败 doc_id=67d364f5-b9e6-4f5b-b3c6-a6ad881b9689: Milvus 连接失败（http://localhost:19530）：<MilvusException: (code=2, message=Fail connecting to server on localhost:19530, illegal connection params or server unavailable)>[0m
[32m2026-09-06 11:53:24.491[0m | [31m[1mERROR   [0m | [36msrc.api.routes.documents[0m:[36m133[0m - [31m[1m后台向量化任务执行失败 doc_id=67d364f5-b9e6-4f5b-b3c6-a6ad881b9689[0m
[33m[1mTraceback (most recent call last):[0m

  File "[32mC:\bi ye she ji\backend\src\infrastructure\[0m[32m[1mmilvus_store.py[0m", line [33m93[0m, in [35m_get_client[0m
    [1mself[0m[35m[1m.[0m[1m_client[0m [35m[1m=[0m [1mMilvusClient[0m[1m([0m[1muri[0m[35m[1m=[0m[1mself[0m[35m[1m.[0m[1m_uri[0m[1m)[0m
    [36m│    │         │                │    └ [0m[36m[1m'http://localhost:19530'[0m
    [36m│    │         │                └ [0m[36m[1m<src.infrastructure.milvus_store.MilvusStore object at 0x0000028E69F91400>[0m
    [36m│    │         └ [0m[36m[1m<class 'pymilvus.milvus_client.milvus_client.MilvusClient'>[0m
    [36m│    └ [0m[36m[1mNone[0m
    [36m└ [0m[36m[1m<src.infrastructure.milvus_store.MilvusStore object at 0x0000028E69F91400>[0m

  File "C:\bi ye she ji\backend\venv\Lib\site-packages\pymilvus\milvus_client\milvus_client.py", line 65, in __init__
    self._using = self._create_connection(
    │             │    └ <function MilvusClient._create_connection at 0x0000028E60909260>
    │             └ <pymilvus.milvus_client.milvus_client.MilvusClient object at 0x0000028E8162AD50>
    └ <pymilvus.milvus_client.milvus_client.MilvusClient object at 0x0000028E8162AD50>
  File "C:\bi ye she ji\backend\venv\Lib\site-packages\pymilvus\milvus_client\milvus_client.py", line 853, in _create_connection
    raise ex from ex
  File "C:\bi ye she ji\backend\venv\Lib\site-packages\pymilvus\milvus_client\milvus_client.py", line 850, in _create_connection
    connections.connect(using, user, password, db_name, token, uri=uri, **kwargs)
    │           │       │      │     │         │        │          │      └ {'timeout': None}
    │           │       │      │     │         │        │          └ 'http://localhost:19530'
    │           │       │      │     │         │        └ ''
    │           │       │      │     │         └ ''
    │           │       │      │     └ ''
    │           │       │      └ ''
    │           │       └ '94a3a870efac449a9714fd174c90148a'
    │           └ <function Connections.connect at 0x0000028E6051A0C0>
    └ <pymilvus.orm.connections.Connections object at 0x0000028E604D12B0>
  File "C:\bi ye she ji\backend\venv\Lib\site-packages\pymilvus\orm\connections.py", line 461, in connect
    connect_milvus(**kwargs, user=user, password=password, token=token, db_name=db_name)
    │                │            │              │               │              └ ''
    │                │            │              │               └ ''
    │                │            │              └ ''
    │                │            └ ''
    │                └ {'timeout': None, 'address': 'localhost:19530'}
    └ <function Connections.connect.<locals>.connect_milvus at 0x0000028E02689F80>
  File "C:\bi ye she ji\backend\venv\Lib\site-packages\pymilvus\orm\connections.py", line 411, in connect_milvus
    gh._wait_for_channel_ready(timeout=timeout)
    │  │                               └ 10.0
    │  └ <function GrpcHandler._wait_for_channel_ready at 0x0000028E604BFC40>
    └ <pymilvus.client.grpc_handler.GrpcHandler object at 0x0000028E6095E5F0>
  File "C:\bi ye she ji\backend\venv\Lib\site-packages\pymilvus\client\grpc_handler.py", line 154, in _wait_for_channel_ready
    raise MilvusException(
          └ <class 'pymilvus.exceptions.MilvusException'>

[31m[1mpymilvus.exceptions.MilvusException[0m:[1m <MilvusException: (code=2, message=Fail connecting to server on localhost:19530, illegal connection params or server unavailable)>[0m


[1mThe above exception was the direct cause of the following exception:[0m


[33m[1mTraceback (most recent call last):[0m

  File "[32mC:\bi ye she ji\backend\src\application\[0m[32m[1mindexing_service.py[0m", line [33m83[0m, in [35mrun[0m
    [35m[1mawait[0m [1masyncio[0m[35m[1m.[0m[1mto_thread[0m[1m([0m[1mself[0m[35m[1m.[0m[1m_write_milvus[0m[1m,[0m [1mstr[0m[1m([0m[1mdoc[0m[35m[1m.[0m[1mid[0m[1m)[0m[1m,[0m [1mrows[0m[1m)[0m
    [36m      │       │         │    │                  │   │    └ [0m[36m[1m[VectorRow(id='c691381f-3e5c-41f5-9fb8-052ae646af95', doc_id='67d364f5-b9e6-4f5b-b3c6-a6ad881b9689', kb_id='aab7af60-90cc-4e8...[0m
    [36m      │       │         │    │                  │   └ [0m[36m[1m<sqlalchemy.orm.attributes.InstrumentedAttribute object at 0x0000028E68DDE660>[0m
    [36m      │       │         │    │                  └ [0m[36m[1m<src.domain.models.Document object at 0x0000028E604A6DB0>[0m
    [36m      │       │         │    └ [0m[36m[1m<function IndexingService._write_milvus at 0x0000028E6A012A20>[0m
    [36m      │       │         └ [0m[36m[1m<src.application.indexing_service.IndexingService object at 0x0000028E7E4037E0>[0m
    [36m      │       └ [0m[36m[1m<function to_thread at 0x0000028E659B4540>[0m
    [36m      └ [0m[36m[1m<module 'asyncio' from 'C:\\Users\\Administrator\\AppData\\Local\\Programs\\Python\\Python313\\Lib\\asyncio\\__init__.py'>[0m

  File "C:\Users\Administrator\AppData\Local\Programs\Python\Python313\Lib\asyncio\threads.py", line 26, in to_thread
    return await loop.run_in_executor(None, func_call)
                 │    │                     └ functools.partial(<built-in method run of _contextvars.Context object at 0x0000028E61412780>, <bound method IndexingService._...
                 │    └ <function BaseEventLoop.run_in_executor at 0x0000028E659AE2A0>
                 └ <ProactorEventLoop running=False closed=True debug=False>
  File "C:\Users\Administrator\AppData\Local\Programs\Python\Python313\Lib\concurrent\futures\thread.py", line 59, in run
    result = self.fn(*self.args, **self.kwargs)
             │        │            └ None
             │        └ None
             └ None

  File "[32mC:\bi ye she ji\backend\src\application\[0m[32m[1mindexing_service.py[0m", line [33m130[0m, in [35m_write_milvus[0m
    [1mself[0m[35m[1m.[0m[1mstore[0m[35m[1m.[0m[1mensure_collection[0m[1m([0m[1m)[0m
    [36m│    │     └ [0m[36m[1m<function MilvusStore.ensure_collection at 0x0000028E69436160>[0m
    [36m│    └ [0m[36m[1m<src.infrastructure.milvus_store.MilvusStore object at 0x0000028E69F91400>[0m
    [36m└ [0m[36m[1m<src.application.indexing_service.IndexingService object at 0x0000028E7E4037E0>[0m

  File "[32mC:\bi ye she ji\backend\src\infrastructure\[0m[32m[1mmilvus_store.py[0m", line [33m99[0m, in [35mensure_collection[0m
    [1mclient[0m [35m[1m=[0m [1mself[0m[35m[1m.[0m[1m_get_client[0m[1m([0m[1m)[0m
    [36m         │    └ [0m[36m[1m<function MilvusStore._get_client at 0x0000028E694360C0>[0m
    [36m         └ [0m[36m[1m<src.infrastructure.milvus_store.MilvusStore object at 0x0000028E69F91400>[0m

  File "[32mC:\bi ye she ji\backend\src\infrastructure\[0m[32m[1mmilvus_store.py[0m", line [33m95[0m, in [35m_get_client[0m
    [35m[1mraise[0m [1mVectorStoreError[0m[1m([0m[36mf"[0m[36mMilvus 连接失败（[0m[1m{[0m[1mself[0m[35m[1m.[0m[1m_uri[0m[1m}[0m[36m）：[0m[1m{[0m[1mexc[0m[1m}[0m[36m"[0m[1m)[0m [35m[1mfrom[0m [1mexc[0m
    [36m      │                               │    └ [0m[36m[1m'http://localhost:19530'[0m
    [36m      │                               └ [0m[36m[1m<src.infrastructure.milvus_store.MilvusStore object at 0x0000028E69F91400>[0m
    [36m      └ [0m[36m[1m<class 'src.infrastructure.milvus_store.VectorStoreError'>[0m

[31m[1msrc.infrastructure.milvus_store.VectorStoreError[0m:[1m Milvus 连接失败（http://localhost:19530）：<MilvusException: (code=2, message=Fail connecting to server on localhost:19530, illegal connection params or server unavailable)>[0m


[1mThe above exception was the direct cause of the following exception:[0m


[33m[1mTraceback (most recent call last):[0m

  File "C:\Users\Administrator\AppData\Local\Programs\Python\Python313\Lib\threading.py", line 1015, in _bootstrap
    self._bootstrap_inner()
    │    └ <function Thread._bootstrap_inner at 0x0000028E636BD940>
    └ <WorkerThread(AnyIO worker thread, started 14672)>
  File "C:\Users\Administrator\AppData\Local\Programs\Python\Python313\Lib\threading.py", line 1044, in _bootstrap_inner
    self.run()
    │    └ <function WorkerThread.run at 0x0000028E6A001B20>
    └ <WorkerThread(AnyIO worker thread, started 14672)>
  File "C:\bi ye she ji\backend\venv\Lib\site-packages\anyio\_backends\_asyncio.py", line 1100, in run
    result = context.run(func, *args)
             │       │   │      └ ()
             │       │   └ functools.partial(<function _run_vectorize_safely at 0x0000028E6944EE80>, '67d364f5-b9e6-4f5b-b3c6-a6ad881b9689')
             │       └ <method 'run' of '_contextvars.Context' objects>
             └ <_contextvars.Context object at 0x0000028E6E842900>

> File "[32mC:\bi ye she ji\backend\src\api\routes\[0m[32m[1mdocuments.py[0m", line [33m131[0m, in [35m_run_vectorize_safely[0m
    [1mrun_vectorize[0m[1m([0m[1mdoc_id[0m[1m)[0m
    [36m│             └ [0m[36m[1m'67d364f5-b9e6-4f5b-b3c6-a6ad881b9689'[0m
    [36m└ [0m[36m[1m<function run_vectorize at 0x0000028E6A012200>[0m

  File "[32mC:\bi ye she ji\backend\src\application\[0m[32m[1mindex_runner.py[0m", line [33m43[0m, in [35mrun_vectorize[0m
    [35m[1mreturn[0m [1masyncio[0m[35m[1m.[0m[1mrun[0m[1m([0m[1m_run[0m[1m([0m[1m)[0m[1m)[0m
    [36m       │       │   └ [0m[36m[1m<function run_vectorize.<locals>._run at 0x0000028E60B6E520>[0m
    [36m       │       └ [0m[36m[1m<function run at 0x0000028E655719E0>[0m
    [36m       └ [0m[36m[1m<module 'asyncio' from 'C:\\Users\\Administrator\\AppData\\Local\\Programs\\Python\\Python313\\Lib\\asyncio\\__init__.py'>[0m

  File "C:\Users\Administrator\AppData\Local\Programs\Python\Python313\Lib\asyncio\runners.py", line 196, in run
    return runner.run(main)
           │      │   └ <coroutine object run_vectorize.<locals>._run at 0x0000028E609828A0>
           │      └ <function Runner.run at 0x0000028E659AFEC0>
           └ <asyncio.runners.Runner object at 0x0000028E81694D50>
  File "C:\Users\Administrator\AppData\Local\Programs\Python\Python313\Lib\asyncio\runners.py", line 119, in run
    return self._loop.run_until_complete(task)
           │    │                        └ <Task finished name='Task-479' coro=<run_vectorize.<locals>._run() done, defined at C:\bi ye she ji\backend\src\application\i...
           │    └ None
           └ <asyncio.runners.Runner object at 0x0000028E81694D50>
  File "C:\Users\Administrator\AppData\Local\Programs\Python\Python313\Lib\asyncio\base_events.py", line 725, in run_until_complete
    return future.result()
           │      └ <method 'result' of '_asyncio.Task' objects>
           └ <Task finished name='Task-479' coro=<run_vectorize.<locals>._run() done, defined at C:\bi ye she ji\backend\src\application\i...

  File "[32mC:\bi ye she ji\backend\src\application\[0m[32m[1mindex_runner.py[0m", line [33m32[0m, in [35m_run[0m
    [1mdoc[0m [35m[1m=[0m [35m[1mawait[0m [1mservice[0m[35m[1m.[0m[1mrun[0m[1m([0m[1muuid[0m[35m[1m.[0m[1mUUID[0m[1m([0m[1mdoc_id[0m[1m)[0m[1m)[0m
    [36m            │       │   │    │    └ [0m[36m[1m'67d364f5-b9e6-4f5b-b3c6-a6ad881b9689'[0m
    [36m            │       │   │    └ [0m[36m[1m<class 'uuid.UUID'>[0m
    [36m            │       │   └ [0m[36m[1m<module 'uuid' from 'C:\\Users\\Administrator\\AppData\\Local\\Programs\\Python\\Python313\\Lib\\uuid.py'>[0m
    [36m            │       └ [0m[36m[1m<function IndexingService.run at 0x0000028E6A0128E0>[0m
    [36m            └ [0m[36m[1m<src.application.indexing_service.IndexingService object at 0x0000028E7E4037E0>[0m

  File "[32mC:\bi ye she ji\backend\src\application\[0m[32m[1mindexing_service.py[0m", line [33m87[0m, in [35mrun[0m
    [35m[1mraise[0m [1mAppException[0m[1m([0m[34m[1m422[0m[1m,[0m [36mf"[0m[36m向量化失败：[0m[1m{[0m[1mexc[0m[1m}[0m[36m"[0m[1m)[0m [35m[1mfrom[0m [1mexc[0m
    [36m      └ [0m[36m[1m<class 'src.core.exceptions.AppException'>[0m

[31m[1msrc.core.exceptions.AppException[0m:[1m 向量化失败：Milvus 连接失败（http://localhost:19530）：<MilvusException: (code=2, message=Fail connecting to server on localhost:19530, illegal connection params or server unavailable)>[0m
[32m2026-09-06 11:53:24.516[0m | [1mINFO    [0m | [36msrc.application.index_runner[0m:[36m41[0m - [1m开始向量化文档 doc_id=3871a7b7-292f-4da3-a343-53ebd6d0d55c[0m
2026-09-06 11:53:34,254 [ERROR][_create_connection]: Failed to create new connection using: 7fa642fd5b9844b9865521778c7edc31 (milvus_client.py:852)
[32m2026-09-06 11:53:34.255[0m | [31m[1mERROR   [0m | [36msrc.application.indexing_service[0m:[36m85[0m - [31m[1m文档向量化失败 doc_id=d919f1bb-0ab4-432d-8763-4c2c7a4f13fa: Milvus 连接失败（http://localhost:19530）：<MilvusException: (code=2, message=Fail connecting to server on localhost:19530, illegal connection params or server unavailable)>[0m
[32m2026-09-06 11:53:34.272[0m | [31m[1mERROR   [0m | [36msrc.api.routes.documents[0m:[36m133[0m - [31m[1m后台向量化任务执行失败 doc_id=d919f1bb-0ab4-432d-8763-4c2c7a4f13fa[0m
[33m[1mTraceback (most recent call last):[0m

  File "[32mC:\bi ye she ji\backend\src\infrastructure\[0m[32m[1mmilvus_store.py[0m", line [33m93[0m, in [35m_get_client[0m
    [1mself[0m[35m[1m.[0m[1m_client[0m [35m[1m=[0m [1mMilvusClient[0m[1m([0m[1muri[0m[35m[1m=[0m[1mself[0m[35m[1m.[0m[1m_uri[0m[1m)[0m
    [36m│    │         │                │    └ [0m[36m[1m'http://localhost:19530'[0m
    [36m│    │         │                └ [0m[36m[1m<src.infrastructure.milvus_store.MilvusStore object at 0x0000028E69F91400>[0m
    [36m│    │         └ [0m[36m[1m<class 'pymilvus.milvus_client.milvus_client.MilvusClient'>[0m
    [36m│    └ [0m[36m[1mNone[0m
    [36m└ [0m[36m[1m<src.infrastructure.milvus_store.MilvusStore object at 0x0000028E69F91400>[0m

  File "C:\bi ye she ji\backend\venv\Lib\site-packages\pymilvus\milvus_client\milvus_client.py", line 65, in __init__
    self._using = self._create_connection(
    │             │    └ <function MilvusClient._create_connection at 0x0000028E60909260>
    │             └ <pymilvus.milvus_client.milvus_client.MilvusClient object at 0x0000028E81665C20>
    └ <pymilvus.milvus_client.milvus_client.MilvusClient object at 0x0000028E81665C20>
  File "C:\bi ye she ji\backend\venv\Lib\site-packages\pymilvus\milvus_client\milvus_client.py", line 853, in _create_connection
    raise ex from ex
  File "C:\bi ye she ji\backend\venv\Lib\site-packages\pymilvus\milvus_client\milvus_client.py", line 850, in _create_connection
    connections.connect(using, user, password, db_name, token, uri=uri, **kwargs)
    │           │       │      │     │         │        │          │      └ {'timeout': None}
    │           │       │      │     │         │        │          └ 'http://localhost:19530'
    │           │       │      │     │         │        └ ''
    │           │       │      │     │         └ ''
    │           │       │      │     └ ''
    │           │       │      └ ''
    │           │       └ '7fa642fd5b9844b9865521778c7edc31'
    │           └ <function Connections.connect at 0x0000028E6051A0C0>
    └ <pymilvus.orm.connections.Connections object at 0x0000028E604D12B0>
  File "C:\bi ye she ji\backend\venv\Lib\site-packages\pymilvus\orm\connections.py", line 461, in connect
    connect_milvus(**kwargs, user=user, password=password, token=token, db_name=db_name)
    │                │            │              │               │              └ ''
    │                │            │              │               └ ''
    │                │            │              └ ''
    │                │            └ ''
    │                └ {'timeout': None, 'address': 'localhost:19530'}
    └ <function Connections.connect.<locals>.connect_milvus at 0x0000028E60BF5580>
  File "C:\bi ye she ji\backend\venv\Lib\site-packages\pymilvus\orm\connections.py", line 411, in connect_milvus
    gh._wait_for_channel_ready(timeout=timeout)
    │  │                               └ 10.0
    │  └ <function GrpcHandler._wait_for_channel_ready at 0x0000028E604BFC40>
    └ <pymilvus.client.grpc_handler.GrpcHandler object at 0x0000028E6A026190>
  File "C:\bi ye she ji\backend\venv\Lib\site-packages\pymilvus\client\grpc_handler.py", line 154, in _wait_for_channel_ready
    raise MilvusException(
          └ <class 'pymilvus.exceptions.MilvusException'>

[31m[1mpymilvus.exceptions.MilvusException[0m:[1m <MilvusException: (code=2, message=Fail connecting to server on localhost:19530, illegal connection params or server unavailable)>[0m


[1mThe above exception was the direct cause of the following exception:[0m


[33m[1mTraceback (most recent call last):[0m

  File "[32mC:\bi ye she ji\backend\src\application\[0m[32m[1mindexing_service.py[0m", line [33m83[0m, in [35mrun[0m
    [35m[1mawait[0m [1masyncio[0m[35m[1m.[0m[1mto_thread[0m[1m([0m[1mself[0m[35m[1m.[0m[1m_write_milvus[0m[1m,[0m [1mstr[0m[1m([0m[1mdoc[0m[35m[1m.[0m[1mid[0m[1m)[0m[1m,[0m [1mrows[0m[1m)[0m
    [36m      │       │         │    │                  │   │    └ [0m[36m[1m[VectorRow(id='47389388-2dab-4332-bc79-88b1934e2a8c', doc_id='d919f1bb-0ab4-432d-8763-4c2c7a4f13fa', kb_id='f67cbb01-3e25-4ee...[0m
    [36m      │       │         │    │                  │   └ [0m[36m[1m<sqlalchemy.orm.attributes.InstrumentedAttribute object at 0x0000028E68DDE660>[0m
    [36m      │       │         │    │                  └ [0m[36m[1m<src.domain.models.Document object at 0x0000028E0805B750>[0m
    [36m      │       │         │    └ [0m[36m[1m<function IndexingService._write_milvus at 0x0000028E6A012A20>[0m
    [36m      │       │         └ [0m[36m[1m<src.application.indexing_service.IndexingService object at 0x0000028E01B30210>[0m
    [36m      │       └ [0m[36m[1m<function to_thread at 0x0000028E659B4540>[0m
    [36m      └ [0m[36m[1m<module 'asyncio' from 'C:\\Users\\Administrator\\AppData\\Local\\Programs\\Python\\Python313\\Lib\\asyncio\\__init__.py'>[0m

  File "C:\Users\Administrator\AppData\Local\Programs\Python\Python313\Lib\asyncio\threads.py", line 26, in to_thread
    return await loop.run_in_executor(None, func_call)
                 │    │                     └ functools.partial(<built-in method run of _contextvars.Context object at 0x0000028E69AB0D40>, <bound method IndexingService._...
                 │    └ <function BaseEventLoop.run_in_executor at 0x0000028E659AE2A0>
                 └ <ProactorEventLoop running=False closed=True debug=False>
  File "C:\Users\Administrator\AppData\Local\Programs\Python\Python313\Lib\concurrent\futures\thread.py", line 59, in run
    result = self.fn(*self.args, **self.kwargs)
             │        │            └ None
             │        └ None
             └ None

  File "[32mC:\bi ye she ji\backend\src\application\[0m[32m[1mindexing_service.py[0m", line [33m130[0m, in [35m_write_milvus[0m
    [1mself[0m[35m[1m.[0m[1mstore[0m[35m[1m.[0m[1mensure_collection[0m[1m([0m[1m)[0m
    [36m│    │     └ [0m[36m[1m<function MilvusStore.ensure_collection at 0x0000028E69436160>[0m
    [36m│    └ [0m[36m[1m<src.infrastructure.milvus_store.MilvusStore object at 0x0000028E69F91400>[0m
    [36m└ [0m[36m[1m<src.application.indexing_service.IndexingService object at 0x0000028E01B30210>[0m

  File "[32mC:\bi ye she ji\backend\src\infrastructure\[0m[32m[1mmilvus_store.py[0m", line [33m99[0m, in [35mensure_collection[0m
    [1mclient[0m [35m[1m=[0m [1mself[0m[35m[1m.[0m[1m_get_client[0m[1m([0m[1m)[0m
    [36m         │    └ [0m[36m[1m<function MilvusStore._get_client at 0x0000028E694360C0>[0m
    [36m         └ [0m[36m[1m<src.infrastructure.milvus_store.MilvusStore object at 0x0000028E69F91400>[0m

  File "[32mC:\bi ye she ji\backend\src\infrastructure\[0m[32m[1mmilvus_store.py[0m", line [33m95[0m, in [35m_get_client[0m
    [35m[1mraise[0m [1mVectorStoreError[0m[1m([0m[36mf"[0m[36mMilvus 连接失败（[0m[1m{[0m[1mself[0m[35m[1m.[0m[1m_uri[0m[1m}[0m[36m）：[0m[1m{[0m[1mexc[0m[1m}[0m[36m"[0m[1m)[0m [35m[1mfrom[0m [1mexc[0m
    [36m      │                               │    └ [0m[36m[1m'http://localhost:19530'[0m
    [36m      │                               └ [0m[36m[1m<src.infrastructure.milvus_store.MilvusStore object at 0x0000028E69F91400>[0m
    [36m      └ [0m[36m[1m<class 'src.infrastructure.milvus_store.VectorStoreError'>[0m

[31m[1msrc.infrastructure.milvus_store.VectorStoreError[0m:[1m Milvus 连接失败（http://localhost:19530）：<MilvusException: (code=2, message=Fail connecting to server on localhost:19530, illegal connection params or server unavailable)>[0m


[1mThe above exception was the direct cause of the following exception:[0m


[33m[1mTraceback (most recent call last):[0m

  File "C:\Users\Administrator\AppData\Local\Programs\Python\Python313\Lib\threading.py", line 1015, in _bootstrap
    self._bootstrap_inner()
    │    └ <function Thread._bootstrap_inner at 0x0000028E636BD940>
    └ <WorkerThread(AnyIO worker thread, started 9604)>
  File "C:\Users\Administrator\AppData\Local\Programs\Python\Python313\Lib\threading.py", line 1044, in _bootstrap_inner
    self.run()
    │    └ <function WorkerThread.run at 0x0000028E6A001B20>
    └ <WorkerThread(AnyIO worker thread, started 9604)>
  File "C:\bi ye she ji\backend\venv\Lib\site-packages\anyio\_backends\_asyncio.py", line 1100, in run
    result = context.run(func, *args)
             │       │   │      └ ()
             │       │   └ functools.partial(<function _run_vectorize_safely at 0x0000028E6944EE80>, 'd919f1bb-0ab4-432d-8763-4c2c7a4f13fa')
             │       └ <method 'run' of '_contextvars.Context' objects>
             └ <_contextvars.Context object at 0x0000028E6E840700>

> File "[32mC:\bi ye she ji\backend\src\api\routes\[0m[32m[1mdocuments.py[0m", line [33m131[0m, in [35m_run_vectorize_safely[0m
    [1mrun_vectorize[0m[1m([0m[1mdoc_id[0m[1m)[0m
    [36m│             └ [0m[36m[1m'd919f1bb-0ab4-432d-8763-4c2c7a4f13fa'[0m
    [36m└ [0m[36m[1m<function run_vectorize at 0x0000028E6A012200>[0m

  File "[32mC:\bi ye she ji\backend\src\application\[0m[32m[1mindex_runner.py[0m", line [33m43[0m, in [35mrun_vectorize[0m
    [35m[1mreturn[0m [1masyncio[0m[35m[1m.[0m[1mrun[0m[1m([0m[1m_run[0m[1m([0m[1m)[0m[1m)[0m
    [36m       │       │   └ [0m[36m[1m<function run_vectorize.<locals>._run at 0x0000028E60B32840>[0m
    [36m       │       └ [0m[36m[1m<function run at 0x0000028E655719E0>[0m
    [36m       └ [0m[36m[1m<module 'asyncio' from 'C:\\Users\\Administrator\\AppData\\Local\\Programs\\Python\\Python313\\Lib\\asyncio\\__init__.py'>[0m

  File "C:\Users\Administrator\AppData\Local\Programs\Python\Python313\Lib\asyncio\runners.py", line 196, in run
    return runner.run(main)
           │      │   └ <coroutine object run_vectorize.<locals>._run at 0x0000028E092D0370>
           │      └ <function Runner.run at 0x0000028E659AFEC0>
           └ <asyncio.runners.Runner object at 0x0000028E02631C50>
  File "C:\Users\Administrator\AppData\Local\Programs\Python\Python313\Lib\asyncio\runners.py", line 119, in run
    return self._loop.run_until_complete(task)
           │    │                        └ <Task finished name='Task-486' coro=<run_vectorize.<locals>._run() done, defined at C:\bi ye she ji\backend\src\application\i...
           │    └ None
           └ <asyncio.runners.Runner object at 0x0000028E02631C50>
  File "C:\Users\Administrator\AppData\Local\Programs\Python\Python313\Lib\asyncio\base_events.py", line 725, in run_until_complete
    return future.result()
           │      └ <method 'result' of '_asyncio.Task' objects>
           └ <Task finished name='Task-486' coro=<run_vectorize.<locals>._run() done, defined at C:\bi ye she ji\backend\src\application\i...

  File "[32mC:\bi ye she ji\backend\src\application\[0m[32m[1mindex_runner.py[0m", line [33m32[0m, in [35m_run[0m
    [1mdoc[0m [35m[1m=[0m [35m[1mawait[0m [1mservice[0m[35m[1m.[0m[1mrun[0m[1m([0m[1muuid[0m[35m[1m.[0m[1mUUID[0m[1m([0m[1mdoc_id[0m[1m)[0m[1m)[0m
    [36m            │       │   │    │    └ [0m[36m[1m'd919f1bb-0ab4-432d-8763-4c2c7a4f13fa'[0m
    [36m            │       │   │    └ [0m[36m[1m<class 'uuid.UUID'>[0m
    [36m            │       │   └ [0m[36m[1m<module 'uuid' from 'C:\\Users\\Administrator\\AppData\\Local\\Programs\\Python\\Python313\\Lib\\uuid.py'>[0m
    [36m            │       └ [0m[36m[1m<function IndexingService.run at 0x0000028E6A0128E0>[0m
    [36m            └ [0m[36m[1m<src.application.indexing_service.IndexingService object at 0x0000028E01B30210>[0m

  File "[32mC:\bi ye she ji\backend\src\application\[0m[32m[1mindexing_service.py[0m", line [33m87[0m, in [35mrun[0m
    [35m[1mraise[0m [1mAppException[0m[1m([0m[34m[1m422[0m[1m,[0m [36mf"[0m[36m向量化失败：[0m[1m{[0m[1mexc[0m[1m}[0m[36m"[0m[1m)[0m [35m[1mfrom[0m [1mexc[0m
    [36m      └ [0m[36m[1m<class 'src.core.exceptions.AppException'>[0m

[31m[1msrc.core.exceptions.AppException[0m:[1m 向量化失败：Milvus 连接失败（http://localhost:19530）：<MilvusException: (code=2, message=Fail connecting to server on localhost:19530, illegal connection params or server unavailable)>[0m
[32m2026-09-06 11:53:34.290[0m | [1mINFO    [0m | [36msrc.application.index_runner[0m:[36m41[0m - [1m开始向量化文档 doc_id=967f28ef-152c-4049-89be-e5a93297a746[0m
2026-09-06 11:53:41,855 [ERROR][_create_connection]: Failed to create new connection using: 55ad474f9a1e4b788cfac2c52eb1c9e0 (milvus_client.py:852)
[32m2026-09-06 11:53:41.856[0m | [31m[1mERROR   [0m | [36msrc.application.indexing_service[0m:[36m85[0m - [31m[1m文档向量化失败 doc_id=6ebb11b8-6279-42b5-95e4-d69ecedf61bf: Milvus 连接失败（http://localhost:19530）：<MilvusException: (code=2, message=Fail connecting to server on localhost:19530, illegal connection params or server unavailable)>[0m
[32m2026-09-06 11:53:41.872[0m | [31m[1mERROR   [0m | [36msrc.api.routes.documents[0m:[36m133[0m - [31m[1m后台向量化任务执行失败 doc_id=6ebb11b8-6279-42b5-95e4-d69ecedf61bf[0m
[33m[1mTraceback (most recent call last):[0m

  File "[32mC:\bi ye she ji\backend\src\infrastructure\[0m[32m[1mmilvus_store.py[0m", line [33m93[0m, in [35m_get_client[0m
    [1mself[0m[35m[1m.[0m[1m_client[0m [35m[1m=[0m [1mMilvusClient[0m[1m([0m[1muri[0m[35m[1m=[0m[1mself[0m[35m[1m.[0m[1m_uri[0m[1m)[0m
    [36m│    │         │                │    └ [0m[36m[1m'http://localhost:19530'[0m
    [36m│    │         │                └ [0m[36m[1m<src.infrastructure.milvus_store.MilvusStore object at 0x0000028E69F91400>[0m
    [36m│    │         └ [0m[36m[1m<class 'pymilvus.milvus_client.milvus_client.MilvusClient'>[0m
    [36m│    └ [0m[36m[1mNone[0m
    [36m└ [0m[36m[1m<src.infrastructure.milvus_store.MilvusStore object at 0x0000028E69F91400>[0m

  File "C:\bi ye she ji\backend\venv\Lib\site-packages\pymilvus\milvus_client\milvus_client.py", line 65, in __init__
    self._using = self._create_connection(
    │             │    └ <function MilvusClient._create_connection at 0x0000028E60909260>
    │             └ <pymilvus.milvus_client.milvus_client.MilvusClient object at 0x0000028E60B73ED0>
    └ <pymilvus.milvus_client.milvus_client.MilvusClient object at 0x0000028E60B73ED0>
  File "C:\bi ye she ji\backend\venv\Lib\site-packages\pymilvus\milvus_client\milvus_client.py", line 853, in _create_connection
    raise ex from ex
  File "C:\bi ye she ji\backend\venv\Lib\site-packages\pymilvus\milvus_client\milvus_client.py", line 850, in _create_connection
    connections.connect(using, user, password, db_name, token, uri=uri, **kwargs)
    │           │       │      │     │         │        │          │      └ {'timeout': None}
    │           │       │      │     │         │        │          └ 'http://localhost:19530'
    │           │       │      │     │         │        └ ''
    │           │       │      │     │         └ ''
    │           │       │      │     └ ''
    │           │       │      └ ''
    │           │       └ '55ad474f9a1e4b788cfac2c52eb1c9e0'
    │           └ <function Connections.connect at 0x0000028E6051A0C0>
    └ <pymilvus.orm.connections.Connections object at 0x0000028E604D12B0>
  File "C:\bi ye she ji\backend\venv\Lib\site-packages\pymilvus\orm\connections.py", line 461, in connect
    connect_milvus(**kwargs, user=user, password=password, token=token, db_name=db_name)
    │                │            │              │               │              └ ''
    │                │            │              │               └ ''
    │                │            │              └ ''
    │                │            └ ''
    │                └ {'timeout': None, 'address': 'localhost:19530'}
    └ <function Connections.connect.<locals>.connect_milvus at 0x0000028E81683740>
  File "C:\bi ye she ji\backend\venv\Lib\site-packages\pymilvus\orm\connections.py", line 411, in connect_milvus
    gh._wait_for_channel_ready(timeout=timeout)
    │  │                               └ 10.0
    │  └ <function GrpcHandler._wait_for_channel_ready at 0x0000028E604BFC40>
    └ <pymilvus.client.grpc_handler.GrpcHandler object at 0x0000028E01BC5470>
  File "C:\bi ye she ji\backend\venv\Lib\site-packages\pymilvus\client\grpc_handler.py", line 154, in _wait_for_channel_ready
    raise MilvusException(
          └ <class 'pymilvus.exceptions.MilvusException'>

[31m[1mpymilvus.exceptions.MilvusException[0m:[1m <MilvusException: (code=2, message=Fail connecting to server on localhost:19530, illegal connection params or server unavailable)>[0m


[1mThe above exception was the direct cause of the following exception:[0m


[33m[1mTraceback (most recent call last):[0m

  File "[32mC:\bi ye she ji\backend\src\application\[0m[32m[1mindexing_service.py[0m", line [33m83[0m, in [35mrun[0m
    [35m[1mawait[0m [1masyncio[0m[35m[1m.[0m[1mto_thread[0m[1m([0m[1mself[0m[35m[1m.[0m[1m_write_milvus[0m[1m,[0m [1mstr[0m[1m([0m[1mdoc[0m[35m[1m.[0m[1mid[0m[1m)[0m[1m,[0m [1mrows[0m[1m)[0m
    [36m      │       │         │    │                  │   │    └ [0m[36m[1m[VectorRow(id='3ca1e862-7d0a-4ef3-82d7-fbc875f2ef70', doc_id='6ebb11b8-6279-42b5-95e4-d69ecedf61bf', kb_id='3613770c-9f6a-410...[0m
    [36m      │       │         │    │                  │   └ [0m[36m[1m<sqlalchemy.orm.attributes.InstrumentedAttribute object at 0x0000028E68DDE660>[0m
    [36m      │       │         │    │                  └ [0m[36m[1m<src.domain.models.Document object at 0x0000028E60B87EE0>[0m
    [36m      │       │         │    └ [0m[36m[1m<function IndexingService._write_milvus at 0x0000028E6A012A20>[0m
    [36m      │       │         └ [0m[36m[1m<src.application.indexing_service.IndexingService object at 0x0000028E0299B620>[0m
    [36m      │       └ [0m[36m[1m<function to_thread at 0x0000028E659B4540>[0m
    [36m      └ [0m[36m[1m<module 'asyncio' from 'C:\\Users\\Administrator\\AppData\\Local\\Programs\\Python\\Python313\\Lib\\asyncio\\__init__.py'>[0m

  File "C:\Users\Administrator\AppData\Local\Programs\Python\Python313\Lib\asyncio\threads.py", line 26, in to_thread
    return await loop.run_in_executor(None, func_call)
                 │    │                     └ functools.partial(<built-in method run of _contextvars.Context object at 0x0000028E613A6F80>, <bound method IndexingService._...
                 │    └ <function BaseEventLoop.run_in_executor at 0x0000028E659AE2A0>
                 └ <ProactorEventLoop running=False closed=True debug=False>
  File "C:\Users\Administrator\AppData\Local\Programs\Python\Python313\Lib\concurrent\futures\thread.py", line 59, in run
    result = self.fn(*self.args, **self.kwargs)
             │        │            └ None
             │        └ None
             └ None

  File "[32mC:\bi ye she ji\backend\src\application\[0m[32m[1mindexing_service.py[0m", line [33m130[0m, in [35m_write_milvus[0m
    [1mself[0m[35m[1m.[0m[1mstore[0m[35m[1m.[0m[1mensure_collection[0m[1m([0m[1m)[0m
    [36m│    │     └ [0m[36m[1m<function MilvusStore.ensure_collection at 0x0000028E69436160>[0m
    [36m│    └ [0m[36m[1m<src.infrastructure.milvus_store.MilvusStore object at 0x0000028E69F91400>[0m
    [36m└ [0m[36m[1m<src.application.indexing_service.IndexingService object at 0x0000028E0299B620>[0m

  File "[32mC:\bi ye she ji\backend\src\infrastructure\[0m[32m[1mmilvus_store.py[0m", line [33m99[0m, in [35mensure_collection[0m
    [1mclient[0m [35m[1m=[0m [1mself[0m[35m[1m.[0m[1m_get_client[0m[1m([0m[1m)[0m
    [36m         │    └ [0m[36m[1m<function MilvusStore._get_client at 0x0000028E694360C0>[0m
    [36m         └ [0m[36m[1m<src.infrastructure.milvus_store.MilvusStore object at 0x0000028E69F91400>[0m

  File "[32mC:\bi ye she ji\backend\src\infrastructure\[0m[32m[1mmilvus_store.py[0m", line [33m95[0m, in [35m_get_client[0m
    [35m[1mraise[0m [1mVectorStoreError[0m[1m([0m[36mf"[0m[36mMilvus 连接失败（[0m[1m{[0m[1mself[0m[35m[1m.[0m[1m_uri[0m[1m}[0m[36m）：[0m[1m{[0m[1mexc[0m[1m}[0m[36m"[0m[1m)[0m [35m[1mfrom[0m [1mexc[0m
    [36m      │                               │    └ [0m[36m[1m'http://localhost:19530'[0m
    [36m      │                               └ [0m[36m[1m<src.infrastructure.milvus_store.MilvusStore object at 0x0000028E69F91400>[0m
    [36m      └ [0m[36m[1m<class 'src.infrastructure.milvus_store.VectorStoreError'>[0m

[31m[1msrc.infrastructure.milvus_store.VectorStoreError[0m:[1m Milvus 连接失败（http://localhost:19530）：<MilvusException: (code=2, message=Fail connecting to server on localhost:19530, illegal connection params or server unavailable)>[0m


[1mThe above exception was the direct cause of the following exception:[0m


[33m[1mTraceback (most recent call last):[0m

  File "C:\Users\Administrator\AppData\Local\Programs\Python\Python313\Lib\threading.py", line 1015, in _bootstrap
    self._bootstrap_inner()
    │    └ <function Thread._bootstrap_inner at 0x0000028E636BD940>
    └ <WorkerThread(AnyIO worker thread, started 24404)>
  File "C:\Users\Administrator\AppData\Local\Programs\Python\Python313\Lib\threading.py", line 1044, in _bootstrap_inner
    self.run()
    │    └ <function WorkerThread.run at 0x0000028E6A001B20>
    └ <WorkerThread(AnyIO worker thread, started 24404)>
  File "C:\bi ye she ji\backend\venv\Lib\site-packages\anyio\_backends\_asyncio.py", line 1100, in run
    result = context.run(func, *args)
             │       │   │      └ ()
             │       │   └ functools.partial(<function _run_vectorize_safely at 0x0000028E6944EE80>, '6ebb11b8-6279-42b5-95e4-d69ecedf61bf')
             │       └ <method 'run' of '_contextvars.Context' objects>
             └ <_contextvars.Context object at 0x0000028E613CF580>

> File "[32mC:\bi ye she ji\backend\src\api\routes\[0m[32m[1mdocuments.py[0m", line [33m131[0m, in [35m_run_vectorize_safely[0m
    [1mrun_vectorize[0m[1m([0m[1mdoc_id[0m[1m)[0m
    [36m│             └ [0m[36m[1m'6ebb11b8-6279-42b5-95e4-d69ecedf61bf'[0m
    [36m└ [0m[36m[1m<function run_vectorize at 0x0000028E6A012200>[0m

  File "[32mC:\bi ye she ji\backend\src\application\[0m[32m[1mindex_runner.py[0m", line [33m43[0m, in [35mrun_vectorize[0m
    [35m[1mreturn[0m [1masyncio[0m[35m[1m.[0m[1mrun[0m[1m([0m[1m_run[0m[1m([0m[1m)[0m[1m)[0m
    [36m       │       │   └ [0m[36m[1m<function run_vectorize.<locals>._run at 0x0000028E815E36A0>[0m
    [36m       │       └ [0m[36m[1m<function run at 0x0000028E655719E0>[0m
    [36m       └ [0m[36m[1m<module 'asyncio' from 'C:\\Users\\Administrator\\AppData\\Local\\Programs\\Python\\Python313\\Lib\\asyncio\\__init__.py'>[0m

  File "C:\Users\Administrator\AppData\Local\Programs\Python\Python313\Lib\asyncio\runners.py", line 196, in run
    return runner.run(main)
           │      │   └ <coroutine object run_vectorize.<locals>._run at 0x0000028E178E7340>
           │      └ <function Runner.run at 0x0000028E659AFEC0>
           └ <asyncio.runners.Runner object at 0x0000028E60B03B50>
  File "C:\Users\Administrator\AppData\Local\Programs\Python\Python313\Lib\asyncio\runners.py", line 119, in run
    return self._loop.run_until_complete(task)
           │    │                        └ <Task finished name='Task-493' coro=<run_vectorize.<locals>._run() done, defined at C:\bi ye she ji\backend\src\application\i...
           │    └ None
           └ <asyncio.runners.Runner object at 0x0000028E60B03B50>
  File "C:\Users\Administrator\AppData\Local\Programs\Python\Python313\Lib\asyncio\base_events.py", line 725, in run_until_complete
    return future.result()
           │      └ <method 'result' of '_asyncio.Task' objects>
           └ <Task finished name='Task-493' coro=<run_vectorize.<locals>._run() done, defined at C:\bi ye she ji\backend\src\application\i...

  File "[32mC:\bi ye she ji\backend\src\application\[0m[32m[1mindex_runner.py[0m", line [33m32[0m, in [35m_run[0m
    [1mdoc[0m [35m[1m=[0m [35m[1mawait[0m [1mservice[0m[35m[1m.[0m[1mrun[0m[1m([0m[1muuid[0m[35m[1m.[0m[1mUUID[0m[1m([0m[1mdoc_id[0m[1m)[0m[1m)[0m
    [36m            │       │   │    │    └ [0m[36m[1m'6ebb11b8-6279-42b5-95e4-d69ecedf61bf'[0m
    [36m            │       │   │    └ [0m[36m[1m<class 'uuid.UUID'>[0m
    [36m            │       │   └ [0m[36m[1m<module 'uuid' from 'C:\\Users\\Administrator\\AppData\\Local\\Programs\\Python\\Python313\\Lib\\uuid.py'>[0m
    [36m            │       └ [0m[36m[1m<function IndexingService.run at 0x0000028E6A0128E0>[0m
    [36m            └ [0m[36m[1m<src.application.indexing_service.IndexingService object at 0x0000028E0299B620>[0m

  File "[32mC:\bi ye she ji\backend\src\application\[0m[32m[1mindexing_service.py[0m", line [33m87[0m, in [35mrun[0m
    [35m[1mraise[0m [1mAppException[0m[1m([0m[34m[1m422[0m[1m,[0m [36mf"[0m[36m向量化失败：[0m[1m{[0m[1mexc[0m[1m}[0m[36m"[0m[1m)[0m [35m[1mfrom[0m [1mexc[0m
    [36m      └ [0m[36m[1m<class 'src.core.exceptions.AppException'>[0m

[31m[1msrc.core.exceptions.AppException[0m:[1m 向量化失败：Milvus 连接失败（http://localhost:19530）：<MilvusException: (code=2, message=Fail connecting to server on localhost:19530, illegal connection params or server unavailable)>[0m
[32m2026-09-06 11:53:41.892[0m | [1mINFO    [0m | [36msrc.application.index_runner[0m:[36m41[0m - [1m开始向量化文档 doc_id=26aded45-0f75-4fb5-a7d1-33513b067e16[0m
2026-09-06 11:53:51,505 [ERROR][_create_connection]: Failed to create new connection using: 1f5bbe721b8d4a3698069a613c5d5afc (milvus_client.py:852)
[32m2026-09-06 11:53:51.507[0m | [31m[1mERROR   [0m | [36msrc.application.indexing_service[0m:[36m85[0m - [31m[1m文档向量化失败 doc_id=f467e807-8c6e-4e57-8a1a-332f8f2abb3f: Milvus 连接失败（http://localhost:19530）：<MilvusException: (code=2, message=Fail connecting to server on localhost:19530, illegal connection params or server unavailable)>[0m
[32m2026-09-06 11:53:51.533[0m | [31m[1mERROR   [0m | [36msrc.api.routes.documents[0m:[36m133[0m - [31m[1m后台向量化任务执行失败 doc_id=f467e807-8c6e-4e57-8a1a-332f8f2abb3f[0m
[33m[1mTraceback (most recent call last):[0m

  File "[32mC:\bi ye she ji\backend\src\infrastructure\[0m[32m[1mmilvus_store.py[0m", line [33m93[0m, in [35m_get_client[0m
    [1mself[0m[35m[1m.[0m[1m_client[0m [35m[1m=[0m [1mMilvusClient[0m[1m([0m[1muri[0m[35m[1m=[0m[1mself[0m[35m[1m.[0m[1m_uri[0m[1m)[0m
    [36m│    │         │                │    └ [0m[36m[1m'http://localhost:19530'[0m
    [36m│    │         │                └ [0m[36m[1m<src.infrastructure.milvus_store.MilvusStore object at 0x0000028E69F91400>[0m
    [36m│    │         └ [0m[36m[1m<class 'pymilvus.milvus_client.milvus_client.MilvusClient'>[0m
    [36m│    └ [0m[36m[1mNone[0m
    [36m└ [0m[36m[1m<src.infrastructure.milvus_store.MilvusStore object at 0x0000028E69F91400>[0m

  File "C:\bi ye she ji\backend\venv\Lib\site-packages\pymilvus\milvus_client\milvus_client.py", line 65, in __init__
    self._using = self._create_connection(
    │             │    └ <function MilvusClient._create_connection at 0x0000028E60909260>
    │             └ <pymilvus.milvus_client.milvus_client.MilvusClient object at 0x0000028E01B779D0>
    └ <pymilvus.milvus_client.milvus_client.MilvusClient object at 0x0000028E01B779D0>
  File "C:\bi ye she ji\backend\venv\Lib\site-packages\pymilvus\milvus_client\milvus_client.py", line 853, in _create_connection
    raise ex from ex
  File "C:\bi ye she ji\backend\venv\Lib\site-packages\pymilvus\milvus_client\milvus_client.py", line 850, in _create_connection
    connections.connect(using, user, password, db_name, token, uri=uri, **kwargs)
    │           │       │      │     │         │        │          │      └ {'timeout': None}
    │           │       │      │     │         │        │          └ 'http://localhost:19530'
    │           │       │      │     │         │        └ ''
    │           │       │      │     │         └ ''
    │           │       │      │     └ ''
    │           │       │      └ ''
    │           │       └ '1f5bbe721b8d4a3698069a613c5d5afc'
    │           └ <function Connections.connect at 0x0000028E6051A0C0>
    └ <pymilvus.orm.connections.Connections object at 0x0000028E604D12B0>
  File "C:\bi ye she ji\backend\venv\Lib\site-packages\pymilvus\orm\connections.py", line 461, in connect
    connect_milvus(**kwargs, user=user, password=password, token=token, db_name=db_name)
    │                │            │              │               │              └ ''
    │                │            │              │               └ ''
    │                │            │              └ ''
    │                │            └ ''
    │                └ {'timeout': None, 'address': 'localhost:19530'}
    └ <function Connections.connect.<locals>.connect_milvus at 0x0000028E81668400>
  File "C:\bi ye she ji\backend\venv\Lib\site-packages\pymilvus\orm\connections.py", line 411, in connect_milvus
    gh._wait_for_channel_ready(timeout=timeout)
    │  │                               └ 10.0
    │  └ <function GrpcHandler._wait_for_channel_ready at 0x0000028E604BFC40>
    └ <pymilvus.client.grpc_handler.GrpcHandler object at 0x0000028E81648D70>
  File "C:\bi ye she ji\backend\venv\Lib\site-packages\pymilvus\client\grpc_handler.py", line 154, in _wait_for_channel_ready
    raise MilvusException(
          └ <class 'pymilvus.exceptions.MilvusException'>

[31m[1mpymilvus.exceptions.MilvusException[0m:[1m <MilvusException: (code=2, message=Fail connecting to server on localhost:19530, illegal connection params or server unavailable)>[0m


[1mThe above exception was the direct cause of the following exception:[0m


[33m[1mTraceback (most recent call last):[0m

  File "[32mC:\bi ye she ji\backend\src\application\[0m[32m[1mindexing_service.py[0m", line [33m83[0m, in [35mrun[0m
    [35m[1mawait[0m [1masyncio[0m[35m[1m.[0m[1mto_thread[0m[1m([0m[1mself[0m[35m[1m.[0m[1m_write_milvus[0m[1m,[0m [1mstr[0m[1m([0m[1mdoc[0m[35m[1m.[0m[1mid[0m[1m)[0m[1m,[0m [1mrows[0m[1m)[0m
    [36m      │       │         │    │                  │   │    └ [0m[36m[1m[VectorRow(id='f2f83c76-e748-4b3b-9825-138771b0d2ee', doc_id='f467e807-8c6e-4e57-8a1a-332f8f2abb3f', kb_id='a0d3b16e-3b9a-44f...[0m
    [36m      │       │         │    │                  │   └ [0m[36m[1m<sqlalchemy.orm.attributes.InstrumentedAttribute object at 0x0000028E68DDE660>[0m
    [36m      │       │         │    │                  └ [0m[36m[1m<src.domain.models.Document object at 0x0000028E0296E990>[0m
    [36m      │       │         │    └ [0m[36m[1m<function IndexingService._write_milvus at 0x0000028E6A012A20>[0m
    [36m      │       │         └ [0m[36m[1m<src.application.indexing_service.IndexingService object at 0x0000028E609E7EE0>[0m
    [36m      │       └ [0m[36m[1m<function to_thread at 0x0000028E659B4540>[0m
    [36m      └ [0m[36m[1m<module 'asyncio' from 'C:\\Users\\Administrator\\AppData\\Local\\Programs\\Python\\Python313\\Lib\\asyncio\\__init__.py'>[0m

  File "C:\Users\Administrator\AppData\Local\Programs\Python\Python313\Lib\asyncio\threads.py", line 26, in to_thread
    return await loop.run_in_executor(None, func_call)
                 │    │                     └ functools.partial(<built-in method run of _contextvars.Context object at 0x0000028E7CA863C0>, <bound method IndexingService._...
                 │    └ <function BaseEventLoop.run_in_executor at 0x0000028E659AE2A0>
                 └ <ProactorEventLoop running=False closed=True debug=False>
  File "C:\Users\Administrator\AppData\Local\Programs\Python\Python313\Lib\concurrent\futures\thread.py", line 59, in run
    result = self.fn(*self.args, **self.kwargs)
             │        │            └ None
             │        └ None
             └ None

  File "[32mC:\bi ye she ji\backend\src\application\[0m[32m[1mindexing_service.py[0m", line [33m130[0m, in [35m_write_milvus[0m
    [1mself[0m[35m[1m.[0m[1mstore[0m[35m[1m.[0m[1mensure_collection[0m[1m([0m[1m)[0m
    [36m│    │     └ [0m[36m[1m<function MilvusStore.ensure_collection at 0x0000028E69436160>[0m
    [36m│    └ [0m[36m[1m<src.infrastructure.milvus_store.MilvusStore object at 0x0000028E69F91400>[0m
    [36m└ [0m[36m[1m<src.application.indexing_service.IndexingService object at 0x0000028E609E7EE0>[0m

  File "[32mC:\bi ye she ji\backend\src\infrastructure\[0m[32m[1mmilvus_store.py[0m", line [33m99[0m, in [35mensure_collection[0m
    [1mclient[0m [35m[1m=[0m [1mself[0m[35m[1m.[0m[1m_get_client[0m[1m([0m[1m)[0m
    [36m         │    └ [0m[36m[1m<function MilvusStore._get_client at 0x0000028E694360C0>[0m
    [36m         └ [0m[36m[1m<src.infrastructure.milvus_store.MilvusStore object at 0x0000028E69F91400>[0m

  File "[32mC:\bi ye she ji\backend\src\infrastructure\[0m[32m[1mmilvus_store.py[0m", line [33m95[0m, in [35m_get_client[0m
    [35m[1mraise[0m [1mVectorStoreError[0m[1m([0m[36mf"[0m[36mMilvus 连接失败（[0m[1m{[0m[1mself[0m[35m[1m.[0m[1m_uri[0m[1m}[0m[36m）：[0m[1m{[0m[1mexc[0m[1m}[0m[36m"[0m[1m)[0m [35m[1mfrom[0m [1mexc[0m
    [36m      │                               │    └ [0m[36m[1m'http://localhost:19530'[0m
    [36m      │                               └ [0m[36m[1m<src.infrastructure.milvus_store.MilvusStore object at 0x0000028E69F91400>[0m
    [36m      └ [0m[36m[1m<class 'src.infrastructure.milvus_store.VectorStoreError'>[0m

[31m[1msrc.infrastructure.milvus_store.VectorStoreError[0m:[1m Milvus 连接失败（http://localhost:19530）：<MilvusException: (code=2, message=Fail connecting to server on localhost:19530, illegal connection params or server unavailable)>[0m


[1mThe above exception was the direct cause of the following exception:[0m


[33m[1mTraceback (most recent call last):[0m

  File "C:\Users\Administrator\AppData\Local\Programs\Python\Python313\Lib\threading.py", line 1015, in _bootstrap
    self._bootstrap_inner()
    │    └ <function Thread._bootstrap_inner at 0x0000028E636BD940>
    └ <WorkerThread(AnyIO worker thread, started 10304)>
  File "C:\Users\Administrator\AppData\Local\Programs\Python\Python313\Lib\threading.py", line 1044, in _bootstrap_inner
    self.run()
    │    └ <function WorkerThread.run at 0x0000028E6A001B20>
    └ <WorkerThread(AnyIO worker thread, started 10304)>
  File "C:\bi ye she ji\backend\venv\Lib\site-packages\anyio\_backends\_asyncio.py", line 1100, in run
    result = context.run(func, *args)
             │       │   │      └ ()
             │       │   └ functools.partial(<function _run_vectorize_safely at 0x0000028E6944EE80>, 'f467e807-8c6e-4e57-8a1a-332f8f2abb3f')
             │       └ <method 'run' of '_contextvars.Context' objects>
             └ <_contextvars.Context object at 0x0000028E6A057E80>

> File "[32mC:\bi ye she ji\backend\src\api\routes\[0m[32m[1mdocuments.py[0m", line [33m131[0m, in [35m_run_vectorize_safely[0m
    [1mrun_vectorize[0m[1m([0m[1mdoc_id[0m[1m)[0m
    [36m│             └ [0m[36m[1m'f467e807-8c6e-4e57-8a1a-332f8f2abb3f'[0m
    [36m└ [0m[36m[1m<function run_vectorize at 0x0000028E6A012200>[0m

  File "[32mC:\bi ye she ji\backend\src\application\[0m[32m[1mindex_runner.py[0m", line [33m43[0m, in [35mrun_vectorize[0m
    [35m[1mreturn[0m [1masyncio[0m[35m[1m.[0m[1mrun[0m[1m([0m[1m_run[0m[1m([0m[1m)[0m[1m)[0m
    [36m       │       │   └ [0m[36m[1m<function run_vectorize.<locals>._run at 0x0000028E60B82F20>[0m
    [36m       │       └ [0m[36m[1m<function run at 0x0000028E655719E0>[0m
    [36m       └ [0m[36m[1m<module 'asyncio' from 'C:\\Users\\Administrator\\AppData\\Local\\Programs\\Python\\Python313\\Lib\\asyncio\\__init__.py'>[0m

  File "C:\Users\Administrator\AppData\Local\Programs\Python\Python313\Lib\asyncio\runners.py", line 196, in run
    return runner.run(main)
           │      │   └ <coroutine object run_vectorize.<locals>._run at 0x0000028E69EFC590>
           │      └ <function Runner.run at 0x0000028E659AFEC0>
           └ <asyncio.runners.Runner object at 0x0000028E7EF14250>
  File "C:\Users\Administrator\AppData\Local\Programs\Python\Python313\Lib\asyncio\runners.py", line 119, in run
    return self._loop.run_until_complete(task)
           │    │                        └ <Task finished name='Task-500' coro=<run_vectorize.<locals>._run() done, defined at C:\bi ye she ji\backend\src\application\i...
           │    └ None
           └ <asyncio.runners.Runner object at 0x0000028E7EF14250>
  File "C:\Users\Administrator\AppData\Local\Programs\Python\Python313\Lib\asyncio\base_events.py", line 725, in run_until_complete
    return future.result()
           │      └ <method 'result' of '_asyncio.Task' objects>
           └ <Task finished name='Task-500' coro=<run_vectorize.<locals>._run() done, defined at C:\bi ye she ji\backend\src\application\i...

  File "[32mC:\bi ye she ji\backend\src\application\[0m[32m[1mindex_runner.py[0m", line [33m32[0m, in [35m_run[0m
    [1mdoc[0m [35m[1m=[0m [35m[1mawait[0m [1mservice[0m[35m[1m.[0m[1mrun[0m[1m([0m[1muuid[0m[35m[1m.[0m[1mUUID[0m[1m([0m[1mdoc_id[0m[1m)[0m[1m)[0m
    [36m            │       │   │    │    └ [0m[36m[1m'f467e807-8c6e-4e57-8a1a-332f8f2abb3f'[0m
    [36m            │       │   │    └ [0m[36m[1m<class 'uuid.UUID'>[0m
    [36m            │       │   └ [0m[36m[1m<module 'uuid' from 'C:\\Users\\Administrator\\AppData\\Local\\Programs\\Python\\Python313\\Lib\\uuid.py'>[0m
    [36m            │       └ [0m[36m[1m<function IndexingService.run at 0x0000028E6A0128E0>[0m
    [36m            └ [0m[36m[1m<src.application.indexing_service.IndexingService object at 0x0000028E609E7EE0>[0m

  File "[32mC:\bi ye she ji\backend\src\application\[0m[32m[1mindexing_service.py[0m", line [33m87[0m, in [35mrun[0m
    [35m[1mraise[0m [1mAppException[0m[1m([0m[34m[1m422[0m[1m,[0m [36mf"[0m[36m向量化失败：[0m[1m{[0m[1mexc[0m[1m}[0m[36m"[0m[1m)[0m [35m[1mfrom[0m [1mexc[0m
    [36m      └ [0m[36m[1m<class 'src.core.exceptions.AppException'>[0m

[31m[1msrc.core.exceptions.AppException[0m:[1m 向量化失败：Milvus 连接失败（http://localhost:19530）：<MilvusException: (code=2, message=Fail connecting to server on localhost:19530, illegal connection params or server unavailable)>[0m
[32m2026-09-06 11:53:51.567[0m | [1mINFO    [0m | [36msrc.application.index_runner[0m:[36m41[0m - [1m开始向量化文档 doc_id=615aac94-82a1-4d99-9ed2-ed1a2eed0505[0m
2026-09-06 11:54:03,002 [ERROR][_create_connection]: Failed to create new connection using: b27b8c93963c460485c5d93c2246f7af (milvus_client.py:852)
[32m2026-09-06 11:54:03.004[0m | [31m[1mERROR   [0m | [36msrc.application.indexing_service[0m:[36m85[0m - [31m[1m文档向量化失败 doc_id=04b26665-4a20-4239-98dd-175419e80131: Milvus 连接失败（http://localhost:19530）：<MilvusException: (code=2, message=Fail connecting to server on localhost:19530, illegal connection params or server unavailable)>[0m
[32m2026-09-06 11:54:03.022[0m | [31m[1mERROR   [0m | [36msrc.api.routes.documents[0m:[36m133[0m - [31m[1m后台向量化任务执行失败 doc_id=04b26665-4a20-4239-98dd-175419e80131[0m
[33m[1mTraceback (most recent call last):[0m

  File "[32mC:\bi ye she ji\backend\src\infrastructure\[0m[32m[1mmilvus_store.py[0m", line [33m93[0m, in [35m_get_client[0m
    [1mself[0m[35m[1m.[0m[1m_client[0m [35m[1m=[0m [1mMilvusClient[0m[1m([0m[1muri[0m[35m[1m=[0m[1mself[0m[35m[1m.[0m[1m_uri[0m[1m)[0m
    [36m│    │         │                │    └ [0m[36m[1m'http://localhost:19530'[0m
    [36m│    │         │                └ [0m[36m[1m<src.infrastructure.milvus_store.MilvusStore object at 0x0000028E69F91400>[0m
    [36m│    │         └ [0m[36m[1m<class 'pymilvus.milvus_client.milvus_client.MilvusClient'>[0m
    [36m│    └ [0m[36m[1mNone[0m
    [36m└ [0m[36m[1m<src.infrastructure.milvus_store.MilvusStore object at 0x0000028E69F91400>[0m

  File "C:\bi ye she ji\backend\venv\Lib\site-packages\pymilvus\milvus_client\milvus_client.py", line 65, in __init__
    self._using = self._create_connection(
    │             │    └ <function MilvusClient._create_connection at 0x0000028E60909260>
    │             └ <pymilvus.milvus_client.milvus_client.MilvusClient object at 0x0000028E83A98640>
    └ <pymilvus.milvus_client.milvus_client.MilvusClient object at 0x0000028E83A98640>
  File "C:\bi ye she ji\backend\venv\Lib\site-packages\pymilvus\milvus_client\milvus_client.py", line 853, in _create_connection
    raise ex from ex
  File "C:\bi ye she ji\backend\venv\Lib\site-packages\pymilvus\milvus_client\milvus_client.py", line 850, in _create_connection
    connections.connect(using, user, password, db_name, token, uri=uri, **kwargs)
    │           │       │      │     │         │        │          │      └ {'timeout': None}
    │           │       │      │     │         │        │          └ 'http://localhost:19530'
    │           │       │      │     │         │        └ ''
    │           │       │      │     │         └ ''
    │           │       │      │     └ ''
    │           │       │      └ ''
    │           │       └ 'b27b8c93963c460485c5d93c2246f7af'
    │           └ <function Connections.connect at 0x0000028E6051A0C0>
    └ <pymilvus.orm.connections.Connections object at 0x0000028E604D12B0>
  File "C:\bi ye she ji\backend\venv\Lib\site-packages\pymilvus\orm\connections.py", line 461, in connect
    connect_milvus(**kwargs, user=user, password=password, token=token, db_name=db_name)
    │                │            │              │               │              └ ''
    │                │            │              │               └ ''
    │                │            │              └ ''
    │                │            └ ''
    │                └ {'timeout': None, 'address': 'localhost:19530'}
    └ <function Connections.connect.<locals>.connect_milvus at 0x0000028E83A83E20>
  File "C:\bi ye she ji\backend\venv\Lib\site-packages\pymilvus\orm\connections.py", line 411, in connect_milvus
    gh._wait_for_channel_ready(timeout=timeout)
    │  │                               └ 10.0
    │  └ <function GrpcHandler._wait_for_channel_ready at 0x0000028E604BFC40>
    └ <pymilvus.client.grpc_handler.GrpcHandler object at 0x0000028E83A912B0>
  File "C:\bi ye she ji\backend\venv\Lib\site-packages\pymilvus\client\grpc_handler.py", line 154, in _wait_for_channel_ready
    raise MilvusException(
          └ <class 'pymilvus.exceptions.MilvusException'>

[31m[1mpymilvus.exceptions.MilvusException[0m:[1m <MilvusException: (code=2, message=Fail connecting to server on localhost:19530, illegal connection params or server unavailable)>[0m


[1mThe above exception was the direct cause of the following exception:[0m


[33m[1mTraceback (most recent call last):[0m

  File "[32mC:\bi ye she ji\backend\src\application\[0m[32m[1mindexing_service.py[0m", line [33m83[0m, in [35mrun[0m
    [35m[1mawait[0m [1masyncio[0m[35m[1m.[0m[1mto_thread[0m[1m([0m[1mself[0m[35m[1m.[0m[1m_write_milvus[0m[1m,[0m [1mstr[0m[1m([0m[1mdoc[0m[35m[1m.[0m[1mid[0m[1m)[0m[1m,[0m [1mrows[0m[1m)[0m
    [36m      │       │         │    │                  │   │    └ [0m[36m[1m[VectorRow(id='63cd835b-8282-49f5-9407-f6691c98211c', doc_id='04b26665-4a20-4239-98dd-175419e80131', kb_id='c3399805-ab93-4b7...[0m
    [36m      │       │         │    │                  │   └ [0m[36m[1m<sqlalchemy.orm.attributes.InstrumentedAttribute object at 0x0000028E68DDE660>[0m
    [36m      │       │         │    │                  └ [0m[36m[1m<src.domain.models.Document object at 0x0000028E81690E10>[0m
    [36m      │       │         │    └ [0m[36m[1m<function IndexingService._write_milvus at 0x0000028E6A012A20>[0m
    [36m      │       │         └ [0m[36m[1m<src.application.indexing_service.IndexingService object at 0x0000028E83A17380>[0m
    [36m      │       └ [0m[36m[1m<function to_thread at 0x0000028E659B4540>[0m
    [36m      └ [0m[36m[1m<module 'asyncio' from 'C:\\Users\\Administrator\\AppData\\Local\\Programs\\Python\\Python313\\Lib\\asyncio\\__init__.py'>[0m

  File "C:\Users\Administrator\AppData\Local\Programs\Python\Python313\Lib\asyncio\threads.py", line 26, in to_thread
    return await loop.run_in_executor(None, func_call)
                 │    │                     └ functools.partial(<built-in method run of _contextvars.Context object at 0x0000028E6A057E80>, <bound method IndexingService._...
                 │    └ <function BaseEventLoop.run_in_executor at 0x0000028E659AE2A0>
                 └ <ProactorEventLoop running=False closed=True debug=False>
  File "C:\Users\Administrator\AppData\Local\Programs\Python\Python313\Lib\concurrent\futures\thread.py", line 59, in run
    result = self.fn(*self.args, **self.kwargs)
             │        │            └ None
             │        └ None
             └ None

  File "[32mC:\bi ye she ji\backend\src\application\[0m[32m[1mindexing_service.py[0m", line [33m130[0m, in [35m_write_milvus[0m
    [1mself[0m[35m[1m.[0m[1mstore[0m[35m[1m.[0m[1mensure_collection[0m[1m([0m[1m)[0m
    [36m│    │     └ [0m[36m[1m<function MilvusStore.ensure_collection at 0x0000028E69436160>[0m
    [36m│    └ [0m[36m[1m<src.infrastructure.milvus_store.MilvusStore object at 0x0000028E69F91400>[0m
    [36m└ [0m[36m[1m<src.application.indexing_service.IndexingService object at 0x0000028E83A17380>[0m

  File "[32mC:\bi ye she ji\backend\src\infrastructure\[0m[32m[1mmilvus_store.py[0m", line [33m99[0m, in [35mensure_collection[0m
    [1mclient[0m [35m[1m=[0m [1mself[0m[35m[1m.[0m[1m_get_client[0m[1m([0m[1m)[0m
    [36m         │    └ [0m[36m[1m<function MilvusStore._get_client at 0x0000028E694360C0>[0m
    [36m         └ [0m[36m[1m<src.infrastructure.milvus_store.MilvusStore object at 0x0000028E69F91400>[0m

  File "[32mC:\bi ye she ji\backend\src\infrastructure\[0m[32m[1mmilvus_store.py[0m", line [33m95[0m, in [35m_get_client[0m
    [35m[1mraise[0m [1mVectorStoreError[0m[1m([0m[36mf"[0m[36mMilvus 连接失败（[0m[1m{[0m[1mself[0m[35m[1m.[0m[1m_uri[0m[1m}[0m[36m）：[0m[1m{[0m[1mexc[0m[1m}[0m[36m"[0m[1m)[0m [35m[1mfrom[0m [1mexc[0m
    [36m      │                               │    └ [0m[36m[1m'http://localhost:19530'[0m
    [36m      │                               └ [0m[36m[1m<src.infrastructure.milvus_store.MilvusStore object at 0x0000028E69F91400>[0m
    [36m      └ [0m[36m[1m<class 'src.infrastructure.milvus_store.VectorStoreError'>[0m

[31m[1msrc.infrastructure.milvus_store.VectorStoreError[0m:[1m Milvus 连接失败（http://localhost:19530）：<MilvusException: (code=2, message=Fail connecting to server on localhost:19530, illegal connection params or server unavailable)>[0m


[1mThe above exception was the direct cause of the following exception:[0m


[33m[1mTraceback (most recent call last):[0m

  File "C:\Users\Administrator\AppData\Local\Programs\Python\Python313\Lib\threading.py", line 1015, in _bootstrap
    self._bootstrap_inner()
    │    └ <function Thread._bootstrap_inner at 0x0000028E636BD940>
    └ <WorkerThread(AnyIO worker thread, started 21576)>
  File "C:\Users\Administrator\AppData\Local\Programs\Python\Python313\Lib\threading.py", line 1044, in _bootstrap_inner
    self.run()
    │    └ <function WorkerThread.run at 0x0000028E6A001B20>
    └ <WorkerThread(AnyIO worker thread, started 21576)>
  File "C:\bi ye she ji\backend\venv\Lib\site-packages\anyio\_backends\_asyncio.py", line 1100, in run
    result = context.run(func, *args)
             │       │   │      └ ()
             │       │   └ functools.partial(<function _run_vectorize_safely at 0x0000028E6944EE80>, '04b26665-4a20-4239-98dd-175419e80131')
             │       └ <method 'run' of '_contextvars.Context' objects>
             └ <_contextvars.Context object at 0x0000028E7CFC0440>

> File "[32mC:\bi ye she ji\backend\src\api\routes\[0m[32m[1mdocuments.py[0m", line [33m131[0m, in [35m_run_vectorize_safely[0m
    [1mrun_vectorize[0m[1m([0m[1mdoc_id[0m[1m)[0m
    [36m│             └ [0m[36m[1m'04b26665-4a20-4239-98dd-175419e80131'[0m
    [36m└ [0m[36m[1m<function run_vectorize at 0x0000028E6A012200>[0m

  File "[32mC:\bi ye she ji\backend\src\application\[0m[32m[1mindex_runner.py[0m", line [33m43[0m, in [35mrun_vectorize[0m
    [35m[1mreturn[0m [1masyncio[0m[35m[1m.[0m[1mrun[0m[1m([0m[1m_run[0m[1m([0m[1m)[0m[1m)[0m
    [36m       │       │   └ [0m[36m[1m<function run_vectorize.<locals>._run at 0x0000028E6097FB00>[0m
    [36m       │       └ [0m[36m[1m<function run at 0x0000028E655719E0>[0m
    [36m       └ [0m[36m[1m<module 'asyncio' from 'C:\\Users\\Administrator\\AppData\\Local\\Programs\\Python\\Python313\\Lib\\asyncio\\__init__.py'>[0m

  File "C:\Users\Administrator\AppData\Local\Programs\Python\Python313\Lib\asyncio\runners.py", line 196, in run
    return runner.run(main)
           │      │   └ <coroutine object run_vectorize.<locals>._run at 0x0000028E6A02E240>
           │      └ <function Runner.run at 0x0000028E659AFEC0>
           └ <asyncio.runners.Runner object at 0x0000028E60B02BD0>
  File "C:\Users\Administrator\AppData\Local\Programs\Python\Python313\Lib\asyncio\runners.py", line 119, in run
    return self._loop.run_until_complete(task)
           │    │                        └ <Task finished name='Task-514' coro=<run_vectorize.<locals>._run() done, defined at C:\bi ye she ji\backend\src\application\i...
           │    └ None
           └ <asyncio.runners.Runner object at 0x0000028E60B02BD0>
  File "C:\Users\Administrator\AppData\Local\Programs\Python\Python313\Lib\asyncio\base_events.py", line 725, in run_until_complete
    return future.result()
           │      └ <method 'result' of '_asyncio.Task' objects>
           └ <Task finished name='Task-514' coro=<run_vectorize.<locals>._run() done, defined at C:\bi ye she ji\backend\src\application\i...

  File "[32mC:\bi ye she ji\backend\src\application\[0m[32m[1mindex_runner.py[0m", line [33m32[0m, in [35m_run[0m
    [1mdoc[0m [35m[1m=[0m [35m[1mawait[0m [1mservice[0m[35m[1m.[0m[1mrun[0m[1m([0m[1muuid[0m[35m[1m.[0m[1mUUID[0m[1m([0m[1mdoc_id[0m[1m)[0m[1m)[0m
    [36m            │       │   │    │    └ [0m[36m[1m'04b26665-4a20-4239-98dd-175419e80131'[0m
    [36m            │       │   │    └ [0m[36m[1m<class 'uuid.UUID'>[0m
    [36m            │       │   └ [0m[36m[1m<module 'uuid' from 'C:\\Users\\Administrator\\AppData\\Local\\Programs\\Python\\Python313\\Lib\\uuid.py'>[0m
    [36m            │       └ [0m[36m[1m<function IndexingService.run at 0x0000028E6A0128E0>[0m
    [36m            └ [0m[36m[1m<src.application.indexing_service.IndexingService object at 0x0000028E83A17380>[0m

  File "[32mC:\bi ye she ji\backend\src\application\[0m[32m[1mindexing_service.py[0m", line [33m87[0m, in [35mrun[0m
    [35m[1mraise[0m [1mAppException[0m[1m([0m[34m[1m422[0m[1m,[0m [36mf"[0m[36m向量化失败：[0m[1m{[0m[1mexc[0m[1m}[0m[36m"[0m[1m)[0m [35m[1mfrom[0m [1mexc[0m
    [36m      └ [0m[36m[1m<class 'src.core.exceptions.AppException'>[0m

[31m[1msrc.core.exceptions.AppException[0m:[1m 向量化失败：Milvus 连接失败（http://localhost:19530）：<MilvusException: (code=2, message=Fail connecting to server on localhost:19530, illegal connection params or server unavailable)>[0m
[32m2026-09-06 11:54:03.037[0m | [1mINFO    [0m | [36msrc.application.index_runner[0m:[36m41[0m - [1m开始向量化文档 doc_id=19d2af2f-320e-4242-ab5b-87b1ebad14a9[0m
[32m2026-09-06 11:54:07.121[0m | [1mINFO    [0m | [36msrc.application.indexing_service[0m:[36m99[0m - [1m文档向量化完成 doc_id=186ee5f9-442a-471f-96c5-b73feb81628b vectors=4 embedding=BGE3Embedding 耗时=25163ms[0m
[32m2026-09-06 11:54:07.133[0m | [1mINFO    [0m | [36msrc.application.index_runner[0m:[36m41[0m - [1m开始向量化文档 doc_id=4cadd73a-777a-4174-a316-8f869e4c1c81[0m
C:\bi ye she ji\backend\venv\Lib\site-packages\jwt\api_jwt.py:368: InsecureKeyLengthWarning: The HMAC key is 23 bytes long, which is below the minimum recommended length of 32 bytes for SHA256. See RFC 7518 Section 3.2.
  decoded = self.decode_complete(
[32m2026-09-06 11:54:15.006[0m | [1mINFO    [0m | [36msrc.application.indexing_service[0m:[36m99[0m - [1m文档向量化完成 doc_id=46847018-3b9f-4e5d-9ecb-072ae7c452ea vectors=1 embedding=BGE3Embedding 耗时=11906ms[0m
[32m2026-09-06 11:54:15.021[0m | [1mINFO    [0m | [36msrc.application.index_runner[0m:[36m41[0m - [1m开始向量化文档 doc_id=77e577f9-3d54-4f1a-8d2a-f61385684f96[0m
[32m2026-09-06 11:54:25.165[0m | [1mINFO    [0m | [36msrc.application.indexing_service[0m:[36m99[0m - [1m文档向量化完成 doc_id=2d0dbfb3-0417-44dc-9e6f-00f60e46022c vectors=1 embedding=BGE3Embedding 耗时=17951ms[0m
[32m2026-09-06 11:54:25.173[0m | [1mINFO    [0m | [36msrc.application.index_runner[0m:[36m41[0m - [1m开始向量化文档 doc_id=f2a4d5e7-c810-4dfd-b094-440f862682cf[0m
[32m2026-09-06 11:54:35.789[0m | [1mINFO    [0m | [36msrc.application.indexing_service[0m:[36m99[0m - [1m文档向量化完成 doc_id=963d09eb-0189-4dbe-b669-35fb8b932ffd vectors=1 embedding=BGE3Embedding 耗时=20709ms[0m
[32m2026-09-06 11:54:35.804[0m | [1mINFO    [0m | [36msrc.application.index_runner[0m:[36m41[0m - [1m开始向量化文档 doc_id=4ea7d382-749b-4445-86ca-2b6c0fb19273[0m
[32m2026-09-06 11:54:45.773[0m | [1mINFO    [0m | [36msrc.application.indexing_service[0m:[36m99[0m - [1m文档向量化完成 doc_id=ea4f066e-cbca-4326-ad8a-790b6aa182a6 vectors=1 embedding=BGE3Embedding 耗时=20542ms[0m
[32m2026-09-06 11:54:45.781[0m | [1mINFO    [0m | [36msrc.application.index_runner[0m:[36m41[0m - [1m开始向量化文档 doc_id=5ab18d0e-cc79-4691-bd80-c2976536e9ee[0m
[32m2026-09-06 11:54:55.556[0m | [1mINFO    [0m | [36msrc.application.indexing_service[0m:[36m99[0m - [1m文档向量化完成 doc_id=98758194-560e-47bd-ba35-781c6ccb8c2b vectors=2 embedding=BGE3Embedding 耗时=19696ms[0m
[32m2026-09-06 11:54:55.565[0m | [1mINFO    [0m | [36msrc.application.index_runner[0m:[36m41[0m - [1m开始向量化文档 doc_id=14d5bebf-4777-4ea4-b626-a3f2f9cb0205[0m
[32m2026-09-06 11:55:05.639[0m | [1mINFO    [0m | [36msrc.application.indexing_service[0m:[36m99[0m - [1m文档向量化完成 doc_id=b3a57a7f-590d-4f23-a114-1e60aed30616 vectors=2 embedding=BGE3Embedding 耗时=10006ms[0m
[32m2026-09-06 11:55:05.646[0m | [1mINFO    [0m | [36msrc.application.index_runner[0m:[36m41[0m - [1m开始向量化文档 doc_id=f6ecca26-50ae-4f6b-a82b-a58e8bd993bf[0m
[32m2026-09-06 11:55:15.934[0m | [1mINFO    [0m | [36msrc.application.indexing_service[0m:[36m99[0m - [1m文档向量化完成 doc_id=2485c56d-160f-4ec6-80f2-bde91c12eba4 vectors=2 embedding=BGE3Embedding 耗时=10231ms[0m
[32m2026-09-06 11:55:15.942[0m | [1mINFO    [0m | [36msrc.application.index_runner[0m:[36m41[0m - [1m开始向量化文档 doc_id=1fc63a98-f43e-44b6-9f1e-5b3518fee707[0m
[32m2026-09-06 11:55:26.134[0m | [1mINFO    [0m | [36msrc.application.indexing_service[0m:[36m99[0m - [1m文档向量化完成 doc_id=37782f66-e7b0-49eb-b6fc-006300840a60 vectors=2 embedding=BGE3Embedding 耗时=10136ms[0m
[32m2026-09-06 11:55:26.141[0m | [1mINFO    [0m | [36msrc.application.index_runner[0m:[36m41[0m - [1m开始向量化文档 doc_id=4c96e38a-b6c1-47cb-88ef-d6345ea38ae4[0m
[32m2026-09-06 11:55:36.038[0m | [1mINFO    [0m | [36msrc.application.indexing_service[0m:[36m99[0m - [1m文档向量化完成 doc_id=dcddf854-1dfa-4e6d-be95-4db11564514a vectors=2 embedding=BGE3Embedding 耗时=9838ms[0m
[32m2026-09-06 11:55:36.045[0m | [1mINFO    [0m | [36msrc.application.index_runner[0m:[36m41[0m - [1m开始向量化文档 doc_id=9e337f05-4d9c-48d7-99d2-c7c3953d8961[0m
[32m2026-09-06 11:55:45.727[0m | [1mINFO    [0m | [36msrc.application.indexing_service[0m:[36m99[0m - [1m文档向量化完成 doc_id=71b3a3aa-b095-4975-95a5-7b80312cdf8f vectors=2 embedding=BGE3Embedding 耗时=59875ms[0m
[32m2026-09-06 11:55:45.736[0m | [1mINFO    [0m | [36msrc.application.index_runner[0m:[36m41[0m - [1m开始向量化文档 doc_id=acaa8149-5da2-47b0-b743-d8a929e1425a[0m
[32m2026-09-06 11:55:56.279[0m | [1mINFO    [0m | [36msrc.application.indexing_service[0m:[36m99[0m - [1m文档向量化完成 doc_id=26f851ca-e1ed-4e9f-88af-b903cdedc1bb vectors=2 embedding=BGE3Embedding 耗时=20177ms[0m
[32m2026-09-06 11:55:56.301[0m | [1mINFO    [0m | [36msrc.application.index_runner[0m:[36m41[0m - [1m开始向量化文档 doc_id=21caa81b-a5cb-4f5b-a941-f89cee3ca731[0m
[32m2026-09-06 11:56:06.834[0m | [1mINFO    [0m | [36msrc.application.indexing_service[0m:[36m99[0m - [1m文档向量化完成 doc_id=b0066afa-4f68-4df9-8c2f-0d36a5d7a3fc vectors=3 embedding=BGE3Embedding 耗时=10464ms[0m
[32m2026-09-06 11:56:06.843[0m | [1mINFO    [0m | [36msrc.application.index_runner[0m:[36m41[0m - [1m开始向量化文档 doc_id=db15397c-6635-4b1e-a7de-a869ee3e6339[0m
[32m2026-09-06 11:56:17.229[0m | [1mINFO    [0m | [36msrc.application.indexing_service[0m:[36m99[0m - [1m文档向量化完成 doc_id=e4268eb0-a9a1-495e-895b-69ac6f69c666 vectors=7 embedding=BGE3Embedding 耗时=31437ms[0m
[32m2026-09-06 11:56:17.242[0m | [1mINFO    [0m | [36msrc.application.index_runner[0m:[36m41[0m - [1m开始向量化文档 doc_id=b45939ca-cea6-450b-85f9-fcf68c2262ca[0m
[32m2026-09-06 11:56:27.999[0m | [1mINFO    [0m | [36msrc.application.indexing_service[0m:[36m99[0m - [1m文档向量化完成 doc_id=8cb243cb-ad43-42d0-b69e-1e044be44bf8 vectors=3 embedding=BGE3Embedding 耗时=10700ms[0m
[32m2026-09-06 11:56:28.017[0m | [1mINFO    [0m | [36msrc.application.index_runner[0m:[36m41[0m - [1m开始向量化文档 doc_id=5b6227e4-244d-415a-bebe-64b66234e60d[0m
[32m2026-09-06 11:56:38.059[0m | [1mINFO    [0m | [36msrc.application.indexing_service[0m:[36m99[0m - [1m文档向量化完成 doc_id=babd0580-b0fd-4d60-a6c3-55ccd26cc39e vectors=3 embedding=BGE3Embedding 耗时=9984ms[0m
[32m2026-09-06 11:56:38.070[0m | [1mINFO    [0m | [36msrc.application.index_runner[0m:[36m41[0m - [1m开始向量化文档 doc_id=7692e8ed-2b25-4bed-9564-e44dc8caed11[0m
[32m2026-09-06 11:56:45.489[0m | [1mINFO    [0m | [36msrc.application.indexing_service[0m:[36m99[0m - [1m文档向量化完成 doc_id=5d6b45cf-3b44-404b-99a8-a2c94227ea06 vectors=3 embedding=BGE3Embedding 耗时=38588ms[0m
[32m2026-09-06 11:56:45.505[0m | [1mINFO    [0m | [36msrc.application.index_runner[0m:[36m41[0m - [1m开始向量化文档 doc_id=3394c203-38d1-4f1d-8b17-67028444d3d2[0m
[32m2026-09-06 11:56:57.339[0m | [1mINFO    [0m | [36msrc.application.indexing_service[0m:[36m99[0m - [1m文档向量化完成 doc_id=4856e3ce-a2b5-46d7-9872-f53b68b29f41 vectors=4 embedding=BGE3Embedding 耗时=19211ms[0m
[32m2026-09-06 11:56:57.355[0m | [1mINFO    [0m | [36msrc.application.index_runner[0m:[36m41[0m - [1m开始向量化文档 doc_id=42e9bfe4-a79c-447e-a2a6-e49b6aab401d[0m
[32m2026-09-06 11:57:07.178[0m | [1mINFO    [0m | [36msrc.application.indexing_service[0m:[36m99[0m - [1m文档向量化完成 doc_id=d87e70df-4254-47a7-93fe-8c1db990fc11 vectors=1 embedding=BGE3Embedding 耗时=21551ms[0m
[32m2026-09-06 11:57:07.186[0m | [1mINFO    [0m | [36msrc.application.index_runner[0m:[36m41[0m - [1m开始向量化文档 doc_id=5c66818f-a54f-42f3-b3de-97b4ccb85050[0m
[32m2026-09-06 11:57:18.178[0m | [1mINFO    [0m | [36msrc.application.indexing_service[0m:[36m99[0m - [1m文档向量化完成 doc_id=c03568c9-5f71-43b5-94eb-0cb06e139db4 vectors=1 embedding=BGE3Embedding 耗时=20767ms[0m
[32m2026-09-06 11:57:18.186[0m | [1mINFO    [0m | [36msrc.application.index_runner[0m:[36m41[0m - [1m开始向量化文档 doc_id=f32d653b-8456-49ca-97bb-750dac3c832e[0m
[32m2026-09-06 11:57:28.172[0m | [1mINFO    [0m | [36msrc.application.indexing_service[0m:[36m99[0m - [1m文档向量化完成 doc_id=bd9e88de-7058-4745-b825-0bec553f7f40 vectors=1 embedding=BGE3Embedding 耗时=20931ms[0m
[32m2026-09-06 11:57:28.181[0m | [1mINFO    [0m | [36msrc.application.index_runner[0m:[36m41[0m - [1m开始向量化文档 doc_id=35eb4bce-e849-4514-a2c3-8cdf8b5a71c7[0m
[32m2026-09-06 11:57:38.972[0m | [1mINFO    [0m | [36msrc.application.indexing_service[0m:[36m99[0m - [1m文档向量化完成 doc_id=ce369982-d1aa-46cf-8190-d6aa7d7f2272 vectors=1 embedding=BGE3Embedding 耗时=20730ms[0m
[32m2026-09-06 11:57:38.982[0m | [1mINFO    [0m | [36msrc.application.index_runner[0m:[36m41[0m - [1m开始向量化文档 doc_id=cde97e00-d853-4cd2-a980-ab0ae45614fb[0m
[32m2026-09-06 11:57:48.979[0m | [1mINFO    [0m | [36msrc.application.indexing_service[0m:[36m99[0m - [1m文档向量化完成 doc_id=0f062688-4194-4f14-9040-db1d06cf9e80 vectors=1 embedding=BGE3Embedding 耗时=20742ms[0m
[32m2026-09-06 11:57:48.997[0m | [1mINFO    [0m | [36msrc.application.index_runner[0m:[36m41[0m - [1m开始向量化文档 doc_id=f6bc2194-716e-41ad-bd86-89e6f196d2de[0m
[32m2026-09-06 11:57:58.559[0m | [1mINFO    [0m | [36msrc.application.indexing_service[0m:[36m99[0m - [1m文档向量化完成 doc_id=c29184e3-7bf4-4bfe-9b08-08a595a2ba7f vectors=2 embedding=BGE3Embedding 耗时=19519ms[0m
[32m2026-09-06 11:57:58.569[0m | [1mINFO    [0m | [36msrc.application.index_runner[0m:[36m41[0m - [1m开始向量化文档 doc_id=66804a22-e663-48d7-beaf-04a1ff9e2e43[0m
[32m2026-09-06 11:58:08.741[0m | [1mINFO    [0m | [36msrc.application.indexing_service[0m:[36m99[0m - [1m文档向量化完成 doc_id=1013ac12-e1f1-4af9-a79d-be0d43fca81a vectors=2 embedding=BGE3Embedding 耗时=19682ms[0m
[32m2026-09-06 11:58:08.749[0m | [1mINFO    [0m | [36msrc.application.index_runner[0m:[36m41[0m - [1m开始向量化文档 doc_id=ba278ae0-6899-4d35-b25e-9f10c3e7299c[0m
[32m2026-09-06 11:58:19.057[0m | [1mINFO    [0m | [36msrc.application.indexing_service[0m:[36m99[0m - [1m文档向量化完成 doc_id=fdcf9f25-d445-4071-bbf0-b18d1f09702c vectors=2 embedding=BGE3Embedding 耗时=20431ms[0m
[32m2026-09-06 11:58:19.067[0m | [1mINFO    [0m | [36msrc.application.index_runner[0m:[36m41[0m - [1m开始向量化文档 doc_id=10f04bdf-b569-4f45-bf6b-916ddf6e57c0[0m
[32m2026-09-06 11:58:29.211[0m | [1mINFO    [0m | [36msrc.application.indexing_service[0m:[36m99[0m - [1m文档向量化完成 doc_id=cc563395-6f4a-47f8-9130-a6946636ab23 vectors=3 embedding=BGE3Embedding 耗时=10086ms[0m
[32m2026-09-06 11:58:29.220[0m | [1mINFO    [0m | [36msrc.application.index_runner[0m:[36m41[0m - [1m开始向量化文档 doc_id=f2b9949b-4d8c-4c6d-8973-bbd5eebb6b0b[0m
[32m2026-09-06 11:58:39.370[0m | [1mINFO    [0m | [36msrc.application.indexing_service[0m:[36m99[0m - [1m文档向量化完成 doc_id=86c1c196-5d9d-4448-ac69-fff664b301e2 vectors=2 embedding=BGE3Embedding 耗时=30563ms[0m
[32m2026-09-06 11:58:39.385[0m | [1mINFO    [0m | [36msrc.application.index_runner[0m:[36m41[0m - [1m开始向量化文档 doc_id=00051c23-82eb-4510-82da-fa6865132417[0m
[32m2026-09-06 11:58:50.064[0m | [1mINFO    [0m | [36msrc.application.indexing_service[0m:[36m99[0m - [1m文档向量化完成 doc_id=7ab9498a-e768-4e3d-b6dc-6365bac91997 vectors=3 embedding=BGE3Embedding 耗时=10620ms[0m
[32m2026-09-06 11:58:50.086[0m | [1mINFO    [0m | [36msrc.application.index_runner[0m:[36m41[0m - [1m开始向量化文档 doc_id=959ac7af-d87b-4b24-9737-f6e4242196ba[0m
[32m2026-09-06 11:59:00.432[0m | [1mINFO    [0m | [36msrc.application.indexing_service[0m:[36m99[0m - [1m文档向量化完成 doc_id=feef02aa-f1f9-4346-9abe-972e6c175f30 vectors=3 embedding=BGE3Embedding 耗时=10289ms[0m
[32m2026-09-06 11:59:00.448[0m | [1mINFO    [0m | [36msrc.application.index_runner[0m:[36m41[0m - [1m开始向量化文档 doc_id=96f012e3-59d1-4cbf-865f-dd35b4be97a5[0m
[32m2026-09-06 11:59:07.672[0m | [1mINFO    [0m | [36msrc.application.indexing_service[0m:[36m99[0m - [1m文档向量化完成 doc_id=e3cf3c62-7bad-4260-9337-98dd066ba6af vectors=3 embedding=BGE3Embedding 耗时=38395ms[0m
[32m2026-09-06 11:59:07.692[0m | [1mINFO    [0m | [36msrc.application.index_runner[0m:[36m41[0m - [1m开始向量化文档 doc_id=02846522-b06d-4234-bdca-59624f6d7c34[0m
[32m2026-09-06 11:59:19.715[0m | [1mINFO    [0m | [36msrc.application.indexing_service[0m:[36m99[0m - [1m文档向量化完成 doc_id=a0f2c6d6-cb21-498e-965e-0ed55735d09e vectors=4 embedding=BGE3Embedding 耗时=19206ms[0m
[32m2026-09-06 11:59:19.726[0m | [1mINFO    [0m | [36msrc.application.index_runner[0m:[36m41[0m - [1m开始向量化文档 doc_id=8d4d056b-d785-4782-9dfd-d54b73ff3c41[0m
[32m2026-09-06 11:59:28.947[0m | [1mINFO    [0m | [36msrc.application.indexing_service[0m:[36m99[0m - [1m文档向量化完成 doc_id=a5a9e013-6ac0-4518-b0cb-7fec0e2f35b9 vectors=1 embedding=BGE3Embedding 耗时=21149ms[0m
[32m2026-09-06 11:59:28.961[0m | [1mINFO    [0m | [36msrc.application.index_runner[0m:[36m41[0m - [1m开始向量化文档 doc_id=239bc295-1111-4bc2-a639-65ae3f2a6505[0m
[32m2026-09-06 11:59:40.550[0m | [1mINFO    [0m | [36msrc.application.indexing_service[0m:[36m99[0m - [1m文档向量化完成 doc_id=a2aa889b-4572-4219-98ec-b51ea8e01ea0 vectors=1 embedding=BGE3Embedding 耗时=20770ms[0m
[32m2026-09-06 11:59:40.559[0m | [1mINFO    [0m | [36msrc.application.index_runner[0m:[36m41[0m - [1m开始向量化文档 doc_id=1cb476fa-d9eb-4805-bc4c-78c167f28d16[0m
[32m2026-09-06 11:59:49.896[0m | [1mINFO    [0m | [36msrc.application.indexing_service[0m:[36m99[0m - [1m文档向量化完成 doc_id=4ab531fc-4543-4cad-8d06-6e532499aeea vectors=1 embedding=BGE3Embedding 耗时=20880ms[0m
[32m2026-09-06 11:59:49.905[0m | [1mINFO    [0m | [36msrc.application.index_runner[0m:[36m41[0m - [1m开始向量化文档 doc_id=59eacd9e-5f8f-4a6e-b10a-534a7b22fd8a[0m
[32m2026-09-06 12:00:01.380[0m | [1mINFO    [0m | [36msrc.application.indexing_service[0m:[36m99[0m - [1m文档向量化完成 doc_id=3871a7b7-292f-4da3-a343-53ebd6d0d55c vectors=1 embedding=BGE3Embedding 耗时=20762ms[0m
[32m2026-09-06 12:00:01.389[0m | [1mINFO    [0m | [36msrc.application.index_runner[0m:[36m41[0m - [1m开始向量化文档 doc_id=7f75f01b-a11b-4623-a905-42638cc1267a[0m
[32m2026-09-06 12:00:11.491[0m | [1mINFO    [0m | [36msrc.application.indexing_service[0m:[36m99[0m - [1m文档向量化完成 doc_id=26aded45-0f75-4fb5-a7d1-33513b067e16 vectors=2 embedding=BGE3Embedding 耗时=10042ms[0m
[32m2026-09-06 12:00:11.506[0m | [1mINFO    [0m | [36msrc.application.index_runner[0m:[36m41[0m - [1m开始向量化文档 doc_id=a7b3602b-d2b3-41f8-826a-f5c917d1f8c9[0m
C:\bi ye she ji\backend\venv\Lib\site-packages\jwt\api_jwt.py:147: InsecureKeyLengthWarning: The HMAC key is 23 bytes long, which is below the minimum recommended length of 32 bytes for SHA256. See RFC 7518 Section 3.2.
  return self._jws.encode(
[32m2026-09-06 12:00:23.429[0m | [1mINFO    [0m | [36msrc.application.indexing_service[0m:[36m99[0m - [1m文档向量化完成 doc_id=615aac94-82a1-4d99-9ed2-ed1a2eed0505 vectors=2 embedding=BGE3Embedding 耗时=11836ms[0m
[32m2026-09-06 12:00:23.444[0m | [1mINFO    [0m | [36msrc.application.index_runner[0m:[36m41[0m - [1m开始向量化文档 doc_id=b9ecd6ad-3a5b-49b1-b6eb-ea8ba2ab41f9[0m
[32m2026-09-06 12:00:31.258[0m | [1mINFO    [0m | [36msrc.application.indexing_service[0m:[36m99[0m - [1m文档向量化完成 doc_id=967f28ef-152c-4049-89be-e5a93297a746 vectors=1 embedding=BGE3Embedding 耗时=41297ms[0m
[32m2026-09-06 12:00:31.274[0m | [1mINFO    [0m | [36msrc.application.index_runner[0m:[36m41[0m - [1m开始向量化文档 doc_id=c994f7d4-b74b-4516-85a7-ffa45f9c676e[0m
[32m2026-09-06 12:00:43.823[0m | [1mINFO    [0m | [36msrc.application.indexing_service[0m:[36m99[0m - [1m文档向量化完成 doc_id=4cadd73a-777a-4174-a316-8f869e4c1c81 vectors=2 embedding=BGE3Embedding 耗时=12381ms[0m
[32m2026-09-06 12:00:43.837[0m | [1mINFO    [0m | [36msrc.application.index_runner[0m:[36m41[0m - [1m开始向量化文档 doc_id=bd378a85-53aa-4734-acc2-edfa22044819[0m
[32m2026-09-06 12:00:51.970[0m | [1mINFO    [0m | [36msrc.application.indexing_service[0m:[36m99[0m - [1m文档向量化完成 doc_id=19d2af2f-320e-4242-ab5b-87b1ebad14a9 vectors=2 embedding=BGE3Embedding 耗时=28451ms[0m
[32m2026-09-06 12:00:51.988[0m | [1mINFO    [0m | [36msrc.application.index_runner[0m:[36m41[0m - [1m开始向量化文档 doc_id=648d4907-5d0c-4611-b167-d1430ac79646[0m
[32m2026-09-06 12:01:03.814[0m | [1mINFO    [0m | [36msrc.application.indexing_service[0m:[36m99[0m - [1m文档向量化完成 doc_id=f2a4d5e7-c810-4dfd-b094-440f862682cf vectors=3 embedding=BGE3Embedding 耗时=11663ms[0m
[32m2026-09-06 12:01:03.825[0m | [1mINFO    [0m | [36msrc.application.index_runner[0m:[36m41[0m - [1m开始向量化文档 doc_id=8ee99cd7-3b53-4ae3-a270-d8c0e54c37a3[0m
[32m2026-09-06 12:01:14.021[0m | [1mINFO    [0m | [36msrc.application.indexing_service[0m:[36m99[0m - [1m文档向量化完成 doc_id=4ea7d382-749b-4445-86ca-2b6c0fb19273 vectors=3 embedding=BGE3Embedding 耗时=10140ms[0m
[32m2026-09-06 12:01:14.032[0m | [1mINFO    [0m | [36msrc.application.index_runner[0m:[36m41[0m - [1m开始向量化文档 doc_id=17c6a827-90ce-40bb-b6ce-d82f950b0952[0m
[32m2026-09-06 12:01:21.456[0m | [1mINFO    [0m | [36msrc.application.indexing_service[0m:[36m99[0m - [1m文档向量化完成 doc_id=77e577f9-3d54-4f1a-8d2a-f61385684f96 vectors=3 embedding=BGE3Embedding 耗时=37548ms[0m
[32m2026-09-06 12:01:21.467[0m | [1mINFO    [0m | [36msrc.application.index_runner[0m:[36m41[0m - [1m开始向量化文档 doc_id=4f2a034a-c16d-4d9c-a26f-976546e4e6cc[0m
[32m2026-09-06 12:01:31.989[0m | [1mINFO    [0m | [36msrc.application.indexing_service[0m:[36m99[0m - [1m文档向量化完成 doc_id=5ab18d0e-cc79-4691-bd80-c2976536e9ee vectors=3 embedding=BGE3Embedding 耗时=17896ms[0m
[32m2026-09-06 12:01:32.010[0m | [1mINFO    [0m | [36msrc.application.index_runner[0m:[36m41[0m - [1m开始向量化文档 doc_id=c43582c0-e19f-4f5b-a1c8-69faf8b609fe[0m
[32m2026-09-06 12:01:44.115[0m | [1mINFO    [0m | [36msrc.application.indexing_service[0m:[36m99[0m - [1m文档向量化完成 doc_id=14d5bebf-4777-4ea4-b626-a3f2f9cb0205 vectors=4 embedding=BGE3Embedding 耗时=22590ms[0m
[32m2026-09-06 12:01:44.124[0m | [1mINFO    [0m | [36msrc.application.index_runner[0m:[36m41[0m - [1m开始向量化文档 doc_id=fe60e1ea-14a5-45e1-ba88-8a31277e1315[0m
[32m2026-09-06 12:01:53.321[0m | [1mINFO    [0m | [36msrc.application.indexing_service[0m:[36m99[0m - [1m文档向量化完成 doc_id=f6ecca26-50ae-4f6b-a82b-a58e8bd993bf vectors=1 embedding=BGE3Embedding 耗时=21196ms[0m
[32m2026-09-06 12:01:53.336[0m | [1mINFO    [0m | [36msrc.application.index_runner[0m:[36m41[0m - [1m开始向量化文档 doc_id=6f3680d5-fc85-4491-b4f7-86aa9998c974[0m
[32m2026-09-06 12:02:04.930[0m | [1mINFO    [0m | [36msrc.application.indexing_service[0m:[36m99[0m - [1m文档向量化完成 doc_id=1fc63a98-f43e-44b6-9f1e-5b3518fee707 vectors=1 embedding=BGE3Embedding 耗时=20751ms[0m
[32m2026-09-06 12:02:04.938[0m | [1mINFO    [0m | [36msrc.application.index_runner[0m:[36m41[0m - [1m开始向量化文档 doc_id=26f62325-fdee-469e-b9e9-dfe5590592e0[0m
[32m2026-09-06 12:02:14.323[0m | [1mINFO    [0m | [36msrc.application.indexing_service[0m:[36m99[0m - [1m文档向量化完成 doc_id=4c96e38a-b6c1-47cb-88ef-d6345ea38ae4 vectors=1 embedding=BGE3Embedding 耗时=20933ms[0m
[32m2026-09-06 12:02:14.333[0m | [1mINFO    [0m | [36msrc.application.index_runner[0m:[36m41[0m - [1m开始向量化文档 doc_id=55086c4e-5453-4dc9-ae2a-2305ea63aab7[0m
[32m2026-09-06 12:02:25.721[0m | [1mINFO    [0m | [36msrc.application.indexing_service[0m:[36m99[0m - [1m文档向量化完成 doc_id=9e337f05-4d9c-48d7-99d2-c7c3953d8961 vectors=1 embedding=BGE3Embedding 耗时=20725ms[0m
[32m2026-09-06 12:02:25.735[0m | [1mINFO    [0m | [36msrc.application.index_runner[0m:[36m41[0m - [1m开始向量化文档 doc_id=bbe2267a-a53d-4e48-bbee-6d12a163b889[0m
[32m2026-09-06 12:02:35.148[0m | [1mINFO    [0m | [36msrc.application.indexing_service[0m:[36m99[0m - [1m文档向量化完成 doc_id=acaa8149-5da2-47b0-b743-d8a929e1425a vectors=1 embedding=BGE3Embedding 耗时=20759ms[0m
[32m2026-09-06 12:02:35.160[0m | [1mINFO    [0m | [36msrc.application.index_runner[0m:[36m41[0m - [1m开始向量化文档 doc_id=186ee5f9-442a-471f-96c5-b73feb81628b[0m
[32m2026-09-06 12:02:45.336[0m | [1mINFO    [0m | [36msrc.application.indexing_service[0m:[36m99[0m - [1m文档向量化完成 doc_id=21caa81b-a5cb-4f5b-a941-f89cee3ca731 vectors=2 embedding=BGE3Embedding 耗时=19546ms[0m
[32m2026-09-06 12:02:45.346[0m | [1mINFO    [0m | [36msrc.application.index_runner[0m:[36m41[0m - [1m开始向量化文档 doc_id=7bac217c-13ba-4981-ad1a-82733785c5e4[0m
[32m2026-09-06 12:02:55.414[0m | [1mINFO    [0m | [36msrc.application.indexing_service[0m:[36m99[0m - [1m文档向量化完成 doc_id=db15397c-6635-4b1e-a7de-a869ee3e6339 vectors=2 embedding=BGE3Embedding 耗时=20196ms[0m
[32m2026-09-06 12:02:55.424[0m | [1mINFO    [0m | [36msrc.application.index_runner[0m:[36m41[0m - [1m开始向量化文档 doc_id=46847018-3b9f-4e5d-9ecb-072ae7c452ea[0m
[32m2026-09-06 12:03:05.586[0m | [1mINFO    [0m | [36msrc.application.indexing_service[0m:[36m99[0m - [1m文档向量化完成 doc_id=5b6227e4-244d-415a-bebe-64b66234e60d vectors=2 embedding=BGE3Embedding 耗时=10106ms[0m
[32m2026-09-06 12:03:05.596[0m | [1mINFO    [0m | [36msrc.application.index_runner[0m:[36m41[0m - [1m开始向量化文档 doc_id=7285b94b-2502-445e-a8c7-67215f0257e1[0m
[32m2026-09-06 12:03:15.904[0m | [1mINFO    [0m | [36msrc.application.indexing_service[0m:[36m99[0m - [1m文档向量化完成 doc_id=b45939ca-cea6-450b-85f9-fcf68c2262ca vectors=2 embedding=BGE3Embedding 耗时=30501ms[0m
[32m2026-09-06 12:03:15.919[0m | [1mINFO    [0m | [36msrc.application.index_runner[0m:[36m41[0m - [1m开始向量化文档 doc_id=2d0dbfb3-0417-44dc-9e6f-00f60e46022c[0m
[32m2026-09-06 12:03:26.806[0m | [1mINFO    [0m | [36msrc.application.indexing_service[0m:[36m99[0m - [1m文档向量化完成 doc_id=3394c203-38d1-4f1d-8b17-67028444d3d2 vectors=3 embedding=BGE3Embedding 耗时=10827ms[0m
[32m2026-09-06 12:03:26.817[0m | [1mINFO    [0m | [36msrc.application.index_runner[0m:[36m41[0m - [1m开始向量化文档 doc_id=077e4135-cba5-4d08-86e0-862e824c3347[0m
[32m2026-09-06 12:03:37.224[0m | [1mINFO    [0m | [36msrc.application.indexing_service[0m:[36m99[0m - [1m文档向量化完成 doc_id=42e9bfe4-a79c-447e-a2a6-e49b6aab401d vectors=3 embedding=BGE3Embedding 耗时=10333ms[0m
[32m2026-09-06 12:03:37.233[0m | [1mINFO    [0m | [36msrc.application.index_runner[0m:[36m41[0m - [1m开始向量化文档 doc_id=963d09eb-0189-4dbe-b669-35fb8b932ffd[0m
[32m2026-09-06 12:03:48.010[0m | [1mINFO    [0m | [36msrc.application.indexing_service[0m:[36m99[0m - [1m文档向量化完成 doc_id=5c66818f-a54f-42f3-b3de-97b4ccb85050 vectors=3 embedding=BGE3Embedding 耗时=10719ms[0m
[32m2026-09-06 12:03:48.022[0m | [1mINFO    [0m | [36msrc.application.index_runner[0m:[36m41[0m - [1m开始向量化文档 doc_id=fbc5efd6-ad76-4679-b0a6-37620c818c86[0m
[32m2026-09-06 12:03:56.074[0m | [1mINFO    [0m | [36msrc.application.indexing_service[0m:[36m99[0m - [1m文档向量化完成 doc_id=7692e8ed-2b25-4bed-9564-e44dc8caed11 vectors=3 embedding=BGE3Embedding 耗时=50422ms[0m
[32m2026-09-06 12:03:56.093[0m | [1mINFO    [0m | [36msrc.application.index_runner[0m:[36m41[0m - [1m开始向量化文档 doc_id=ea4f066e-cbca-4326-ad8a-790b6aa182a6[0m
[32m2026-09-06 12:04:05.908[0m | [1mINFO    [0m | [36msrc.application.indexing_service[0m:[36m99[0m - [1m文档向量化完成 doc_id=35eb4bce-e849-4514-a2c3-8cdf8b5a71c7 vectors=1 embedding=BGE3Embedding 耗时=9701ms[0m
[32m2026-09-06 12:04:05.925[0m | [1mINFO    [0m | [36msrc.application.index_runner[0m:[36m41[0m - [1m开始向量化文档 doc_id=d4eafde0-6db3-4c4f-b8db-b00a8e59610b[0m
[32m2026-09-06 12:04:16.739[0m | [1mINFO    [0m | [36msrc.application.indexing_service[0m:[36m99[0m - [1m文档向量化完成 doc_id=f32d653b-8456-49ca-97bb-750dac3c832e vectors=4 embedding=BGE3Embedding 耗时=28655ms[0m
[32m2026-09-06 12:04:16.750[0m | [1mINFO    [0m | [36msrc.application.index_runner[0m:[36m41[0m - [1m开始向量化文档 doc_id=98758194-560e-47bd-ba35-781c6ccb8c2b[0m
[32m2026-09-06 12:04:25.892[0m | [1mINFO    [0m | [36msrc.application.indexing_service[0m:[36m99[0m - [1m文档向量化完成 doc_id=f6bc2194-716e-41ad-bd86-89e6f196d2de vectors=1 embedding=BGE3Embedding 耗时=9076ms[0m
[32m2026-09-06 12:04:25.899[0m | [1mINFO    [0m | [36msrc.application.index_runner[0m:[36m41[0m - [1m开始向量化文档 doc_id=959b2bd4-4e60-4611-bdeb-d33ea4e3860d[0m
[32m2026-09-06 12:04:37.701[0m | [1mINFO    [0m | [36msrc.application.indexing_service[0m:[36m99[0m - [1m文档向量化完成 doc_id=66804a22-e663-48d7-beaf-04a1ff9e2e43 vectors=1 embedding=BGE3Embedding 耗时=11746ms[0m
[32m2026-09-06 12:04:37.715[0m | [1mINFO    [0m | [36msrc.application.index_runner[0m:[36m41[0m - [1m开始向量化文档 doc_id=71b3a3aa-b095-4975-95a5-7b80312cdf8f[0m
[32m2026-09-06 12:04:47.680[0m | [1mINFO    [0m | [36msrc.application.indexing_service[0m:[36m99[0m - [1m文档向量化完成 doc_id=cde97e00-d853-4cd2-a980-ab0ae45614fb vectors=1 embedding=BGE3Embedding 耗时=41697ms[0m
[32m2026-09-06 12:04:47.695[0m | [1mINFO    [0m | [36msrc.application.index_runner[0m:[36m41[0m - [1m开始向量化文档 doc_id=5a48b81d-2b35-48c3-9547-5f66af7cec34[0m
[32m2026-09-06 12:04:58.490[0m | [1mINFO    [0m | [36msrc.application.indexing_service[0m:[36m99[0m - [1m文档向量化完成 doc_id=10f04bdf-b569-4f45-bf6b-916ddf6e57c0 vectors=2 embedding=BGE3Embedding 耗时=10738ms[0m
[32m2026-09-06 12:04:58.508[0m | [1mINFO    [0m | [36msrc.application.index_runner[0m:[36m41[0m - [1m开始向量化文档 doc_id=b3a57a7f-590d-4f23-a114-1e60aed30616[0m
[32m2026-09-06 12:05:08.043[0m | [1mINFO    [0m | [36msrc.application.indexing_service[0m:[36m99[0m - [1m文档向量化完成 doc_id=ba278ae0-6899-4d35-b25e-9f10c3e7299c vectors=1 embedding=BGE3Embedding 耗时=30270ms[0m
[32m2026-09-06 12:05:08.052[0m | [1mINFO    [0m | [36msrc.application.index_runner[0m:[36m41[0m - [1m开始向量化文档 doc_id=c7b3f594-0b23-49c2-9439-f5cd662b93f1[0m
[32m2026-09-06 12:05:18.503[0m | [1mINFO    [0m | [36msrc.application.indexing_service[0m:[36m99[0m - [1m文档向量化完成 doc_id=f2b9949b-4d8c-4c6d-8973-bbd5eebb6b0b vectors=2 embedding=BGE3Embedding 耗时=19940ms[0m
[32m2026-09-06 12:05:18.513[0m | [1mINFO    [0m | [36msrc.application.index_runner[0m:[36m41[0m - [1m开始向量化文档 doc_id=2485c56d-160f-4ec6-80f2-bde91c12eba4[0m
[32m2026-09-06 12:05:29.028[0m | [1mINFO    [0m | [36msrc.application.indexing_service[0m:[36m99[0m - [1m文档向量化完成 doc_id=959ac7af-d87b-4b24-9737-f6e4242196ba vectors=2 embedding=BGE3Embedding 耗时=10443ms[0m
[32m2026-09-06 12:05:29.041[0m | [1mINFO    [0m | [36msrc.application.index_runner[0m:[36m41[0m - [1m开始向量化文档 doc_id=7d9d1f66-1fe4-4a48-a6ba-50069f4e4b20[0m
[32m2026-09-06 12:05:37.693[0m | [1mINFO    [0m | [36msrc.application.indexing_service[0m:[36m99[0m - [1m文档向量化完成 doc_id=96f012e3-59d1-4cbf-865f-dd35b4be97a5 vectors=1 embedding=BGE3Embedding 耗时=8596ms[0m
[32m2026-09-06 12:05:37.702[0m | [1mINFO    [0m | [36msrc.application.index_runner[0m:[36m41[0m - [1m开始向量化文档 doc_id=37782f66-e7b0-49eb-b6fc-006300840a60[0m
[32m2026-09-06 12:05:49.481[0m | [1mINFO    [0m | [36msrc.application.indexing_service[0m:[36m99[0m - [1m文档向量化完成 doc_id=02846522-b06d-4234-bdca-59624f6d7c34 vectors=1 embedding=BGE3Embedding 耗时=11722ms[0m
[32m2026-09-06 12:05:49.488[0m | [1mINFO    [0m | [36msrc.application.index_runner[0m:[36m41[0m - [1m开始向量化文档 doc_id=05cf39d7-0ca7-47e6-ac1a-9fba88323a35[0m
[32m2026-09-06 12:05:58.927[0m | [1mINFO    [0m | [36msrc.application.indexing_service[0m:[36m99[0m - [1m文档向量化完成 doc_id=00051c23-82eb-4510-82da-fa6865132417 vectors=2 embedding=BGE3Embedding 耗时=50816ms[0m
[32m2026-09-06 12:05:58.942[0m | [1mINFO    [0m | [36msrc.application.index_runner[0m:[36m41[0m - [1m开始向量化文档 doc_id=dcddf854-1dfa-4e6d-be95-4db11564514a[0m
[32m2026-09-06 12:06:10.300[0m | [1mINFO    [0m | [36msrc.application.indexing_service[0m:[36m99[0m - [1m文档向量化完成 doc_id=8d4d056b-d785-4782-9dfd-d54b73ff3c41 vectors=1 embedding=BGE3Embedding 耗时=20753ms[0m
[32m2026-09-06 12:06:10.308[0m | [1mINFO    [0m | [36msrc.application.index_runner[0m:[36m41[0m - [1m开始向量化文档 doc_id=d2fcbd24-0ad7-4da2-8a9e-a31d9db7f716[0m
[32m2026-09-06 12:06:19.668[0m | [1mINFO    [0m | [36msrc.application.indexing_service[0m:[36m99[0m - [1m文档向量化完成 doc_id=239bc295-1111-4bc2-a639-65ae3f2a6505 vectors=1 embedding=BGE3Embedding 耗时=20665ms[0m
[32m2026-09-06 12:06:19.675[0m | [1mINFO    [0m | [36msrc.application.index_runner[0m:[36m41[0m - [1m开始向量化文档 doc_id=26f851ca-e1ed-4e9f-88af-b903cdedc1bb[0m
[32m2026-09-06 12:06:30.121[0m | [1mINFO    [0m | [36msrc.application.indexing_service[0m:[36m99[0m - [1m文档向量化完成 doc_id=1cb476fa-d9eb-4805-bc4c-78c167f28d16 vectors=3 embedding=BGE3Embedding 耗时=19754ms[0m
[32m2026-09-06 12:06:30.131[0m | [1mINFO    [0m | [36msrc.application.index_runner[0m:[36m41[0m - [1m开始向量化文档 doc_id=e56449b7-ed08-4e2d-b648-b9672f2e5c39[0m
[32m2026-09-06 12:06:41.379[0m | [1mINFO    [0m | [36msrc.application.indexing_service[0m:[36m99[0m - [1m文档向量化完成 doc_id=7f75f01b-a11b-4623-a905-42638cc1267a vectors=3 embedding=BGE3Embedding 耗时=11184ms[0m
[32m2026-09-06 12:06:41.388[0m | [1mINFO    [0m | [36msrc.application.index_runner[0m:[36m41[0m - [1m开始向量化文档 doc_id=e4268eb0-a9a1-495e-895b-69ac6f69c666[0m
[32m2026-09-06 12:06:51.640[0m | [1mINFO    [0m | [36msrc.application.indexing_service[0m:[36m99[0m - [1m文档向量化完成 doc_id=a7b3602b-d2b3-41f8-826a-f5c917d1f8c9 vectors=3 embedding=BGE3Embedding 耗时=10197ms[0m
[32m2026-09-06 12:06:51.651[0m | [1mINFO    [0m | [36msrc.application.index_runner[0m:[36m41[0m - [1m开始向量化文档 doc_id=c9e1b131-addd-41e8-aa36-b22d5904f5b0[0m
[32m2026-09-06 12:07:00.646[0m | [1mINFO    [0m | [36msrc.application.indexing_service[0m:[36m99[0m - [1m文档向量化完成 doc_id=59eacd9e-5f8f-4a6e-b10a-534a7b22fd8a vectors=3 embedding=BGE3Embedding 耗时=40913ms[0m
[32m2026-09-06 12:07:00.670[0m | [1mINFO    [0m | [36msrc.application.index_runner[0m:[36m41[0m - [1m开始向量化文档 doc_id=b0066afa-4f68-4df9-8c2f-0d36a5d7a3fc[0m
[32m2026-09-06 12:07:10.885[0m | [1mINFO    [0m | [36msrc.application.indexing_service[0m:[36m99[0m - [1m文档向量化完成 doc_id=c994f7d4-b74b-4516-85a7-ffa45f9c676e vectors=1 embedding=BGE3Embedding 耗时=10051ms[0m
[32m2026-09-06 12:07:10.896[0m | [1mINFO    [0m | [36msrc.application.index_runner[0m:[36m41[0m - [1m开始向量化文档 doc_id=072863a0-0c42-4dff-a083-cc72ae230c5f[0m
[32m2026-09-06 12:07:22.487[0m | [1mINFO    [0m | [36msrc.application.indexing_service[0m:[36m99[0m - [1m文档向量化完成 doc_id=bd378a85-53aa-4734-acc2-edfa22044819 vectors=1 embedding=BGE3Embedding 耗时=11533ms[0m
[32m2026-09-06 12:07:22.500[0m | [1mINFO    [0m | [36msrc.application.index_runner[0m:[36m41[0m - [1m开始向量化文档 doc_id=5d6b45cf-3b44-404b-99a8-a2c94227ea06[0m
[32m2026-09-06 12:07:31.952[0m | [1mINFO    [0m | [36msrc.application.indexing_service[0m:[36m99[0m - [1m文档向量化完成 doc_id=b9ecd6ad-3a5b-49b1-b6eb-ea8ba2ab41f9 vectors=4 embedding=BGE3Embedding 耗时=40242ms[0m
[32m2026-09-06 12:07:31.969[0m | [1mINFO    [0m | [36msrc.application.index_runner[0m:[36m41[0m - [1m开始向量化文档 doc_id=999cf4e3-f035-48a6-9427-517c67a75e4a[0m
[32m2026-09-06 12:07:43.323[0m | [1mINFO    [0m | [36msrc.application.indexing_service[0m:[36m99[0m - [1m文档向量化完成 doc_id=648d4907-5d0c-4611-b167-d1430ac79646 vectors=1 embedding=BGE3Embedding 耗时=20763ms[0m
[32m2026-09-06 12:07:43.331[0m | [1mINFO    [0m | [36msrc.application.index_runner[0m:[36m41[0m - [1m开始向量化文档 doc_id=8cb243cb-ad43-42d0-b69e-1e044be44bf8[0m
[32m2026-09-06 12:07:52.979[0m | [1mINFO    [0m | [36msrc.application.indexing_service[0m:[36m99[0m - [1m文档向量化完成 doc_id=17c6a827-90ce-40bb-b6ce-d82f950b0952 vectors=2 embedding=BGE3Embedding 耗时=9591ms[0m
[32m2026-09-06 12:07:52.987[0m | [1mINFO    [0m | [36msrc.application.index_runner[0m:[36m41[0m - [1m开始向量化文档 doc_id=9f4fe262-346b-4dec-89a2-1cec941ff04c[0m
[32m2026-09-06 12:08:03.149[0m | [1mINFO    [0m | [36msrc.application.indexing_service[0m:[36m99[0m - [1m文档向量化完成 doc_id=4f2a034a-c16d-4d9c-a26f-976546e4e6cc vectors=2 embedding=BGE3Embedding 耗时=10105ms[0m
[32m2026-09-06 12:08:03.159[0m | [1mINFO    [0m | [36msrc.application.index_runner[0m:[36m41[0m - [1m开始向量化文档 doc_id=babd0580-b0fd-4d60-a6c3-55ccd26cc39e[0m
[32m2026-09-06 12:08:13.451[0m | [1mINFO    [0m | [36msrc.application.indexing_service[0m:[36m99[0m - [1m文档向量化完成 doc_id=c43582c0-e19f-4f5b-a1c8-69faf8b609fe vectors=2 embedding=BGE3Embedding 耗时=10234ms[0m
[32m2026-09-06 12:08:13.481[0m | [1mINFO    [0m | [36msrc.application.index_runner[0m:[36m41[0m - [1m开始向量化文档 doc_id=d2e0ddcf-1729-45b3-89b4-01c1320941a6[0m
[32m2026-09-06 12:08:22.541[0m | [1mINFO    [0m | [36msrc.application.indexing_service[0m:[36m99[0m - [1m文档向量化完成 doc_id=8ee99cd7-3b53-4ae3-a270-d8c0e54c37a3 vectors=2 embedding=BGE3Embedding 耗时=50511ms[0m
[32m2026-09-06 12:08:22.549[0m | [1mINFO    [0m | [36msrc.application.index_runner[0m:[36m41[0m - [1m开始向量化文档 doc_id=4856e3ce-a2b5-46d7-9872-f53b68b29f41[0m
[32m2026-09-06 12:08:34.279[0m | [1mINFO    [0m | [36msrc.application.indexing_service[0m:[36m99[0m - [1m文档向量化完成 doc_id=6f3680d5-fc85-4491-b4f7-86aa9998c974 vectors=1 embedding=BGE3Embedding 耗时=11673ms[0m
[32m2026-09-06 12:08:34.288[0m | [1mINFO    [0m | [36msrc.application.index_runner[0m:[36m41[0m - [1m开始向量化文档 doc_id=0ab7dbc8-eff8-456b-8fe5-31ad00f969bb[0m
[32m2026-09-06 12:08:43.325[0m | [1mINFO    [0m | [36msrc.application.indexing_service[0m:[36m99[0m - [1m文档向量化完成 doc_id=fe60e1ea-14a5-45e1-ba88-8a31277e1315 vectors=1 embedding=BGE3Embedding 耗时=29726ms[0m
[32m2026-09-06 12:08:43.335[0m | [1mINFO    [0m | [36msrc.application.index_runner[0m:[36m41[0m - [1m开始向量化文档 doc_id=d87e70df-4254-47a7-93fe-8c1db990fc11[0m
[32m2026-09-06 12:08:54.554[0m | [1mINFO    [0m | [36msrc.application.indexing_service[0m:[36m99[0m - [1m文档向量化完成 doc_id=55086c4e-5453-4dc9-ae2a-2305ea63aab7 vectors=2 embedding=BGE3Embedding 耗时=11140ms[0m
[32m2026-09-06 12:08:54.563[0m | [1mINFO    [0m | [36msrc.application.index_runner[0m:[36m41[0m - [1m开始向量化文档 doc_id=5cc9f10a-fb10-4237-8870-c74efe47a79e[0m
[32m2026-09-06 12:09:05.047[0m | [1mINFO    [0m | [36msrc.application.indexing_service[0m:[36m99[0m - [1m文档向量化完成 doc_id=bbe2267a-a53d-4e48-bbee-6d12a163b889 vectors=2 embedding=BGE3Embedding 耗时=10423ms[0m
[32m2026-09-06 12:09:05.056[0m | [1mINFO    [0m | [36msrc.application.index_runner[0m:[36m41[0m - [1m开始向量化文档 doc_id=c03568c9-5f71-43b5-94eb-0cb06e139db4[0m
[32m2026-09-06 12:09:15.628[0m | [1mINFO    [0m | [36msrc.application.indexing_service[0m:[36m99[0m - [1m文档向量化完成 doc_id=26f62325-fdee-469e-b9e9-dfe5590592e0 vectors=1 embedding=BGE3Embedding 耗时=41282ms[0m
[32m2026-09-06 12:09:15.646[0m | [1mINFO    [0m | [36msrc.application.index_runner[0m:[36m41[0m - [1m开始向量化文档 doc_id=3e29e027-8607-4bd7-a73b-a04e44cdd95a[0m
[32m2026-09-06 12:09:26.837[0m | [1mINFO    [0m | [36msrc.application.indexing_service[0m:[36m99[0m - [1m文档向量化完成 doc_id=7bac217c-13ba-4981-ad1a-82733785c5e4 vectors=2 embedding=BGE3Embedding 耗时=11081ms[0m
[32m2026-09-06 12:09:26.845[0m | [1mINFO    [0m | [36msrc.application.index_runner[0m:[36m41[0m - [1m开始向量化文档 doc_id=bd9e88de-7058-4745-b825-0bec553f7f40[0m
[32m2026-09-06 12:09:35.662[0m | [1mINFO    [0m | [36msrc.application.indexing_service[0m:[36m99[0m - [1m文档向量化完成 doc_id=46847018-3b9f-4e5d-9ecb-072ae7c452ea vectors=1 embedding=BGE3Embedding 耗时=8762ms[0m
[32m2026-09-06 12:09:35.670[0m | [1mINFO    [0m | [36msrc.application.index_runner[0m:[36m41[0m - [1m开始向量化文档 doc_id=8737e6ba-e451-46ff-9fac-4996e57fbc09[0m
[32m2026-09-06 12:09:46.467[0m | [1mINFO    [0m | [36msrc.application.indexing_service[0m:[36m99[0m - [1m文档向量化完成 doc_id=7285b94b-2502-445e-a8c7-67215f0257e1 vectors=2 embedding=BGE3Embedding 耗时=10728ms[0m
[32m2026-09-06 12:09:46.483[0m | [1mINFO    [0m | [36msrc.application.index_runner[0m:[36m41[0m - [1m开始向量化文档 doc_id=ce369982-d1aa-46cf-8190-d6aa7d7f2272[0m
[32m2026-09-06 12:09:55.457[0m | [1mINFO    [0m | [36msrc.application.indexing_service[0m:[36m99[0m - [1m文档向量化完成 doc_id=2d0dbfb3-0417-44dc-9e6f-00f60e46022c vectors=1 embedding=BGE3Embedding 耗时=8918ms[0m
[32m2026-09-06 12:09:55.473[0m | [1mINFO    [0m | [36msrc.application.index_runner[0m:[36m41[0m - [1m开始向量化文档 doc_id=405e4ce7-cab0-4708-a6d3-3d67b3892249[0m
[32m2026-09-06 12:10:05.926[0m | [1mINFO    [0m | [36msrc.application.indexing_service[0m:[36m99[0m - [1m文档向量化完成 doc_id=186ee5f9-442a-471f-96c5-b73feb81628b vectors=4 embedding=BGE3Embedding 耗时=60813ms[0m
[32m2026-09-06 12:10:05.938[0m | [1mINFO    [0m | [36msrc.application.index_runner[0m:[36m41[0m - [1m开始向量化文档 doc_id=0f062688-4194-4f14-9040-db1d06cf9e80[0m
[32m2026-09-06 12:10:15.501[0m | [1mINFO    [0m | [36msrc.application.indexing_service[0m:[36m99[0m - [1m文档向量化完成 doc_id=077e4135-cba5-4d08-86e0-862e824c3347 vectors=3 embedding=BGE3Embedding 耗时=19972ms[0m
[32m2026-09-06 12:10:15.519[0m | [1mINFO    [0m | [36msrc.application.index_runner[0m:[36m41[0m - [1m开始向量化文档 doc_id=9a1b2345-f601-49cd-9fc6-b9e0c04609ea[0m
[32m2026-09-06 12:10:26.272[0m | [1mINFO    [0m | [36msrc.application.indexing_service[0m:[36m99[0m - [1m文档向量化完成 doc_id=fbc5efd6-ad76-4679-b0a6-37620c818c86 vectors=3 embedding=BGE3Embedding 耗时=10697ms[0m
[32m2026-09-06 12:10:26.289[0m | [1mINFO    [0m | [36msrc.application.index_runner[0m:[36m41[0m - [1m开始向量化文档 doc_id=c29184e3-7bf4-4bfe-9b08-08a595a2ba7f[0m
[32m2026-09-06 12:10:35.688[0m | [1mINFO    [0m | [36msrc.application.indexing_service[0m:[36m99[0m - [1m文档向量化完成 doc_id=963d09eb-0189-4dbe-b669-35fb8b932ffd vectors=1 embedding=BGE3Embedding 耗时=29694ms[0m
[32m2026-09-06 12:10:35.703[0m | [1mINFO    [0m | [36msrc.application.index_runner[0m:[36m41[0m - [1m开始向量化文档 doc_id=22a069b3-62cf-4cb6-b039-2ddd9613a42f[0m
[32m2026-09-06 12:10:46.663[0m | [1mINFO    [0m | [36msrc.application.indexing_service[0m:[36m99[0m - [1m文档向量化完成 doc_id=d4eafde0-6db3-4c4f-b8db-b00a8e59610b vectors=3 embedding=BGE3Embedding 耗时=10904ms[0m
[32m2026-09-06 12:10:46.680[0m | [1mINFO    [0m | [36msrc.application.index_runner[0m:[36m41[0m - [1m开始向量化文档 doc_id=1013ac12-e1f1-4af9-a79d-be0d43fca81a[0m
[32m2026-09-06 12:10:56.839[0m | [1mINFO    [0m | [36msrc.application.indexing_service[0m:[36m99[0m - [1m文档向量化完成 doc_id=98758194-560e-47bd-ba35-781c6ccb8c2b vectors=2 embedding=BGE3Embedding 耗时=10103ms[0m
[32m2026-09-06 12:10:56.847[0m | [1mINFO    [0m | [36msrc.application.index_runner[0m:[36m41[0m - [1m开始向量化文档 doc_id=9ac8d6c0-a016-44ff-8a70-b93a2d704892[0m
[32m2026-09-06 12:11:07.192[0m | [1mINFO    [0m | [36msrc.application.indexing_service[0m:[36m99[0m - [1m文档向量化完成 doc_id=959b2bd4-4e60-4611-bdeb-d33ea4e3860d vectors=3 embedding=BGE3Embedding 耗时=10290ms[0m
[32m2026-09-06 12:11:07.205[0m | [1mINFO    [0m | [36msrc.application.index_runner[0m:[36m41[0m - [1m开始向量化文档 doc_id=fdcf9f25-d445-4071-bbf0-b18d1f09702c[0m
[32m2026-09-06 12:11:17.323[0m | [1mINFO    [0m | [36msrc.application.indexing_service[0m:[36m99[0m - [1m文档向量化完成 doc_id=71b3a3aa-b095-4975-95a5-7b80312cdf8f vectors=2 embedding=BGE3Embedding 耗时=10035ms[0m
[32m2026-09-06 12:11:17.334[0m | [1mINFO    [0m | [36msrc.application.index_runner[0m:[36m41[0m - [1m开始向量化文档 doc_id=b5410c38-4581-41af-91dd-ac21bbe38ae3[0m
[32m2026-09-06 12:11:25.711[0m | [1mINFO    [0m | [36msrc.application.indexing_service[0m:[36m99[0m - [1m文档向量化完成 doc_id=ea4f066e-cbca-4326-ad8a-790b6aa182a6 vectors=1 embedding=BGE3Embedding 耗时=59365ms[0m
[32m2026-09-06 12:11:25.754[0m | [1mINFO    [0m | [36msrc.application.index_runner[0m:[36m41[0m - [1m开始向量化文档 doc_id=86c1c196-5d9d-4448-ac69-fff664b301e2[0m
[32m2026-09-06 12:11:38.555[0m | [1mINFO    [0m | [36msrc.application.indexing_service[0m:[36m99[0m - [1m文档向量化完成 doc_id=b3a57a7f-590d-4f23-a114-1e60aed30616 vectors=2 embedding=BGE3Embedding 耗时=12665ms[0m
[32m2026-09-06 12:11:38.566[0m | [1mINFO    [0m | [36msrc.application.index_runner[0m:[36m41[0m - [1m开始向量化文档 doc_id=693c93cc-a80c-48bc-b870-a9b896287627[0m
[32m2026-09-06 12:11:48.403[0m | [1mINFO    [0m | [36msrc.application.indexing_service[0m:[36m99[0m - [1m文档向量化完成 doc_id=c7b3f594-0b23-49c2-9439-f5cd662b93f1 vectors=2 embedding=BGE3Embedding 耗时=9782ms[0m
[32m2026-09-06 12:11:48.415[0m | [1mINFO    [0m | [36msrc.application.index_runner[0m:[36m41[0m - [1m开始向量化文档 doc_id=cc563395-6f4a-47f8-9130-a6946636ab23[0m
[32m2026-09-06 12:11:55.787[0m | [1mINFO    [0m | [36msrc.application.indexing_service[0m:[36m99[0m - [1m文档向量化完成 doc_id=5a48b81d-2b35-48c3-9547-5f66af7cec34 vectors=4 embedding=BGE3Embedding 耗时=38397ms[0m
[32m2026-09-06 12:11:55.798[0m | [1mINFO    [0m | [36msrc.application.index_runner[0m:[36m41[0m - [1m开始向量化文档 doc_id=b455ee6d-7713-46fc-8ee3-5714fa22beb3[0m
[32m2026-09-06 12:12:06.260[0m | [1mINFO    [0m | [36msrc.application.indexing_service[0m:[36m99[0m - [1m文档向量化完成 doc_id=2485c56d-160f-4ec6-80f2-bde91c12eba4 vectors=2 embedding=BGE3Embedding 耗时=17788ms[0m
[32m2026-09-06 12:12:06.276[0m | [1mINFO    [0m | [36msrc.application.index_runner[0m:[36m41[0m - [1m开始向量化文档 doc_id=e3cf3c62-7bad-4260-9337-98dd066ba6af[0m
[32m2026-09-06 12:12:17.027[0m | [1mINFO    [0m | [36msrc.application.indexing_service[0m:[36m99[0m - [1m文档向量化完成 doc_id=37782f66-e7b0-49eb-b6fc-006300840a60 vectors=2 embedding=BGE3Embedding 耗时=10696ms[0m
[32m2026-09-06 12:12:17.035[0m | [1mINFO    [0m | [36msrc.application.index_runner[0m:[36m41[0m - [1m开始向量化文档 doc_id=359624f2-e92d-4ddb-88a3-3bbd52ec79c4[0m
[32m2026-09-06 12:12:27.378[0m | [1mINFO    [0m | [36msrc.application.indexing_service[0m:[36m99[0m - [1m文档向量化完成 doc_id=7d9d1f66-1fe4-4a48-a6ba-50069f4e4b20 vectors=2 embedding=BGE3Embedding 耗时=31524ms[0m
[32m2026-09-06 12:12:27.394[0m | [1mINFO    [0m | [36msrc.application.index_runner[0m:[36m41[0m - [1m开始向量化文档 doc_id=7ab9498a-e768-4e3d-b6dc-6365bac91997[0m
[32m2026-09-06 12:12:37.740[0m | [1mINFO    [0m | [36msrc.application.indexing_service[0m:[36m99[0m - [1m文档向量化完成 doc_id=dcddf854-1dfa-4e6d-be95-4db11564514a vectors=2 embedding=BGE3Embedding 耗时=10291ms[0m
[32m2026-09-06 12:12:37.751[0m | [1mINFO    [0m | [36msrc.application.index_runner[0m:[36m41[0m - [1m开始向量化文档 doc_id=9639fbd5-79c4-41d8-bdf7-10bf9b95175a[0m
[32m2026-09-06 12:12:47.751[0m | [1mINFO    [0m | [36msrc.application.indexing_service[0m:[36m99[0m - [1m文档向量化完成 doc_id=d2fcbd24-0ad7-4da2-8a9e-a31d9db7f716 vectors=2 embedding=BGE3Embedding 耗时=9943ms[0m
[32m2026-09-06 12:12:47.760[0m | [1mINFO    [0m | [36msrc.application.index_runner[0m:[36m41[0m - [1m开始向量化文档 doc_id=feef02aa-f1f9-4346-9abe-972e6c175f30[0m
[32m2026-09-06 12:12:57.758[0m | [1mINFO    [0m | [36msrc.application.indexing_service[0m:[36m99[0m - [1m文档向量化完成 doc_id=26f851ca-e1ed-4e9f-88af-b903cdedc1bb vectors=2 embedding=BGE3Embedding 耗时=9946ms[0m
[32m2026-09-06 12:12:57.765[0m | [1mINFO    [0m | [36msrc.application.index_runner[0m:[36m41[0m - [1m开始向量化文档 doc_id=695831b1-8ec3-46d9-86eb-71b904f2e930[0m
[32m2026-09-06 12:13:07.998[0m | [1mINFO    [0m | [36msrc.application.indexing_service[0m:[36m99[0m - [1m文档向量化完成 doc_id=e56449b7-ed08-4e2d-b648-b9672f2e5c39 vectors=3 embedding=BGE3Embedding 耗时=10177ms[0m
[32m2026-09-06 12:13:08.010[0m | [1mINFO    [0m | [36msrc.application.index_runner[0m:[36m41[0m - [1m开始向量化文档 doc_id=a0f2c6d6-cb21-498e-965e-0ed55735d09e[0m
[32m2026-09-06 12:13:16.398[0m | [1mINFO    [0m | [36msrc.application.indexing_service[0m:[36m99[0m - [1m文档向量化完成 doc_id=05cf39d7-0ca7-47e6-ac1a-9fba88323a35 vectors=2 embedding=BGE3Embedding 耗时=59308ms[0m
[32m2026-09-06 12:13:16.416[0m | [1mINFO    [0m | [36msrc.application.index_runner[0m:[36m41[0m - [1m开始向量化文档 doc_id=c583a254-ec0d-498f-bea8-cdb5e17a9047[0m
[32m2026-09-06 12:13:28.565[0m | [1mINFO    [0m | [36msrc.application.indexing_service[0m:[36m99[0m - [1m文档向量化完成 doc_id=c9e1b131-addd-41e8-aa36-b22d5904f5b0 vectors=3 embedding=BGE3Embedding 耗时=12018ms[0m
[32m2026-09-06 12:13:28.575[0m | [1mINFO    [0m | [36msrc.application.index_runner[0m:[36m41[0m - [1m开始向量化文档 doc_id=a5a9e013-6ac0-4518-b0cb-7fec0e2f35b9[0m
[32m2026-09-06 12:13:35.976[0m | [1mINFO    [0m | [36msrc.application.indexing_service[0m:[36m99[0m - [1m文档向量化完成 doc_id=e4268eb0-a9a1-495e-895b-69ac6f69c666 vectors=7 embedding=BGE3Embedding 耗时=27906ms[0m
[32m2026-09-06 12:13:35.986[0m | [1mINFO    [0m | [36msrc.application.index_runner[0m:[36m41[0m - [1m开始向量化文档 doc_id=bbe0cd35-b5c2-475e-a931-79d3a327a634[0m
[32m2026-09-06 12:13:47.013[0m | [1mINFO    [0m | [36msrc.application.indexing_service[0m:[36m99[0m - [1m文档向量化完成 doc_id=072863a0-0c42-4dff-a083-cc72ae230c5f vectors=3 embedding=BGE3Embedding 耗时=10967ms[0m
[32m2026-09-06 12:13:47.023[0m | [1mINFO    [0m | [36msrc.application.index_runner[0m:[36m41[0m - [1m开始向量化文档 doc_id=a2aa889b-4572-4219-98ec-b51ea8e01ea0[0m
[32m2026-09-06 12:13:56.928[0m | [1mINFO    [0m | [36msrc.application.indexing_service[0m:[36m99[0m - [1m文档向量化完成 doc_id=5d6b45cf-3b44-404b-99a8-a2c94227ea06 vectors=3 embedding=BGE3Embedding 耗时=9851ms[0m
[32m2026-09-06 12:13:56.938[0m | [1mINFO    [0m | [36msrc.application.index_runner[0m:[36m41[0m - [1m开始向量化文档 doc_id=03874916-3187-46a8-b346-cff01e46a5f8[0m
[32m2026-09-06 12:14:08.010[0m | [1mINFO    [0m | [36msrc.application.indexing_service[0m:[36m99[0m - [1m文档向量化完成 doc_id=999cf4e3-f035-48a6-9427-517c67a75e4a vectors=3 embedding=BGE3Embedding 耗时=11013ms[0m
[32m2026-09-06 12:14:08.020[0m | [1mINFO    [0m | [36msrc.application.index_runner[0m:[36m41[0m - [1m开始向量化文档 doc_id=4ab531fc-4543-4cad-8d06-6e532499aeea[0m
[32m2026-09-06 12:14:18.152[0m | [1mINFO    [0m | [36msrc.application.indexing_service[0m:[36m99[0m - [1m文档向量化完成 doc_id=8cb243cb-ad43-42d0-b69e-1e044be44bf8 vectors=3 embedding=BGE3Embedding 耗时=10077ms[0m
[32m2026-09-06 12:14:18.161[0m | [1mINFO    [0m | [36msrc.application.index_runner[0m:[36m41[0m - [1m开始向量化文档 doc_id=5b27a073-d52a-4351-9c97-192cf493424c[0m
[32m2026-09-06 12:14:28.227[0m | [1mINFO    [0m | [36msrc.application.indexing_service[0m:[36m99[0m - [1m文档向量化完成 doc_id=b0066afa-4f68-4df9-8c2f-0d36a5d7a3fc vectors=3 embedding=BGE3Embedding 耗时=59597ms[0m
[32m2026-09-06 12:14:28.243[0m | [1mINFO    [0m | [36msrc.application.index_runner[0m:[36m41[0m - [1m开始向量化文档 doc_id=3871a7b7-292f-4da3-a343-53ebd6d0d55c[0m
[32m2026-09-06 12:14:40.757[0m | [1mINFO    [0m | [36msrc.application.indexing_service[0m:[36m99[0m - [1m文档向量化完成 doc_id=babd0580-b0fd-4d60-a6c3-55ccd26cc39e vectors=3 embedding=BGE3Embedding 耗时=12404ms[0m
[32m2026-09-06 12:14:40.769[0m | [1mINFO    [0m | [36msrc.application.index_runner[0m:[36m41[0m - [1m开始向量化文档 doc_id=8d31c78f-fdcf-433b-b89d-c16c20392367[0m
[32m2026-09-06 12:14:49.009[0m | [1mINFO    [0m | [36msrc.application.indexing_service[0m:[36m99[0m - [1m文档向量化完成 doc_id=9f4fe262-346b-4dec-89a2-1cec941ff04c vectors=4 embedding=BGE3Embedding 耗时=30791ms[0m
[32m2026-09-06 12:14:49.023[0m | [1mINFO    [0m | [36msrc.application.index_runner[0m:[36m41[0m - [1m开始向量化文档 doc_id=967f28ef-152c-4049-89be-e5a93297a746[0m
[32m2026-09-06 12:15:00.199[0m | [1mINFO    [0m | [36msrc.application.indexing_service[0m:[36m99[0m - [1m文档向量化完成 doc_id=d2e0ddcf-1729-45b3-89b4-01c1320941a6 vectors=2 embedding=BGE3Embedding 耗时=19359ms[0m
[32m2026-09-06 12:15:00.221[0m | [1mINFO    [0m | [36msrc.application.index_runner[0m:[36m41[0m - [1m开始向量化文档 doc_id=6eca154e-7fda-4579-84e6-01997deddac9[0m
[32m2026-09-06 12:15:10.750[0m | [1mINFO    [0m | [36msrc.application.indexing_service[0m:[36m99[0m - [1m文档向量化完成 doc_id=0ab7dbc8-eff8-456b-8fe5-31ad00f969bb vectors=2 embedding=BGE3Embedding 耗时=10437ms[0m
[32m2026-09-06 12:15:10.761[0m | [1mINFO    [0m | [36msrc.application.index_runner[0m:[36m41[0m - [1m开始向量化文档 doc_id=26aded45-0f75-4fb5-a7d1-33513b067e16[0m
[32m2026-09-06 12:15:19.430[0m | [1mINFO    [0m | [36msrc.application.indexing_service[0m:[36m99[0m - [1m文档向量化完成 doc_id=d87e70df-4254-47a7-93fe-8c1db990fc11 vectors=1 embedding=BGE3Embedding 耗时=8614ms[0m
[32m2026-09-06 12:15:19.437[0m | [1mINFO    [0m | [36msrc.application.index_runner[0m:[36m41[0m - [1m开始向量化文档 doc_id=ee0295c3-71dc-47d9-9626-036e82176615[0m
[32m2026-09-06 12:15:29.581[0m | [1mINFO    [0m | [36msrc.application.indexing_service[0m:[36m99[0m - [1m文档向量化完成 doc_id=4856e3ce-a2b5-46d7-9872-f53b68b29f41 vectors=4 embedding=BGE3Embedding 耗时=40500ms[0m
[32m2026-09-06 12:15:29.600[0m | [1mINFO    [0m | [36msrc.application.index_runner[0m:[36m41[0m - [1m开始向量化文档 doc_id=615aac94-82a1-4d99-9ed2-ed1a2eed0505[0m
[32m2026-09-06 12:15:39.239[0m | [1mINFO    [0m | [36msrc.application.indexing_service[0m:[36m99[0m - [1m文档向量化完成 doc_id=5cc9f10a-fb10-4237-8870-c74efe47a79e vectors=2 embedding=BGE3Embedding 耗时=19738ms[0m
[32m2026-09-06 12:15:39.254[0m | [1mINFO    [0m | [36msrc.application.index_runner[0m:[36m41[0m - [1m开始向量化文档 doc_id=49bed3af-4f94-482b-8250-828b2d20dd8b[0m
[32m2026-09-06 12:15:49.836[0m | [1mINFO    [0m | [36msrc.application.indexing_service[0m:[36m99[0m - [1m文档向量化完成 doc_id=3e29e027-8607-4bd7-a73b-a04e44cdd95a vectors=2 embedding=BGE3Embedding 耗时=10515ms[0m
[32m2026-09-06 12:15:49.854[0m | [1mINFO    [0m | [36msrc.application.index_runner[0m:[36m41[0m - [1m开始向量化文档 doc_id=19d2af2f-320e-4242-ab5b-87b1ebad14a9[0m
[32m2026-09-06 12:15:58.839[0m | [1mINFO    [0m | [36msrc.application.indexing_service[0m:[36m99[0m - [1m文档向量化完成 doc_id=bd9e88de-7058-4745-b825-0bec553f7f40 vectors=1 embedding=BGE3Embedding 耗时=8927ms[0m
[32m2026-09-06 12:15:58.853[0m | [1mINFO    [0m | [36msrc.application.index_runner[0m:[36m41[0m - [1m开始向量化文档 doc_id=ea0c9688-eaae-4fda-a4ff-874a6516b267[0m
[32m2026-09-06 12:16:09.135[0m | [1mINFO    [0m | [36msrc.application.indexing_service[0m:[36m99[0m - [1m文档向量化完成 doc_id=8737e6ba-e451-46ff-9fac-4996e57fbc09 vectors=3 embedding=BGE3Embedding 耗时=10227ms[0m
[32m2026-09-06 12:16:09.145[0m | [1mINFO    [0m | [36msrc.application.index_runner[0m:[36m41[0m - [1m开始向量化文档 doc_id=4cadd73a-777a-4174-a316-8f869e4c1c81[0m
[32m2026-09-06 12:16:20.292[0m | [1mINFO    [0m | [36msrc.application.indexing_service[0m:[36m99[0m - [1m文档向量化完成 doc_id=c03568c9-5f71-43b5-94eb-0cb06e139db4 vectors=1 embedding=BGE3Embedding 耗时=50636ms[0m
[32m2026-09-06 12:16:20.306[0m | [1mINFO    [0m | [36msrc.application.index_runner[0m:[36m41[0m - [1m开始向量化文档 doc_id=3696e26a-3f4d-4a35-8b98-669c5abe81e9[0m
[32m2026-09-06 12:16:29.856[0m | [1mINFO    [0m | [36msrc.application.indexing_service[0m:[36m99[0m - [1m文档向量化完成 doc_id=ce369982-d1aa-46cf-8190-d6aa7d7f2272 vectors=1 embedding=BGE3Embedding 耗时=20654ms[0m
[32m2026-09-06 12:16:29.870[0m | [1mINFO    [0m | [36msrc.application.index_runner[0m:[36m41[0m - [1m开始向量化文档 doc_id=77e577f9-3d54-4f1a-8d2a-f61385684f96[0m
[32m2026-09-06 12:16:40.250[0m | [1mINFO    [0m | [36msrc.application.indexing_service[0m:[36m99[0m - [1m文档向量化完成 doc_id=405e4ce7-cab0-4708-a6d3-3d67b3892249 vectors=3 embedding=BGE3Embedding 耗时=19890ms[0m
[32m2026-09-06 12:16:40.260[0m | [1mINFO    [0m | [36msrc.application.index_runner[0m:[36m41[0m - [1m开始向量化文档 doc_id=dca4b335-bbae-4094-9a50-bc5813f93bd9[0m
[32m2026-09-06 12:16:50.138[0m | [1mINFO    [0m | [36msrc.application.indexing_service[0m:[36m99[0m - [1m文档向量化完成 doc_id=0f062688-4194-4f14-9040-db1d06cf9e80 vectors=1 embedding=BGE3Embedding 耗时=20210ms[0m
[32m2026-09-06 12:16:50.145[0m | [1mINFO    [0m | [36msrc.application.index_runner[0m:[36m41[0m - [1m开始向量化文档 doc_id=f2a4d5e7-c810-4dfd-b094-440f862682cf[0m
[32m2026-09-06 12:16:59.845[0m | [1mINFO    [0m | [36msrc.application.indexing_service[0m:[36m99[0m - [1m文档向量化完成 doc_id=9a1b2345-f601-49cd-9fc6-b9e0c04609ea vectors=3 embedding=BGE3Embedding 耗时=19527ms[0m
[32m2026-09-06 12:16:59.863[0m | [1mINFO    [0m | [36msrc.application.index_runner[0m:[36m41[0m - [1m开始向量化文档 doc_id=bd886746-9cf8-4969-9f38-85963b5e19de[0m
[32m2026-09-06 12:17:10.142[0m | [1mINFO    [0m | [36msrc.application.indexing_service[0m:[36m99[0m - [1m文档向量化完成 doc_id=c29184e3-7bf4-4bfe-9b08-08a595a2ba7f vectors=2 embedding=BGE3Embedding 耗时=19940ms[0m
[32m2026-09-06 12:17:10.150[0m | [1mINFO    [0m | [36msrc.application.index_runner[0m:[36m41[0m - [1m开始向量化文档 doc_id=4ea7d382-749b-4445-86ca-2b6c0fb19273[0m
[32m2026-09-06 12:17:21.051[0m | [1mINFO    [0m | [36msrc.application.indexing_service[0m:[36m99[0m - [1m文档向量化完成 doc_id=22a069b3-62cf-4cb6-b039-2ddd9613a42f vectors=3 embedding=BGE3Embedding 耗时=21133ms[0m
[32m2026-09-06 12:17:21.063[0m | [1mINFO    [0m | [36msrc.application.index_runner[0m:[36m41[0m - [1m开始向量化文档 doc_id=76c1943a-2f34-43d2-9b08-05b42301c1d3[0m
[32m2026-09-06 12:17:30.347[0m | [1mINFO    [0m | [36msrc.application.indexing_service[0m:[36m99[0m - [1m文档向量化完成 doc_id=1013ac12-e1f1-4af9-a79d-be0d43fca81a vectors=2 embedding=BGE3Embedding 耗时=20137ms[0m
[32m2026-09-06 12:17:30.362[0m | [1mINFO    [0m | [36msrc.application.index_runner[0m:[36m41[0m - [1m开始向量化文档 doc_id=5ab18d0e-cc79-4691-bd80-c2976536e9ee[0m
[32m2026-09-06 12:17:41.608[0m | [1mINFO    [0m | [36msrc.application.indexing_service[0m:[36m99[0m - [1m文档向量化完成 doc_id=fdcf9f25-d445-4071-bbf0-b18d1f09702c vectors=2 embedding=BGE3Embedding 耗时=11137ms[0m
[32m2026-09-06 12:17:41.617[0m | [1mINFO    [0m | [36msrc.application.index_runner[0m:[36m41[0m - [1m开始向量化文档 doc_id=a8452960-c1bb-4a97-897d-efc9ec76bad0[0m
[32m2026-09-06 12:17:51.698[0m | [1mINFO    [0m | [36msrc.application.indexing_service[0m:[36m99[0m - [1m文档向量化完成 doc_id=b5410c38-4581-41af-91dd-ac21bbe38ae3 vectors=2 embedding=BGE3Embedding 耗时=10025ms[0m
[32m2026-09-06 12:17:51.709[0m | [1mINFO    [0m | [36msrc.application.index_runner[0m:[36m41[0m - [1m开始向量化文档 doc_id=14d5bebf-4777-4ea4-b626-a3f2f9cb0205[0m
[32m2026-09-06 12:18:01.683[0m | [1mINFO    [0m | [36msrc.application.indexing_service[0m:[36m99[0m - [1m文档向量化完成 doc_id=86c1c196-5d9d-4448-ac69-fff664b301e2 vectors=2 embedding=BGE3Embedding 耗时=9921ms[0m
[32m2026-09-06 12:18:01.694[0m | [1mINFO    [0m | [36msrc.application.index_runner[0m:[36m41[0m - [1m开始向量化文档 doc_id=9143299e-edce-49dd-aca1-1231b7f0ad30[0m
[32m2026-09-06 12:18:11.628[0m | [1mINFO    [0m | [36msrc.application.indexing_service[0m:[36m99[0m - [1m文档向量化完成 doc_id=693c93cc-a80c-48bc-b870-a9b896287627 vectors=2 embedding=BGE3Embedding 耗时=9879ms[0m
[32m2026-09-06 12:18:11.638[0m | [1mINFO    [0m | [36msrc.application.index_runner[0m:[36m41[0m - [1m开始向量化文档 doc_id=f6ecca26-50ae-4f6b-a82b-a58e8bd993bf[0m
[32m2026-09-06 12:18:22.064[0m | [1mINFO    [0m | [36msrc.application.indexing_service[0m:[36m99[0m - [1m文档向量化完成 doc_id=cc563395-6f4a-47f8-9130-a6946636ab23 vectors=3 embedding=BGE3Embedding 耗时=10369ms[0m
[32m2026-09-06 12:18:22.074[0m | [1mINFO    [0m | [36msrc.application.index_runner[0m:[36m41[0m - [1m开始向量化文档 doc_id=efb03b51-15ce-44f3-af50-e73e0d720e96[0m
[32m2026-09-06 12:18:32.562[0m | [1mINFO    [0m | [36msrc.application.indexing_service[0m:[36m99[0m - [1m文档向量化完成 doc_id=b455ee6d-7713-46fc-8ee3-5714fa22beb3 vectors=2 embedding=BGE3Embedding 耗时=10419ms[0m
[32m2026-09-06 12:18:32.571[0m | [1mINFO    [0m | [36msrc.application.index_runner[0m:[36m41[0m - [1m开始向量化文档 doc_id=1fc63a98-f43e-44b6-9f1e-5b3518fee707[0m
[32m2026-09-06 12:18:40.040[0m | [1mINFO    [0m | [36msrc.application.indexing_service[0m:[36m99[0m - [1m文档向量化完成 doc_id=9ac8d6c0-a016-44ff-8a70-b93a2d704892 vectors=4 embedding=BGE3Embedding 耗时=78922ms[0m
[32m2026-09-06 12:18:40.054[0m | [1mINFO    [0m | [36msrc.application.index_runner[0m:[36m41[0m - [1m开始向量化文档 doc_id=815d15cc-51ea-4ed2-8a15-6486dbc8fcdd[0m
[32m2026-09-06 12:18:50.889[0m | [1mINFO    [0m | [36msrc.application.indexing_service[0m:[36m99[0m - [1m文档向量化完成 doc_id=e3cf3c62-7bad-4260-9337-98dd066ba6af vectors=3 embedding=BGE3Embedding 耗时=18264ms[0m
[32m2026-09-06 12:18:50.900[0m | [1mINFO    [0m | [36msrc.application.index_runner[0m:[36m41[0m - [1m开始向量化文档 doc_id=4c96e38a-b6c1-47cb-88ef-d6345ea38ae4[0m
[32m2026-09-06 12:19:00.905[0m | [1mINFO    [0m | [36msrc.application.indexing_service[0m:[36m99[0m - [1m文档向量化完成 doc_id=7ab9498a-e768-4e3d-b6dc-6365bac91997 vectors=3 embedding=BGE3Embedding 耗时=9949ms[0m
[32m2026-09-06 12:19:00.914[0m | [1mINFO    [0m | [36msrc.application.index_runner[0m:[36m41[0m - [1m开始向量化文档 doc_id=351642cf-0877-4cf9-8494-7e0de724aaa5[0m
[32m2026-09-06 12:19:11.248[0m | [1mINFO    [0m | [36msrc.application.indexing_service[0m:[36m99[0m - [1m文档向量化完成 doc_id=359624f2-e92d-4ddb-88a3-3bbd52ec79c4 vectors=2 embedding=BGE3Embedding 耗时=31134ms[0m
[32m2026-09-06 12:19:11.257[0m | [1mINFO    [0m | [36msrc.application.index_runner[0m:[36m41[0m - [1m开始向量化文档 doc_id=9e337f05-4d9c-48d7-99d2-c7c3953d8961[0m
[32m2026-09-06 12:19:21.806[0m | [1mINFO    [0m | [36msrc.application.indexing_service[0m:[36m99[0m - [1m文档向量化完成 doc_id=feef02aa-f1f9-4346-9abe-972e6c175f30 vectors=3 embedding=BGE3Embedding 耗时=10495ms[0m
[32m2026-09-06 12:19:21.814[0m | [1mINFO    [0m | [36msrc.application.index_runner[0m:[36m41[0m - [1m开始向量化文档 doc_id=06dc6aa2-d237-4765-88db-a564e3f7d4ec[0m
[32m2026-09-06 12:19:31.602[0m | [1mINFO    [0m | [36msrc.application.indexing_service[0m:[36m99[0m - [1m文档向量化完成 doc_id=695831b1-8ec3-46d9-86eb-71b904f2e930 vectors=3 embedding=BGE3Embedding 耗时=9732ms[0m
[32m2026-09-06 12:19:31.611[0m | [1mINFO    [0m | [36msrc.application.index_runner[0m:[36m41[0m - [1m开始向量化文档 doc_id=acaa8149-5da2-47b0-b743-d8a929e1425a[0m
[32m2026-09-06 12:19:39.546[0m | [1mINFO    [0m | [36msrc.application.indexing_service[0m:[36m99[0m - [1m文档向量化完成 doc_id=9639fbd5-79c4-41d8-bdf7-10bf9b95175a vectors=3 embedding=BGE3Embedding 耗时=38554ms[0m
[32m2026-09-06 12:19:39.572[0m | [1mINFO    [0m | [36msrc.application.index_runner[0m:[36m41[0m - [1m开始向量化文档 doc_id=e108af9a-0500-4e23-92e5-3d74c8ad82ec[0m
[32m2026-09-06 12:19:52.336[0m | [1mINFO    [0m | [36msrc.application.indexing_service[0m:[36m99[0m - [1m文档向量化完成 doc_id=c583a254-ec0d-498f-bea8-cdb5e17a9047 vectors=3 embedding=BGE3Embedding 耗时=12649ms[0m
[32m2026-09-06 12:19:52.345[0m | [1mINFO    [0m | [36msrc.application.index_runner[0m:[36m41[0m - [1m开始向量化文档 doc_id=21caa81b-a5cb-4f5b-a941-f89cee3ca731[0m
[32m2026-09-06 12:20:01.043[0m | [1mINFO    [0m | [36msrc.application.indexing_service[0m:[36m99[0m - [1m文档向量化完成 doc_id=a5a9e013-6ac0-4518-b0cb-7fec0e2f35b9 vectors=1 embedding=BGE3Embedding 耗时=8623ms[0m
[32m2026-09-06 12:20:01.052[0m | [1mINFO    [0m | [36msrc.application.index_runner[0m:[36m41[0m - [1m开始向量化文档 doc_id=983448e0-b2a7-43ae-b32a-e5b9f8916415[0m
[32m2026-09-06 12:20:10.247[0m | [1mINFO    [0m | [36msrc.application.indexing_service[0m:[36m99[0m - [1m文档向量化完成 doc_id=a0f2c6d6-cb21-498e-965e-0ed55735d09e vectors=4 embedding=BGE3Embedding 耗时=38582ms[0m
[32m2026-09-06 12:20:10.257[0m | [1mINFO    [0m | [36msrc.application.index_runner[0m:[36m41[0m - [1m开始向量化文档 doc_id=db15397c-6635-4b1e-a7de-a869ee3e6339[0m
[32m2026-09-06 12:20:21.041[0m | [1mINFO    [0m | [36msrc.application.indexing_service[0m:[36m99[0m - [1m文档向量化完成 doc_id=bbe0cd35-b5c2-475e-a931-79d3a327a634 vectors=3 embedding=BGE3Embedding 耗时=19935ms[0m
[32m2026-09-06 12:20:21.052[0m | [1mINFO    [0m | [36msrc.application.index_runner[0m:[36m41[0m - [1m开始向量化文档 doc_id=c60dd2d8-707a-4a15-bac5-309f28700b6c[0m
[32m2026-09-06 12:20:30.531[0m | [1mINFO    [0m | [36msrc.application.indexing_service[0m:[36m99[0m - [1m文档向量化完成 doc_id=a2aa889b-4572-4219-98ec-b51ea8e01ea0 vectors=1 embedding=BGE3Embedding 耗时=20217ms[0m
[32m2026-09-06 12:20:30.543[0m | [1mINFO    [0m | [36msrc.application.index_runner[0m:[36m41[0m - [1m开始向量化文档 doc_id=b45939ca-cea6-450b-85f9-fcf68c2262ca[0m
[32m2026-09-06 12:20:42.027[0m | [1mINFO    [0m | [36msrc.application.indexing_service[0m:[36m99[0m - [1m文档向量化完成 doc_id=03874916-3187-46a8-b346-cff01e46a5f8 vectors=4 embedding=BGE3Embedding 耗时=20920ms[0m
[32m2026-09-06 12:20:42.037[0m | [1mINFO    [0m | [36msrc.application.index_runner[0m:[36m41[0m - [1m开始向量化文档 doc_id=7f1c1171-66bf-4064-b625-a55afe6f35ae[0m
[32m2026-09-06 12:20:51.288[0m | [1mINFO    [0m | [36msrc.application.indexing_service[0m:[36m99[0m - [1m文档向量化完成 doc_id=4ab531fc-4543-4cad-8d06-6e532499aeea vectors=1 embedding=BGE3Embedding 耗时=20635ms[0m
[32m2026-09-06 12:20:51.299[0m | [1mINFO    [0m | [36msrc.application.index_runner[0m:[36m41[0m - [1m开始向量化文档 doc_id=5b6227e4-244d-415a-bebe-64b66234e60d[0m
[32m2026-09-06 12:21:02.052[0m | [1mINFO    [0m | [36msrc.application.indexing_service[0m:[36m99[0m - [1m文档向量化完成 doc_id=5b27a073-d52a-4351-9c97-192cf493424c vectors=2 embedding=BGE3Embedding 耗时=19956ms[0m
[32m2026-09-06 12:21:02.059[0m | [1mINFO    [0m | [36msrc.application.index_runner[0m:[36m41[0m - [1m开始向量化文档 doc_id=b10e5059-764f-420b-9345-4f85a634fd78[0m
[32m2026-09-06 12:21:12.036[0m | [1mINFO    [0m | [36msrc.application.indexing_service[0m:[36m99[0m - [1m文档向量化完成 doc_id=3871a7b7-292f-4da3-a343-53ebd6d0d55c vectors=1 embedding=BGE3Embedding 耗时=20674ms[0m
[32m2026-09-06 12:21:12.049[0m | [1mINFO    [0m | [36msrc.application.index_runner[0m:[36m41[0m - [1m开始向量化文档 doc_id=7692e8ed-2b25-4bed-9564-e44dc8caed11[0m
[32m2026-09-06 12:21:22.006[0m | [1mINFO    [0m | [36msrc.application.indexing_service[0m:[36m99[0m - [1m文档向量化完成 doc_id=8d31c78f-fdcf-433b-b89d-c16c20392367 vectors=2 embedding=BGE3Embedding 耗时=19892ms[0m
[32m2026-09-06 12:21:22.016[0m | [1mINFO    [0m | [36msrc.application.index_runner[0m:[36m41[0m - [1m开始向量化文档 doc_id=eb45ff3e-aced-4763-a92e-ee42ade8e4dc[0m
[32m2026-09-06 12:21:32.075[0m | [1mINFO    [0m | [36msrc.application.indexing_service[0m:[36m99[0m - [1m文档向量化完成 doc_id=6eca154e-7fda-4579-84e6-01997deddac9 vectors=2 embedding=BGE3Embedding 耗时=10004ms[0m
[32m2026-09-06 12:21:32.083[0m | [1mINFO    [0m | [36msrc.application.index_runner[0m:[36m41[0m - [1m开始向量化文档 doc_id=3394c203-38d1-4f1d-8b17-67028444d3d2[0m
[32m2026-09-06 12:21:42.778[0m | [1mINFO    [0m | [36msrc.application.indexing_service[0m:[36m99[0m - [1m文档向量化完成 doc_id=26aded45-0f75-4fb5-a7d1-33513b067e16 vectors=2 embedding=BGE3Embedding 耗时=10632ms[0m
[32m2026-09-06 12:21:42.790[0m | [1mINFO    [0m | [36msrc.application.index_runner[0m:[36m41[0m - [1m开始向量化文档 doc_id=be0729c4-9e3b-4100-afc6-9549cb83ee21[0m
[32m2026-09-06 12:21:53.316[0m | [1mINFO    [0m | [36msrc.application.indexing_service[0m:[36m99[0m - [1m文档向量化完成 doc_id=ee0295c3-71dc-47d9-9626-036e82176615 vectors=2 embedding=BGE3Embedding 耗时=10441ms[0m
[32m2026-09-06 12:21:53.333[0m | [1mINFO    [0m | [36msrc.application.index_runner[0m:[36m41[0m - [1m开始向量化文档 doc_id=42e9bfe4-a79c-447e-a2a6-e49b6aab401d[0m
[32m2026-09-06 12:22:03.331[0m | [1mINFO    [0m | [36msrc.application.indexing_service[0m:[36m99[0m - [1m文档向量化完成 doc_id=615aac94-82a1-4d99-9ed2-ed1a2eed0505 vectors=2 embedding=BGE3Embedding 耗时=9935ms[0m
[32m2026-09-06 12:22:03.338[0m | [1mINFO    [0m | [36msrc.application.index_runner[0m:[36m41[0m - [1m开始向量化文档 doc_id=4cc6e9e5-a211-4a02-9c97-88e8f280e8e3[0m
[32m2026-09-06 12:22:13.109[0m | [1mINFO    [0m | [36msrc.application.indexing_service[0m:[36m99[0m - [1m文档向量化完成 doc_id=49bed3af-4f94-482b-8250-828b2d20dd8b vectors=2 embedding=BGE3Embedding 耗时=9694ms[0m
[32m2026-09-06 12:22:13.117[0m | [1mINFO    [0m | [36msrc.application.index_runner[0m:[36m41[0m - [1m开始向量化文档 doc_id=5c66818f-a54f-42f3-b3de-97b4ccb85050[0m
[32m2026-09-06 12:22:23.330[0m | [1mINFO    [0m | [36msrc.application.indexing_service[0m:[36m99[0m - [1m文档向量化完成 doc_id=19d2af2f-320e-4242-ab5b-87b1ebad14a9 vectors=2 embedding=BGE3Embedding 耗时=10156ms[0m
[32m2026-09-06 12:22:23.347[0m | [1mINFO    [0m | [36msrc.application.index_runner[0m:[36m41[0m - [1m开始向量化文档 doc_id=d8d2258b-4b4b-4619-aec6-2d9dbb532610[0m
[32m2026-09-06 12:22:33.515[0m | [1mINFO    [0m | [36msrc.application.indexing_service[0m:[36m99[0m - [1m文档向量化完成 doc_id=ea0c9688-eaae-4fda-a4ff-874a6516b267 vectors=2 embedding=BGE3Embedding 耗时=10069ms[0m
[32m2026-09-06 12:22:33.526[0m | [1mINFO    [0m | [36msrc.application.index_runner[0m:[36m41[0m - [1m开始向量化文档 doc_id=f32d653b-8456-49ca-97bb-750dac3c832e[0m
[32m2026-09-06 12:22:43.117[0m | [1mINFO    [0m | [36msrc.application.indexing_service[0m:[36m99[0m - [1m文档向量化完成 doc_id=4cadd73a-777a-4174-a316-8f869e4c1c81 vectors=2 embedding=BGE3Embedding 耗时=9536ms[0m
[32m2026-09-06 12:22:43.128[0m | [1mINFO    [0m | [36msrc.application.index_runner[0m:[36m41[0m - [1m开始向量化文档 doc_id=91e6080a-cabb-492c-a5f5-935e7a78b962[0m
[32m2026-09-06 12:22:53.110[0m | [1mINFO    [0m | [36msrc.application.indexing_service[0m:[36m99[0m - [1m文档向量化完成 doc_id=3696e26a-3f4d-4a35-8b98-669c5abe81e9 vectors=2 embedding=BGE3Embedding 耗时=9927ms[0m
[32m2026-09-06 12:22:53.122[0m | [1mINFO    [0m | [36msrc.application.index_runner[0m:[36m41[0m - [1m开始向量化文档 doc_id=35eb4bce-e849-4514-a2c3-8cdf8b5a71c7[0m
[32m2026-09-06 12:23:03.315[0m | [1mINFO    [0m | [36msrc.application.indexing_service[0m:[36m99[0m - [1m文档向量化完成 doc_id=77e577f9-3d54-4f1a-8d2a-f61385684f96 vectors=3 embedding=BGE3Embedding 耗时=10139ms[0m
[32m2026-09-06 12:23:03.330[0m | [1mINFO    [0m | [36msrc.application.index_runner[0m:[36m41[0m - [1m开始向量化文档 doc_id=84eb39f9-59fe-4527-b8e6-838b503129df[0m
[32m2026-09-06 12:23:13.698[0m | [1mINFO    [0m | [36msrc.application.indexing_service[0m:[36m99[0m - [1m文档向量化完成 doc_id=dca4b335-bbae-4094-9a50-bc5813f93bd9 vectors=2 embedding=BGE3Embedding 耗时=10293ms[0m
[32m2026-09-06 12:23:13.707[0m | [1mINFO    [0m | [36msrc.application.index_runner[0m:[36m41[0m - [1m开始向量化文档 doc_id=cde97e00-d853-4cd2-a980-ab0ae45614fb[0m
[32m2026-09-06 12:23:24.109[0m | [1mINFO    [0m | [36msrc.application.indexing_service[0m:[36m99[0m - [1m文档向量化完成 doc_id=f2a4d5e7-c810-4dfd-b094-440f862682cf vectors=3 embedding=BGE3Embedding 耗时=10344ms[0m
[32m2026-09-06 12:23:24.119[0m | [1mINFO    [0m | [36msrc.application.index_runner[0m:[36m41[0m - [1m开始向量化文档 doc_id=ce1494a5-a69f-4953-bba4-e29cb6164e1e[0m
[32m2026-09-06 12:23:34.306[0m | [1mINFO    [0m | [36msrc.application.indexing_service[0m:[36m99[0m - [1m文档向量化完成 doc_id=bd886746-9cf8-4969-9f38-85963b5e19de vectors=2 embedding=BGE3Embedding 耗时=10133ms[0m
[32m2026-09-06 12:23:34.319[0m | [1mINFO    [0m | [36msrc.application.index_runner[0m:[36m41[0m - [1m开始向量化文档 doc_id=f6bc2194-716e-41ad-bd86-89e6f196d2de[0m
[32m2026-09-06 12:23:41.479[0m | [1mINFO    [0m | [36msrc.application.indexing_service[0m:[36m99[0m - [1m文档向量化完成 doc_id=967f28ef-152c-4049-89be-e5a93297a746 vectors=1 embedding=BGE3Embedding 耗时=149349ms[0m
[32m2026-09-06 12:23:41.488[0m | [1mINFO    [0m | [36msrc.application.index_runner[0m:[36m41[0m - [1m开始向量化文档 doc_id=6895ca11-4f56-4c3a-bb0f-6d19f737cf20[0m
[32m2026-09-06 12:23:53.492[0m | [1mINFO    [0m | [36msrc.application.indexing_service[0m:[36m99[0m - [1m文档向量化完成 doc_id=76c1943a-2f34-43d2-9b08-05b42301c1d3 vectors=2 embedding=BGE3Embedding 耗时=11939ms[0m
[32m2026-09-06 12:23:53.501[0m | [1mINFO    [0m | [36msrc.application.index_runner[0m:[36m41[0m - [1m开始向量化文档 doc_id=66804a22-e663-48d7-beaf-04a1ff9e2e43[0m
[32m2026-09-06 12:24:00.958[0m | [1mINFO    [0m | [36msrc.application.indexing_service[0m:[36m99[0m - [1m文档向量化完成 doc_id=4ea7d382-749b-4445-86ca-2b6c0fb19273 vectors=3 embedding=BGE3Embedding 耗时=26576ms[0m
[32m2026-09-06 12:24:00.968[0m | [1mINFO    [0m | [36msrc.application.index_runner[0m:[36m41[0m - [1m开始向量化文档 doc_id=4bb74dc2-95e7-410b-acb2-3e30baf3f9ef[0m
[32m2026-09-06 12:24:12.358[0m | [1mINFO    [0m | [36msrc.application.indexing_service[0m:[36m99[0m - [1m文档向量化完成 doc_id=a8452960-c1bb-4a97-897d-efc9ec76bad0 vectors=2 embedding=BGE3Embedding 耗时=11336ms[0m
[32m2026-09-06 12:24:12.375[0m | [1mINFO    [0m | [36msrc.application.index_runner[0m:[36m41[0m - [1m开始向量化文档 doc_id=ba278ae0-6899-4d35-b25e-9f10c3e7299c[0m
[32m2026-09-06 12:24:23.174[0m | [1mINFO    [0m | [36msrc.application.indexing_service[0m:[36m99[0m - [1m文档向量化完成 doc_id=5ab18d0e-cc79-4691-bd80-c2976536e9ee vectors=3 embedding=BGE3Embedding 耗时=29617ms[0m
[32m2026-09-06 12:24:23.191[0m | [1mINFO    [0m | [36msrc.application.index_runner[0m:[36m41[0m - [1m开始向量化文档 doc_id=2ac70157-5d7f-4678-8283-ee5258927bed[0m
[32m2026-09-06 12:24:33.655[0m | [1mINFO    [0m | [36msrc.application.indexing_service[0m:[36m99[0m - [1m文档向量化完成 doc_id=9143299e-edce-49dd-aca1-1231b7f0ad30 vectors=2 embedding=BGE3Embedding 耗时=10363ms[0m
[32m2026-09-06 12:24:33.662[0m | [1mINFO    [0m | [36msrc.application.index_runner[0m:[36m41[0m - [1m开始向量化文档 doc_id=10f04bdf-b569-4f45-bf6b-916ddf6e57c0[0m
[32m2026-09-06 12:24:43.437[0m | [1mINFO    [0m | [36msrc.application.indexing_service[0m:[36m99[0m - [1m文档向量化完成 doc_id=14d5bebf-4777-4ea4-b626-a3f2f9cb0205 vectors=4 embedding=BGE3Embedding 耗时=31004ms[0m
[32m2026-09-06 12:24:43.447[0m | [1mINFO    [0m | [36msrc.application.index_runner[0m:[36m41[0m - [1m开始向量化文档 doc_id=2cf2848e-dc07-4c98-a104-fbc13cc1731d[0m
[32m2026-09-06 12:24:54.464[0m | [1mINFO    [0m | [36msrc.application.indexing_service[0m:[36m99[0m - [1m文档向量化完成 doc_id=efb03b51-15ce-44f3-af50-e73e0d720e96 vectors=3 embedding=BGE3Embedding 耗时=10961ms[0m
[32m2026-09-06 12:24:54.473[0m | [1mINFO    [0m | [36msrc.application.index_runner[0m:[36m41[0m - [1m开始向量化文档 doc_id=f2b9949b-4d8c-4c6d-8973-bbd5eebb6b0b[0m
[32m2026-09-06 12:25:03.433[0m | [1mINFO    [0m | [36msrc.application.indexing_service[0m:[36m99[0m - [1m文档向量化完成 doc_id=f6ecca26-50ae-4f6b-a82b-a58e8bd993bf vectors=1 embedding=BGE3Embedding 耗时=29714ms[0m
[32m2026-09-06 12:25:03.441[0m | [1mINFO    [0m | [36msrc.application.index_runner[0m:[36m41[0m - [1m开始向量化文档 doc_id=b2635250-93a6-4b4c-96b8-729bd90902b5[0m
[32m2026-09-06 12:25:06.088[0m | [1mINFO    [0m | [36msrc.infrastructure.hyde[0m:[36m88[0m - [1mHyDE 客户端就绪 model=deepseek-chat base_url=https://api.deepseek.com/v1[0m
C:\bi ye she ji\backend\venv\Lib\site-packages\jwt\api_jwt.py:368: InsecureKeyLengthWarning: The HMAC key is 23 bytes long, which is below the minimum recommended length of 32 bytes for SHA256. See RFC 7518 Section 3.2.
  decoded = self.decode_complete(
[32m2026-09-06 12:25:09.617[0m | [1mINFO    [0m | [36msrc.application.rag_service[0m:[36m157[0m - [1mHyDE 改写: ????????????... -> 在分布式系统中，节点间通信失败与网络分区是常态而非异常。为保障一致性，需明确区分“不可用”与“故障”...[0m
[32m2026-09-06 12:25:11.669[0m | [1mINFO    [0m | [36msrc.application.rag_service[0m:[36m196[0m - [1m混合检索 dense=5 sparse=5 fused=5 reranked=5[0m
[32m2026-09-06 12:25:15.225[0m | [1mINFO    [0m | [36msrc.application.indexing_service[0m:[36m99[0m - [1m文档向量化完成 doc_id=1fc63a98-f43e-44b6-9f1e-5b3518fee707 vectors=1 embedding=BGE3Embedding 耗时=20691ms[0m
[32m2026-09-06 12:25:15.239[0m | [1mINFO    [0m | [36msrc.application.index_runner[0m:[36m41[0m - [1m开始向量化文档 doc_id=00051c23-82eb-4510-82da-fa6865132417[0m
[32m2026-09-06 12:25:24.797[0m | [1mINFO    [0m | [36msrc.application.indexing_service[0m:[36m99[0m - [1m文档向量化完成 doc_id=815d15cc-51ea-4ed2-8a15-6486dbc8fcdd vectors=3 embedding=BGE3Embedding 耗时=21280ms[0m
[32m2026-09-06 12:25:24.815[0m | [1mINFO    [0m | [36msrc.application.index_runner[0m:[36m41[0m - [1m开始向量化文档 doc_id=e196e104-a260-4f37-84d0-864ebf40bbad[0m
[32m2026-09-06 12:25:36.032[0m | [1mINFO    [0m | [36msrc.application.indexing_service[0m:[36m99[0m - [1m文档向量化完成 doc_id=351642cf-0877-4cf9-8494-7e0de724aaa5 vectors=3 embedding=BGE3Embedding 耗时=11157ms[0m
[32m2026-09-06 12:25:36.042[0m | [1mINFO    [0m | [36msrc.application.index_runner[0m:[36m41[0m - [1m开始向量化文档 doc_id=959ac7af-d87b-4b24-9737-f6e4242196ba[0m
[32m2026-09-06 12:25:36.967[0m | [1mINFO    [0m | [36msrc.application.rag_service[0m:[36m347[0m - [1mRAG 流式问答完成 conv=00fb1f90-930a-438f-b31b-d042ac63557c hits=5 citations=5 cache=miss 耗时=33479ms[0m
[32m2026-09-06 12:25:45.199[0m | [1mINFO    [0m | [36msrc.application.indexing_service[0m:[36m99[0m - [1m文档向量化完成 doc_id=4c96e38a-b6c1-47cb-88ef-d6345ea38ae4 vectors=1 embedding=BGE3Embedding 耗时=29902ms[0m
[32m2026-09-06 12:25:45.206[0m | [1mINFO    [0m | [36msrc.application.index_runner[0m:[36m41[0m - [1m开始向量化文档 doc_id=1d66d76b-0983-4777-ac45-8b613855511f[0m
[32m2026-09-06 12:25:56.772[0m | [1mINFO    [0m | [36msrc.application.indexing_service[0m:[36m99[0m - [1m文档向量化完成 doc_id=06dc6aa2-d237-4765-88db-a564e3f7d4ec vectors=3 embedding=BGE3Embedding 耗时=11502ms[0m
[32m2026-09-06 12:25:56.782[0m | [1mINFO    [0m | [36msrc.application.index_runner[0m:[36m41[0m - [1m开始向量化文档 doc_id=96f012e3-59d1-4cbf-865f-dd35b4be97a5[0m
[32m2026-09-06 12:26:05.806[0m | [1mINFO    [0m | [36msrc.application.indexing_service[0m:[36m99[0m - [1m文档向量化完成 doc_id=9e337f05-4d9c-48d7-99d2-c7c3953d8961 vectors=1 embedding=BGE3Embedding 耗时=29706ms[0m
[32m2026-09-06 12:26:05.814[0m | [1mINFO    [0m | [36msrc.application.index_runner[0m:[36m41[0m - [1m开始向量化文档 doc_id=da8b219c-94c0-4ae6-ba0e-d3e3fe981298[0m
[32m2026-09-06 12:26:17.117[0m | [1mINFO    [0m | [36msrc.application.indexing_service[0m:[36m99[0m - [1m文档向量化完成 doc_id=acaa8149-5da2-47b0-b743-d8a929e1425a vectors=1 embedding=BGE3Embedding 耗时=20279ms[0m
[32m2026-09-06 12:26:17.134[0m | [1mINFO    [0m | [36msrc.application.index_runner[0m:[36m41[0m - [1m开始向量化文档 doc_id=02846522-b06d-4234-bdca-59624f6d7c34[0m
[32m2026-09-06 12:26:29.916[0m | [1mINFO    [0m | [36msrc.application.indexing_service[0m:[36m99[0m - [1m文档向量化完成 doc_id=21caa81b-a5cb-4f5b-a941-f89cee3ca731 vectors=2 embedding=BGE3Embedding 耗时=12624ms[0m
[32m2026-09-06 12:26:29.928[0m | [1mINFO    [0m | [36msrc.application.index_runner[0m:[36m41[0m - [1m开始向量化文档 doc_id=70617587-4444-4532-bf0d-10f0d534f556[0m
[32m2026-09-06 12:26:37.975[0m | [1mINFO    [0m | [36msrc.application.indexing_service[0m:[36m99[0m - [1m文档向量化完成 doc_id=e108af9a-0500-4e23-92e5-3d74c8ad82ec vectors=4 embedding=BGE3Embedding 耗时=32102ms[0m
[32m2026-09-06 12:26:37.992[0m | [1mINFO    [0m | [36msrc.application.index_runner[0m:[36m41[0m - [1m开始向量化文档 doc_id=8d4d056b-d785-4782-9dfd-d54b73ff3c41[0m
[32m2026-09-06 12:26:49.532[0m | [1mINFO    [0m | [36msrc.application.indexing_service[0m:[36m99[0m - [1m文档向量化完成 doc_id=db15397c-6635-4b1e-a7de-a869ee3e6339 vectors=2 embedding=BGE3Embedding 耗时=11429ms[0m
[32m2026-09-06 12:26:49.546[0m | [1mINFO    [0m | [36msrc.application.index_runner[0m:[36m41[0m - [1m开始向量化文档 doc_id=ab940b59-3c1e-4238-90e6-31fc72a09ec3[0m
[32m2026-09-06 12:26:57.357[0m | [1mINFO    [0m | [36msrc.application.indexing_service[0m:[36m99[0m - [1m文档向量化完成 doc_id=983448e0-b2a7-43ae-b32a-e5b9f8916415 vectors=2 embedding=BGE3Embedding 耗时=27366ms[0m
[32m2026-09-06 12:26:57.376[0m | [1mINFO    [0m | [36msrc.application.index_runner[0m:[36m41[0m - [1m开始向量化文档 doc_id=239bc295-1111-4bc2-a639-65ae3f2a6505[0m
[32m2026-09-06 12:27:10.317[0m | [1mINFO    [0m | [36msrc.application.indexing_service[0m:[36m99[0m - [1m文档向量化完成 doc_id=b45939ca-cea6-450b-85f9-fcf68c2262ca vectors=2 embedding=BGE3Embedding 耗时=12782ms[0m
[32m2026-09-06 12:27:10.329[0m | [1mINFO    [0m | [36msrc.application.index_runner[0m:[36m41[0m - [1m开始向量化文档 doc_id=772b96bc-0f1d-4f20-b7e5-cc5824c4d7f5[0m
[32m2026-09-06 12:27:18.355[0m | [1mINFO    [0m | [36msrc.application.indexing_service[0m:[36m99[0m - [1m文档向量化完成 doc_id=c60dd2d8-707a-4a15-bac5-309f28700b6c vectors=2 embedding=BGE3Embedding 耗时=28729ms[0m
[32m2026-09-06 12:27:18.368[0m | [1mINFO    [0m | [36msrc.application.index_runner[0m:[36m41[0m - [1m开始向量化文档 doc_id=61c2c644-185d-4267-8ed2-967952e5d99d[0m
[32m2026-09-06 12:27:29.900[0m | [1mINFO    [0m | [36msrc.application.indexing_service[0m:[36m99[0m - [1m文档向量化完成 doc_id=5b6227e4-244d-415a-bebe-64b66234e60d vectors=2 embedding=BGE3Embedding 耗时=11452ms[0m
[32m2026-09-06 12:27:29.913[0m | [1mINFO    [0m | [36msrc.application.index_runner[0m:[36m41[0m - [1m开始向量化文档 doc_id=1cb476fa-d9eb-4805-bc4c-78c167f28d16[0m
[32m2026-09-06 12:27:37.814[0m | [1mINFO    [0m | [36msrc.application.indexing_service[0m:[36m99[0m - [1m文档向量化完成 doc_id=7f1c1171-66bf-4064-b625-a55afe6f35ae vectors=2 embedding=BGE3Embedding 耗时=27420ms[0m
[32m2026-09-06 12:27:37.835[0m | [1mINFO    [0m | [36msrc.application.index_runner[0m:[36m41[0m - [1m开始向量化文档 doc_id=8ac460ab-e9b9-478d-90a7-1e527a156412[0m
[32m2026-09-06 12:27:50.518[0m | [1mINFO    [0m | [36msrc.application.indexing_service[0m:[36m99[0m - [1m文档向量化完成 doc_id=7692e8ed-2b25-4bed-9564-e44dc8caed11 vectors=3 embedding=BGE3Embedding 耗时=12516ms[0m
[32m2026-09-06 12:27:50.530[0m | [1mINFO    [0m | [36msrc.application.index_runner[0m:[36m41[0m - [1m开始向量化文档 doc_id=59eacd9e-5f8f-4a6e-b10a-534a7b22fd8a[0m
[32m2026-09-06 12:27:58.639[0m | [1mINFO    [0m | [36msrc.application.indexing_service[0m:[36m99[0m - [1m文档向量化完成 doc_id=b10e5059-764f-420b-9345-4f85a634fd78 vectors=2 embedding=BGE3Embedding 耗时=28653ms[0m
[32m2026-09-06 12:27:58.702[0m | [1mINFO    [0m | [36msrc.application.index_runner[0m:[36m41[0m - [1m开始向量化文档 doc_id=fdbd2088-babf-48a6-9d61-302e7b26c538[0m
[32m2026-09-06 12:28:10.584[0m | [1mINFO    [0m | [36msrc.application.indexing_service[0m:[36m99[0m - [1m文档向量化完成 doc_id=3394c203-38d1-4f1d-8b17-67028444d3d2 vectors=3 embedding=BGE3Embedding 耗时=11724ms[0m
[32m2026-09-06 12:28:10.606[0m | [1mINFO    [0m | [36msrc.application.index_runner[0m:[36m41[0m - [1m开始向量化文档 doc_id=7f75f01b-a11b-4623-a905-42638cc1267a[0m
[32m2026-09-06 12:28:20.929[0m | [1mINFO    [0m | [36msrc.application.indexing_service[0m:[36m99[0m - [1m文档向量化完成 doc_id=be0729c4-9e3b-4100-afc6-9549cb83ee21 vectors=2 embedding=BGE3Embedding 耗时=10262ms[0m
[32m2026-09-06 12:28:20.943[0m | [1mINFO    [0m | [36msrc.application.index_runner[0m:[36m41[0m - [1m开始向量化文档 doc_id=bc85b292-6bca-4fff-8dad-19e76a8f3375[0m
[32m2026-09-06 12:28:27.772[0m | [1mINFO    [0m | [36msrc.application.indexing_service[0m:[36m99[0m - [1m文档向量化完成 doc_id=eb45ff3e-aced-4763-a92e-ee42ade8e4dc vectors=2 embedding=BGE3Embedding 耗时=37176ms[0m
[32m2026-09-06 12:28:27.801[0m | [1mINFO    [0m | [36msrc.application.index_runner[0m:[36m41[0m - [1m开始向量化文档 doc_id=a7b3602b-d2b3-41f8-826a-f5c917d1f8c9[0m
[32m2026-09-06 12:28:40.039[0m | [1mINFO    [0m | [36msrc.application.indexing_service[0m:[36m99[0m - [1m文档向量化完成 doc_id=42e9bfe4-a79c-447e-a2a6-e49b6aab401d vectors=3 embedding=BGE3Embedding 耗时=19042ms[0m
[32m2026-09-06 12:28:40.062[0m | [1mINFO    [0m | [36msrc.application.index_runner[0m:[36m41[0m - [1m开始向量化文档 doc_id=e9579001-128e-4538-b08d-3e2a3778edff[0m
[32m2026-09-06 12:28:57.731[0m | [1mINFO    [0m | [36msrc.application.indexing_service[0m:[36m99[0m - [1m文档向量化完成 doc_id=5c66818f-a54f-42f3-b3de-97b4ccb85050 vectors=3 embedding=BGE3Embedding 耗时=17544ms[0m
[32m2026-09-06 12:28:57.746[0m | [1mINFO    [0m | [36msrc.application.index_runner[0m:[36m41[0m - [1m开始向量化文档 doc_id=b9ecd6ad-3a5b-49b1-b6eb-ea8ba2ab41f9[0m
[32m2026-09-06 12:29:05.519[0m | [1mINFO    [0m | [36msrc.application.indexing_service[0m:[36m99[0m - [1m文档向量化完成 doc_id=4cc6e9e5-a211-4a02-9c97-88e8f280e8e3 vectors=5 embedding=BGE3Embedding 耗时=37593ms[0m
[32m2026-09-06 12:29:05.546[0m | [1mINFO    [0m | [36msrc.application.index_runner[0m:[36m41[0m - [1m开始向量化文档 doc_id=e076598a-c7cd-46f5-8326-1c71ab247565[0m
[32m2026-09-06 12:29:17.636[0m | [1mINFO    [0m | [36msrc.application.indexing_service[0m:[36m99[0m - [1m文档向量化完成 doc_id=d8d2258b-4b4b-4619-aec6-2d9dbb532610 vectors=3 embedding=BGE3Embedding 耗时=19770ms[0m
[32m2026-09-06 12:29:17.659[0m | [1mINFO    [0m | [36msrc.application.index_runner[0m:[36m41[0m - [1m开始向量化文档 doc_id=c994f7d4-b74b-4516-85a7-ffa45f9c676e[0m
[32m2026-09-06 12:29:26.169[0m | [1mINFO    [0m | [36msrc.application.indexing_service[0m:[36m99[0m - [1m文档向量化完成 doc_id=f32d653b-8456-49ca-97bb-750dac3c832e vectors=4 embedding=BGE3Embedding 耗时=20508ms[0m
[32m2026-09-06 12:29:26.187[0m | [1mINFO    [0m | [36msrc.application.index_runner[0m:[36m41[0m - [1m开始向量化文档 doc_id=41abcb46-456e-430b-84a0-61b6ed3029fa[0m
[32m2026-09-06 12:29:36.295[0m | [1mINFO    [0m | [36msrc.application.indexing_service[0m:[36m99[0m - [1m文档向量化完成 doc_id=91e6080a-cabb-492c-a5f5-935e7a78b962 vectors=3 embedding=BGE3Embedding 耗时=18524ms[0m
[32m2026-09-06 12:29:36.305[0m | [1mINFO    [0m | [36msrc.application.index_runner[0m:[36m41[0m - [1m开始向量化文档 doc_id=bd378a85-53aa-4734-acc2-edfa22044819[0m
[32m2026-09-06 12:29:46.309[0m | [1mINFO    [0m | [36msrc.application.indexing_service[0m:[36m99[0m - [1m文档向量化完成 doc_id=35eb4bce-e849-4514-a2c3-8cdf8b5a71c7 vectors=1 embedding=BGE3Embedding 耗时=20055ms[0m
[32m2026-09-06 12:29:46.317[0m | [1mINFO    [0m | [36msrc.application.index_runner[0m:[36m41[0m - [1m开始向量化文档 doc_id=a4a524cd-1626-4fab-9717-e056e8bb6959[0m
[32m2026-09-06 12:29:57.289[0m | [1mINFO    [0m | [36msrc.application.indexing_service[0m:[36m99[0m - [1m文档向量化完成 doc_id=cde97e00-d853-4cd2-a980-ab0ae45614fb vectors=1 embedding=BGE3Embedding 耗时=10911ms[0m
[32m2026-09-06 12:29:57.297[0m | [1mINFO    [0m | [36msrc.application.index_runner[0m:[36m41[0m - [1m开始向量化文档 doc_id=648d4907-5d0c-4611-b167-d1430ac79646[0m
[32m2026-09-06 12:30:07.518[0m | [1mINFO    [0m | [36msrc.application.indexing_service[0m:[36m99[0m - [1m文档向量化完成 doc_id=84eb39f9-59fe-4527-b8e6-838b503129df vectors=3 embedding=BGE3Embedding 耗时=31158ms[0m
[32m2026-09-06 12:30:07.528[0m | [1mINFO    [0m | [36msrc.application.index_runner[0m:[36m41[0m - [1m开始向量化文档 doc_id=8ee99cd7-3b53-4ae3-a270-d8c0e54c37a3[0m
[32m2026-09-06 12:30:16.699[0m | [1mINFO    [0m | [36msrc.application.indexing_service[0m:[36m99[0m - [1m文档向量化完成 doc_id=ce1494a5-a69f-4953-bba4-e29cb6164e1e vectors=3 embedding=BGE3Embedding 耗时=19346ms[0m
[32m2026-09-06 12:30:16.709[0m | [1mINFO    [0m | [36msrc.application.index_runner[0m:[36m41[0m - [1m开始向量化文档 doc_id=17c6a827-90ce-40bb-b6ce-d82f950b0952[0m
[32m2026-09-06 12:30:29.907[0m | [1mINFO    [0m | [36msrc.application.indexing_service[0m:[36m99[0m - [1m文档向量化完成 doc_id=6895ca11-4f56-4c3a-bb0f-6d19f737cf20 vectors=4 embedding=BGE3Embedding 耗时=13142ms[0m
[32m2026-09-06 12:30:29.923[0m | [1mINFO    [0m | [36msrc.application.index_runner[0m:[36m41[0m - [1m开始向量化文档 doc_id=4f2a034a-c16d-4d9c-a26f-976546e4e6cc[0m
[32m2026-09-06 12:30:36.922[0m | [1mINFO    [0m | [36msrc.application.indexing_service[0m:[36m99[0m - [1m文档向量化完成 doc_id=f6bc2194-716e-41ad-bd86-89e6f196d2de vectors=1 embedding=BGE3Embedding 耗时=29332ms[0m
[32m2026-09-06 12:30:36.931[0m | [1mINFO    [0m | [36msrc.application.index_runner[0m:[36m41[0m - [1m开始向量化文档 doc_id=c43582c0-e19f-4f5b-a1c8-69faf8b609fe[0m
[32m2026-09-06 12:30:47.601[0m | [1mINFO    [0m | [36msrc.application.indexing_service[0m:[36m99[0m - [1m文档向量化完成 doc_id=66804a22-e663-48d7-beaf-04a1ff9e2e43 vectors=1 embedding=BGE3Embedding 耗时=17610ms[0m
[32m2026-09-06 12:30:47.616[0m | [1mINFO    [0m | [36msrc.application.index_runner[0m:[36m41[0m - [1m开始向量化文档 doc_id=fe60e1ea-14a5-45e1-ba88-8a31277e1315[0m
[32m2026-09-06 12:30:58.673[0m | [1mINFO    [0m | [36msrc.application.indexing_service[0m:[36m99[0m - [1m文档向量化完成 doc_id=ba278ae0-6899-4d35-b25e-9f10c3e7299c vectors=1 embedding=BGE3Embedding 耗时=10999ms[0m
[32m2026-09-06 12:30:58.682[0m | [1mINFO    [0m | [36msrc.application.index_runner[0m:[36m41[0m - [1m开始向量化文档 doc_id=6f3680d5-fc85-4491-b4f7-86aa9998c974[0m
[32m2026-09-06 12:31:08.547[0m | [1mINFO    [0m | [36msrc.application.indexing_service[0m:[36m99[0m - [1m文档向量化完成 doc_id=4bb74dc2-95e7-410b-acb2-3e30baf3f9ef vectors=3 embedding=BGE3Embedding 耗时=31563ms[0m
[32m2026-09-06 12:31:08.563[0m | [1mINFO    [0m | [36msrc.application.index_runner[0m:[36m41[0m - [1m开始向量化文档 doc_id=26f62325-fdee-469e-b9e9-dfe5590592e0[0m
[32m2026-09-06 12:31:18.596[0m | [1mINFO    [0m | [36msrc.application.indexing_service[0m:[36m99[0m - [1m文档向量化完成 doc_id=2ac70157-5d7f-4678-8283-ee5258927bed vectors=3 embedding=BGE3Embedding 耗时=19845ms[0m
[32m2026-09-06 12:31:18.609[0m | [1mINFO    [0m | [36msrc.application.index_runner[0m:[36m41[0m - [1m开始向量化文档 doc_id=55086c4e-5453-4dc9-ae2a-2305ea63aab7[0m
[32m2026-09-06 12:31:28.680[0m | [1mINFO    [0m | [36msrc.application.indexing_service[0m:[36m99[0m - [1m文档向量化完成 doc_id=10f04bdf-b569-4f45-bf6b-916ddf6e57c0 vectors=2 embedding=BGE3Embedding 耗时=20052ms[0m
[32m2026-09-06 12:31:28.688[0m | [1mINFO    [0m | [36msrc.application.index_runner[0m:[36m41[0m - [1m开始向量化文档 doc_id=bbe2267a-a53d-4e48-bbee-6d12a163b889[0m
[32m2026-09-06 12:31:39.098[0m | [1mINFO    [0m | [36msrc.application.indexing_service[0m:[36m99[0m - [1m文档向量化完成 doc_id=2cf2848e-dc07-4c98-a104-fbc13cc1731d vectors=3 embedding=BGE3Embedding 耗时=20432ms[0m
[32m2026-09-06 12:31:39.108[0m | [1mINFO    [0m | [36msrc.application.index_runner[0m:[36m41[0m - [1m开始向量化文档 doc_id=7bac217c-13ba-4981-ad1a-82733785c5e4[0m
[32m2026-09-06 12:31:48.895[0m | [1mINFO    [0m | [36msrc.application.indexing_service[0m:[36m99[0m - [1m文档向量化完成 doc_id=f2b9949b-4d8c-4c6d-8973-bbd5eebb6b0b vectors=2 embedding=BGE3Embedding 耗时=20149ms[0m
[32m2026-09-06 12:31:48.903[0m | [1mINFO    [0m | [36msrc.application.index_runner[0m:[36m41[0m - [1m开始向量化文档 doc_id=7285b94b-2502-445e-a8c7-67215f0257e1[0m
[32m2026-09-06 12:31:59.507[0m | [1mINFO    [0m | [36msrc.application.indexing_service[0m:[36m99[0m - [1m文档向量化完成 doc_id=b2635250-93a6-4b4c-96b8-729bd90902b5 vectors=3 embedding=BGE3Embedding 耗时=20341ms[0m
[32m2026-09-06 12:31:59.519[0m | [1mINFO    [0m | [36msrc.application.index_runner[0m:[36m41[0m - [1m开始向量化文档 doc_id=077e4135-cba5-4d08-86e0-862e824c3347[0m
[32m2026-09-06 12:32:09.603[0m | [1mINFO    [0m | [36msrc.application.indexing_service[0m:[36m99[0m - [1m文档向量化完成 doc_id=00051c23-82eb-4510-82da-fa6865132417 vectors=2 embedding=BGE3Embedding 耗时=20640ms[0m
[32m2026-09-06 12:32:09.612[0m | [1mINFO    [0m | [36msrc.application.index_runner[0m:[36m41[0m - [1m开始向量化文档 doc_id=fbc5efd6-ad76-4679-b0a6-37620c818c86[0m
[32m2026-09-06 12:32:19.917[0m | [1mINFO    [0m | [36msrc.application.indexing_service[0m:[36m99[0m - [1m文档向量化完成 doc_id=e196e104-a260-4f37-84d0-864ebf40bbad vectors=3 embedding=BGE3Embedding 耗时=20341ms[0m
[32m2026-09-06 12:32:19.927[0m | [1mINFO    [0m | [36msrc.application.index_runner[0m:[36m41[0m - [1m开始向量化文档 doc_id=d4eafde0-6db3-4c4f-b8db-b00a8e59610b[0m
[32m2026-09-06 12:32:29.909[0m | [1mINFO    [0m | [36msrc.application.indexing_service[0m:[36m99[0m - [1m文档向量化完成 doc_id=959ac7af-d87b-4b24-9737-f6e4242196ba vectors=2 embedding=BGE3Embedding 耗时=20241ms[0m
[32m2026-09-06 12:32:29.917[0m | [1mINFO    [0m | [36msrc.application.index_runner[0m:[36m41[0m - [1m开始向量化文档 doc_id=959b2bd4-4e60-4611-bdeb-d33ea4e3860d[0m
[32m2026-09-06 12:32:40.306[0m | [1mINFO    [0m | [36msrc.application.indexing_service[0m:[36m99[0m - [1m文档向量化完成 doc_id=1d66d76b-0983-4777-ac45-8b613855511f vectors=3 embedding=BGE3Embedding 耗时=20322ms[0m
[32m2026-09-06 12:32:40.314[0m | [1mINFO    [0m | [36msrc.application.index_runner[0m:[36m41[0m - [1m开始向量化文档 doc_id=5a48b81d-2b35-48c3-9547-5f66af7cec34[0m
[32m2026-09-06 12:32:49.916[0m | [1mINFO    [0m | [36msrc.application.indexing_service[0m:[36m99[0m - [1m文档向量化完成 doc_id=96f012e3-59d1-4cbf-865f-dd35b4be97a5 vectors=1 embedding=BGE3Embedding 耗时=19940ms[0m
[32m2026-09-06 12:32:49.924[0m | [1mINFO    [0m | [36msrc.application.index_runner[0m:[36m41[0m - [1m开始向量化文档 doc_id=c7b3f594-0b23-49c2-9439-f5cd662b93f1[0m
[32m2026-09-06 12:32:59.498[0m | [1mINFO    [0m | [36msrc.application.indexing_service[0m:[36m99[0m - [1m文档向量化完成 doc_id=da8b219c-94c0-4ae6-ba0e-d3e3fe981298 vectors=3 embedding=BGE3Embedding 耗时=19125ms[0m
[32m2026-09-06 12:32:59.508[0m | [1mINFO    [0m | [36msrc.application.index_runner[0m:[36m41[0m - [1m开始向量化文档 doc_id=7d9d1f66-1fe4-4a48-a6ba-50069f4e4b20[0m
[32m2026-09-06 12:33:09.976[0m | [1mINFO    [0m | [36msrc.application.indexing_service[0m:[36m99[0m - [1m文档向量化完成 doc_id=02846522-b06d-4234-bdca-59624f6d7c34 vectors=1 embedding=BGE3Embedding 耗时=19997ms[0m
[32m2026-09-06 12:33:10.024[0m | [1mINFO    [0m | [36msrc.application.index_runner[0m:[36m41[0m - [1m开始向量化文档 doc_id=05cf39d7-0ca7-47e6-ac1a-9fba88323a35[0m
[32m2026-09-06 12:33:19.464[0m | [1mINFO    [0m | [36msrc.application.indexing_service[0m:[36m99[0m - [1m文档向量化完成 doc_id=70617587-4444-4532-bf0d-10f0d534f556 vectors=4 embedding=BGE3Embedding 耗时=19901ms[0m
[32m2026-09-06 12:33:19.477[0m | [1mINFO    [0m | [36msrc.application.index_runner[0m:[36m41[0m - [1m开始向量化文档 doc_id=d2fcbd24-0ad7-4da2-8a9e-a31d9db7f716[0m
[32m2026-09-06 12:33:31.692[0m | [1mINFO    [0m | [36msrc.application.indexing_service[0m:[36m99[0m - [1m文档向量化完成 doc_id=8d4d056b-d785-4782-9dfd-d54b73ff3c41 vectors=1 embedding=BGE3Embedding 耗时=21486ms[0m
[32m2026-09-06 12:33:31.724[0m | [1mINFO    [0m | [36msrc.application.index_runner[0m:[36m41[0m - [1m开始向量化文档 doc_id=e56449b7-ed08-4e2d-b648-b9672f2e5c39[0m
[32m2026-09-06 12:33:41.438[0m | [1mINFO    [0m | [36msrc.application.indexing_service[0m:[36m99[0m - [1m文档向量化完成 doc_id=239bc295-1111-4bc2-a639-65ae3f2a6505 vectors=1 embedding=BGE3Embedding 耗时=9582ms[0m
[32m2026-09-06 12:33:41.457[0m | [1mINFO    [0m | [36msrc.application.index_runner[0m:[36m41[0m - [1m开始向量化文档 doc_id=c9e1b131-addd-41e8-aa36-b22d5904f5b0[0m
[32m2026-09-06 12:33:57.293[0m | [1mINFO    [0m | [36msrc.application.indexing_service[0m:[36m99[0m - [1m文档向量化完成 doc_id=ab940b59-3c1e-4238-90e6-31fc72a09ec3 vectors=5 embedding=BGE3Embedding 耗时=37757ms[0m
[32m2026-09-06 12:33:57.308[0m | [1mINFO    [0m | [36msrc.application.index_runner[0m:[36m41[0m - [1m开始向量化文档 doc_id=072863a0-0c42-4dff-a083-cc72ae230c5f[0m
[32m2026-09-06 12:34:07.874[0m | [1mINFO    [0m | [36msrc.application.indexing_service[0m:[36m99[0m - [1m文档向量化完成 doc_id=61c2c644-185d-4267-8ed2-967952e5d99d vectors=3 embedding=BGE3Embedding 耗时=10509ms[0m
[32m2026-09-06 12:34:07.883[0m | [1mINFO    [0m | [36msrc.application.index_runner[0m:[36m41[0m - [1m开始向量化文档 doc_id=999cf4e3-f035-48a6-9427-517c67a75e4a[0m
[32m2026-09-06 12:34:15.159[0m | [1mINFO    [0m | [36msrc.application.indexing_service[0m:[36m99[0m - [1m文档向量化完成 doc_id=772b96bc-0f1d-4f20-b7e5-cc5824c4d7f5 vectors=3 embedding=BGE3Embedding 耗时=33558ms[0m
[32m2026-09-06 12:34:15.176[0m | [1mINFO    [0m | [36msrc.application.index_runner[0m:[36m41[0m - [1m开始向量化文档 doc_id=9f4fe262-346b-4dec-89a2-1cec941ff04c[0m
[32m2026-09-06 12:34:26.914[0m | [1mINFO    [0m | [36msrc.application.indexing_service[0m:[36m99[0m - [1m文档向量化完成 doc_id=8ac460ab-e9b9-478d-90a7-1e527a156412 vectors=3 embedding=BGE3Embedding 耗时=10822ms[0m
[32m2026-09-06 12:34:26.925[0m | [1mINFO    [0m | [36msrc.application.index_runner[0m:[36m41[0m - [1m开始向量化文档 doc_id=d2e0ddcf-1729-45b3-89b4-01c1320941a6[0m
[32m2026-09-06 12:34:37.270[0m | [1mINFO    [0m | [36msrc.application.indexing_service[0m:[36m99[0m - [1m文档向量化完成 doc_id=59eacd9e-5f8f-4a6e-b10a-534a7b22fd8a vectors=3 embedding=BGE3Embedding 耗时=10285ms[0m
[32m2026-09-06 12:34:37.286[0m | [1mINFO    [0m | [36msrc.application.index_runner[0m:[36m41[0m - [1m开始向量化文档 doc_id=0ab7dbc8-eff8-456b-8fe5-31ad00f969bb[0m
[32m2026-09-06 12:34:46.956[0m | [1mINFO    [0m | [36msrc.application.indexing_service[0m:[36m99[0m - [1m文档向量化完成 doc_id=fdbd2088-babf-48a6-9d61-302e7b26c538 vectors=3 embedding=BGE3Embedding 耗时=9612ms[0m
[32m2026-09-06 12:34:46.966[0m | [1mINFO    [0m | [36msrc.application.index_runner[0m:[36m41[0m - [1m开始向量化文档 doc_id=5cc9f10a-fb10-4237-8870-c74efe47a79e[0m
[32m2026-09-06 12:34:56.965[0m | [1mINFO    [0m | [36msrc.application.indexing_service[0m:[36m99[0m - [1m文档向量化完成 doc_id=7f75f01b-a11b-4623-a905-42638cc1267a vectors=3 embedding=BGE3Embedding 耗时=9943ms[0m
[32m2026-09-06 12:34:56.973[0m | [1mINFO    [0m | [36msrc.application.index_runner[0m:[36m41[0m - [1m开始向量化文档 doc_id=3e29e027-8607-4bd7-a73b-a04e44cdd95a[0m
[32m2026-09-06 12:35:05.189[0m | [1mINFO    [0m | [36msrc.application.indexing_service[0m:[36m99[0m - [1m文档向量化完成 doc_id=1cb476fa-d9eb-4805-bc4c-78c167f28d16 vectors=3 embedding=BGE3Embedding 耗时=57248ms[0m
[32m2026-09-06 12:35:05.207[0m | [1mINFO    [0m | [36msrc.application.index_runner[0m:[36m41[0m - [1m开始向量化文档 doc_id=8737e6ba-e451-46ff-9fac-4996e57fbc09[0m
[32m2026-09-06 12:35:14.977[0m | [1mINFO    [0m | [36msrc.application.indexing_service[0m:[36m99[0m - [1m文档向量化完成 doc_id=bc85b292-6bca-4fff-8dad-19e76a8f3375 vectors=4 embedding=BGE3Embedding 耗时=17949ms[0m
[32m2026-09-06 12:35:14.994[0m | [1mINFO    [0m | [36msrc.application.index_runner[0m:[36m41[0m - [1m开始向量化文档 doc_id=405e4ce7-cab0-4708-a6d3-3d67b3892249[0m
[32m2026-09-06 12:35:25.606[0m | [1mINFO    [0m | [36msrc.application.indexing_service[0m:[36m99[0m - [1m文档向量化完成 doc_id=e9579001-128e-4538-b08d-3e2a3778edff vectors=3 embedding=BGE3Embedding 耗时=10516ms[0m
[32m2026-09-06 12:35:25.616[0m | [1mINFO    [0m | [36msrc.application.index_runner[0m:[36m41[0m - [1m开始向量化文档 doc_id=9a1b2345-f601-49cd-9fc6-b9e0c04609ea[0m
[32m2026-09-06 12:35:34.530[0m | [1mINFO    [0m | [36msrc.application.indexing_service[0m:[36m99[0m - [1m文档向量化完成 doc_id=a7b3602b-d2b3-41f8-826a-f5c917d1f8c9 vectors=3 embedding=BGE3Embedding 耗时=29203ms[0m
[32m2026-09-06 12:35:34.548[0m | [1mINFO    [0m | [36msrc.application.index_runner[0m:[36m41[0m - [1m开始向量化文档 doc_id=22a069b3-62cf-4cb6-b039-2ddd9613a42f[0m
[32m2026-09-06 12:35:46.907[0m | [1mINFO    [0m | [36msrc.application.indexing_service[0m:[36m99[0m - [1m文档向量化完成 doc_id=e076598a-c7cd-46f5-8326-1c71ab247565 vectors=3 embedding=BGE3Embedding 耗时=12248ms[0m
[32m2026-09-06 12:35:46.917[0m | [1mINFO    [0m | [36msrc.application.index_runner[0m:[36m41[0m - [1m开始向量化文档 doc_id=9ac8d6c0-a016-44ff-8a70-b93a2d704892[0m
[32m2026-09-06 12:35:54.514[0m | [1mINFO    [0m | [36msrc.application.indexing_service[0m:[36m99[0m - [1m文档向量化完成 doc_id=b9ecd6ad-3a5b-49b1-b6eb-ea8ba2ab41f9 vectors=4 embedding=BGE3Embedding 耗时=28843ms[0m
[32m2026-09-06 12:35:54.525[0m | [1mINFO    [0m | [36msrc.application.index_runner[0m:[36m41[0m - [1m开始向量化文档 doc_id=b5410c38-4581-41af-91dd-ac21bbe38ae3[0m
[32m2026-09-06 12:36:05.066[0m | [1mINFO    [0m | [36msrc.application.indexing_service[0m:[36m99[0m - [1m文档向量化完成 doc_id=41abcb46-456e-430b-84a0-61b6ed3029fa vectors=3 embedding=BGE3Embedding 耗时=10483ms[0m
[32m2026-09-06 12:36:05.076[0m | [1mINFO    [0m | [36msrc.application.index_runner[0m:[36m41[0m - [1m开始向量化文档 doc_id=693c93cc-a80c-48bc-b870-a9b896287627[0m
[32m2026-09-06 12:36:16.510[0m | [1mINFO    [0m | [36msrc.application.indexing_service[0m:[36m99[0m - [1m文档向量化完成 doc_id=bd378a85-53aa-4734-acc2-edfa22044819 vectors=1 embedding=BGE3Embedding 耗时=11380ms[0m
[32m2026-09-06 12:36:16.526[0m | [1mINFO    [0m | [36msrc.application.index_runner[0m:[36m41[0m - [1m开始向量化文档 doc_id=b455ee6d-7713-46fc-8ee3-5714fa22beb3[0m
[32m2026-09-06 12:36:25.287[0m | [1mINFO    [0m | [36msrc.application.indexing_service[0m:[36m99[0m - [1m文档向量化完成 doc_id=c994f7d4-b74b-4516-85a7-ffa45f9c676e vectors=1 embedding=BGE3Embedding 耗时=38315ms[0m
[32m2026-09-06 12:36:25.302[0m | [1mINFO    [0m | [36msrc.application.index_runner[0m:[36m41[0m - [1m开始向量化文档 doc_id=359624f2-e92d-4ddb-88a3-3bbd52ec79c4[0m
[32m2026-09-06 12:36:36.845[0m | [1mINFO    [0m | [36msrc.application.indexing_service[0m:[36m99[0m - [1m文档向量化完成 doc_id=a4a524cd-1626-4fab-9717-e056e8bb6959 vectors=4 embedding=BGE3Embedding 耗时=20260ms[0m
[32m2026-09-06 12:36:36.855[0m | [1mINFO    [0m | [36msrc.application.index_runner[0m:[36m41[0m - [1m开始向量化文档 doc_id=9639fbd5-79c4-41d8-bdf7-10bf9b95175a[0m
[32m2026-09-06 12:36:46.053[0m | [1mINFO    [0m | [36msrc.application.indexing_service[0m:[36m99[0m - [1m文档向量化完成 doc_id=648d4907-5d0c-4611-b167-d1430ac79646 vectors=1 embedding=BGE3Embedding 耗时=20615ms[0m
[32m2026-09-06 12:36:46.061[0m | [1mINFO    [0m | [36msrc.application.index_runner[0m:[36m41[0m - [1m开始向量化文档 doc_id=695831b1-8ec3-46d9-86eb-71b904f2e930[0m
[32m2026-09-06 12:36:56.039[0m | [1mINFO    [0m | [36msrc.application.indexing_service[0m:[36m99[0m - [1m文档向量化完成 doc_id=8ee99cd7-3b53-4ae3-a270-d8c0e54c37a3 vectors=2 embedding=BGE3Embedding 耗时=19128ms[0m
[32m2026-09-06 12:36:56.048[0m | [1mINFO    [0m | [36msrc.application.index_runner[0m:[36m41[0m - [1m开始向量化文档 doc_id=c583a254-ec0d-498f-bea8-cdb5e17a9047[0m
[32m2026-09-06 12:37:06.643[0m | [1mINFO    [0m | [36msrc.application.indexing_service[0m:[36m99[0m - [1m文档向量化完成 doc_id=17c6a827-90ce-40bb-b6ce-d82f950b0952 vectors=2 embedding=BGE3Embedding 耗时=20530ms[0m
[32m2026-09-06 12:37:06.651[0m | [1mINFO    [0m | [36msrc.application.index_runner[0m:[36m41[0m - [1m开始向量化文档 doc_id=bbe0cd35-b5c2-475e-a931-79d3a327a634[0m
[32m2026-09-06 12:37:16.638[0m | [1mINFO    [0m | [36msrc.application.indexing_service[0m:[36m99[0m - [1m文档向量化完成 doc_id=4f2a034a-c16d-4d9c-a26f-976546e4e6cc vectors=2 embedding=BGE3Embedding 耗时=20532ms[0m
[32m2026-09-06 12:37:16.646[0m | [1mINFO    [0m | [36msrc.application.index_runner[0m:[36m41[0m - [1m开始向量化文档 doc_id=03874916-3187-46a8-b346-cff01e46a5f8[0m
[32m2026-09-06 12:37:26.859[0m | [1mINFO    [0m | [36msrc.application.indexing_service[0m:[36m99[0m - [1m文档向量化完成 doc_id=c43582c0-e19f-4f5b-a1c8-69faf8b609fe vectors=2 embedding=BGE3Embedding 耗时=20152ms[0m
[32m2026-09-06 12:37:26.872[0m | [1mINFO    [0m | [36msrc.application.index_runner[0m:[36m41[0m - [1m开始向量化文档 doc_id=5b27a073-d52a-4351-9c97-192cf493424c[0m
[32m2026-09-06 12:37:37.052[0m | [1mINFO    [0m | [36msrc.application.indexing_service[0m:[36m99[0m - [1m文档向量化完成 doc_id=fe60e1ea-14a5-45e1-ba88-8a31277e1315 vectors=1 embedding=BGE3Embedding 耗时=20350ms[0m
[32m2026-09-06 12:37:37.061[0m | [1mINFO    [0m | [36msrc.application.index_runner[0m:[36m41[0m - [1m开始向量化文档 doc_id=8d31c78f-fdcf-433b-b89d-c16c20392367[0m
[32m2026-09-06 12:37:47.098[0m | [1mINFO    [0m | [36msrc.application.indexing_service[0m:[36m99[0m - [1m文档向量化完成 doc_id=6f3680d5-fc85-4491-b4f7-86aa9998c974 vectors=1 embedding=BGE3Embedding 耗时=20153ms[0m
[32m2026-09-06 12:37:47.107[0m | [1mINFO    [0m | [36msrc.application.index_runner[0m:[36m41[0m - [1m开始向量化文档 doc_id=6eca154e-7fda-4579-84e6-01997deddac9[0m
[32m2026-09-06 12:37:57.057[0m | [1mINFO    [0m | [36msrc.application.indexing_service[0m:[36m99[0m - [1m文档向量化完成 doc_id=26f62325-fdee-469e-b9e9-dfe5590592e0 vectors=1 embedding=BGE3Embedding 耗时=19940ms[0m
[32m2026-09-06 12:37:57.064[0m | [1mINFO    [0m | [36msrc.application.index_runner[0m:[36m41[0m - [1m开始向量化文档 doc_id=ee0295c3-71dc-47d9-9626-036e82176615[0m
[32m2026-09-06 12:38:06.744[0m | [1mINFO    [0m | [36msrc.application.indexing_service[0m:[36m99[0m - [1m文档向量化完成 doc_id=55086c4e-5453-4dc9-ae2a-2305ea63aab7 vectors=2 embedding=BGE3Embedding 耗时=19582ms[0m
[32m2026-09-06 12:38:06.759[0m | [1mINFO    [0m | [36msrc.application.index_runner[0m:[36m41[0m - [1m开始向量化文档 doc_id=49bed3af-4f94-482b-8250-828b2d20dd8b[0m
[32m2026-09-06 12:38:17.145[0m | [1mINFO    [0m | [36msrc.application.indexing_service[0m:[36m99[0m - [1m文档向量化完成 doc_id=bbe2267a-a53d-4e48-bbee-6d12a163b889 vectors=2 embedding=BGE3Embedding 耗时=20024ms[0m
[32m2026-09-06 12:38:17.155[0m | [1mINFO    [0m | [36msrc.application.index_runner[0m:[36m41[0m - [1m开始向量化文档 doc_id=ea0c9688-eaae-4fda-a4ff-874a6516b267[0m
[32m2026-09-06 12:38:27.447[0m | [1mINFO    [0m | [36msrc.application.indexing_service[0m:[36m99[0m - [1m文档向量化完成 doc_id=7bac217c-13ba-4981-ad1a-82733785c5e4 vectors=2 embedding=BGE3Embedding 耗时=20622ms[0m
[32m2026-09-06 12:38:27.455[0m | [1mINFO    [0m | [36msrc.application.index_runner[0m:[36m41[0m - [1m开始向量化文档 doc_id=3696e26a-3f4d-4a35-8b98-669c5abe81e9[0m
[32m2026-09-06 12:38:37.811[0m | [1mINFO    [0m | [36msrc.application.indexing_service[0m:[36m99[0m - [1m文档向量化完成 doc_id=077e4135-cba5-4d08-86e0-862e824c3347 vectors=3 embedding=BGE3Embedding 耗时=10300ms[0m
[32m2026-09-06 12:38:37.822[0m | [1mINFO    [0m | [36msrc.application.index_runner[0m:[36m41[0m - [1m开始向量化文档 doc_id=dca4b335-bbae-4094-9a50-bc5813f93bd9[0m
[32m2026-09-06 12:38:47.970[0m | [1mINFO    [0m | [36msrc.application.indexing_service[0m:[36m99[0m - [1m文档向量化完成 doc_id=7285b94b-2502-445e-a8c7-67215f0257e1 vectors=2 embedding=BGE3Embedding 耗时=30760ms[0m
[32m2026-09-06 12:38:47.979[0m | [1mINFO    [0m | [36msrc.application.index_runner[0m:[36m41[0m - [1m开始向量化文档 doc_id=bd886746-9cf8-4969-9f38-85963b5e19de[0m
[32m2026-09-06 12:38:58.076[0m | [1mINFO    [0m | [36msrc.application.indexing_service[0m:[36m99[0m - [1m文档向量化完成 doc_id=d4eafde0-6db3-4c4f-b8db-b00a8e59610b vectors=3 embedding=BGE3Embedding 耗时=10037ms[0m
[32m2026-09-06 12:38:58.092[0m | [1mINFO    [0m | [36msrc.application.index_runner[0m:[36m41[0m - [1m开始向量化文档 doc_id=76c1943a-2f34-43d2-9b08-05b42301c1d3[0m
[32m2026-09-06 12:39:08.712[0m | [1mINFO    [0m | [36msrc.application.indexing_service[0m:[36m99[0m - [1m文档向量化完成 doc_id=959b2bd4-4e60-4611-bdeb-d33ea4e3860d vectors=3 embedding=BGE3Embedding 耗时=10563ms[0m
[32m2026-09-06 12:39:08.726[0m | [1mINFO    [0m | [36msrc.application.index_runner[0m:[36m41[0m - [1m开始向量化文档 doc_id=a8452960-c1bb-4a97-897d-efc9ec76bad0[0m
[32m2026-09-06 12:39:19.277[0m | [1mINFO    [0m | [36msrc.application.indexing_service[0m:[36m99[0m - [1m文档向量化完成 doc_id=fbc5efd6-ad76-4679-b0a6-37620c818c86 vectors=3 embedding=BGE3Embedding 耗时=41398ms[0m
[32m2026-09-06 12:39:19.301[0m | [1mINFO    [0m | [36msrc.application.index_runner[0m:[36m41[0m - [1m开始向量化文档 doc_id=9143299e-edce-49dd-aca1-1231b7f0ad30[0m
[32m2026-09-06 12:39:30.292[0m | [1mINFO    [0m | [36msrc.application.indexing_service[0m:[36m99[0m - [1m文档向量化完成 doc_id=c7b3f594-0b23-49c2-9439-f5cd662b93f1 vectors=2 embedding=BGE3Embedding 耗时=10868ms[0m
[32m2026-09-06 12:39:30.308[0m | [1mINFO    [0m | [36msrc.application.index_runner[0m:[36m41[0m - [1m开始向量化文档 doc_id=efb03b51-15ce-44f3-af50-e73e0d720e96[0m
[32m2026-09-06 12:39:40.885[0m | [1mINFO    [0m | [36msrc.application.indexing_service[0m:[36m99[0m - [1m文档向量化完成 doc_id=7d9d1f66-1fe4-4a48-a6ba-50069f4e4b20 vectors=2 embedding=BGE3Embedding 耗时=10505ms[0m
[32m2026-09-06 12:39:40.895[0m | [1mINFO    [0m | [36msrc.application.index_runner[0m:[36m41[0m - [1m开始向量化文档 doc_id=815d15cc-51ea-4ed2-8a15-6486dbc8fcdd[0m
[32m2026-09-06 12:39:50.815[0m | [1mINFO    [0m | [36msrc.application.indexing_service[0m:[36m99[0m - [1m文档向量化完成 doc_id=05cf39d7-0ca7-47e6-ac1a-9fba88323a35 vectors=2 embedding=BGE3Embedding 耗时=9862ms[0m
[32m2026-09-06 12:39:50.827[0m | [1mINFO    [0m | [36msrc.application.index_runner[0m:[36m41[0m - [1m开始向量化文档 doc_id=351642cf-0877-4cf9-8494-7e0de724aaa5[0m
[32m2026-09-06 12:40:00.843[0m | [1mINFO    [0m | [36msrc.application.indexing_service[0m:[36m99[0m - [1m文档向量化完成 doc_id=d2fcbd24-0ad7-4da2-8a9e-a31d9db7f716 vectors=2 embedding=BGE3Embedding 耗时=9956ms[0m
[32m2026-09-06 12:40:00.860[0m | [1mINFO    [0m | [36msrc.application.index_runner[0m:[36m41[0m - [1m开始向量化文档 doc_id=06dc6aa2-d237-4765-88db-a564e3f7d4ec[0m
[32m2026-09-06 12:40:11.240[0m | [1mINFO    [0m | [36msrc.application.indexing_service[0m:[36m99[0m - [1m文档向量化完成 doc_id=e56449b7-ed08-4e2d-b648-b9672f2e5c39 vectors=3 embedding=BGE3Embedding 耗时=10303ms[0m
[32m2026-09-06 12:40:11.256[0m | [1mINFO    [0m | [36msrc.application.index_runner[0m:[36m41[0m - [1m开始向量化文档 doc_id=e108af9a-0500-4e23-92e5-3d74c8ad82ec[0m
[32m2026-09-06 12:40:18.544[0m | [1mINFO    [0m | [36msrc.application.indexing_service[0m:[36m99[0m - [1m文档向量化完成 doc_id=5a48b81d-2b35-48c3-9547-5f66af7cec34 vectors=4 embedding=BGE3Embedding 耗时=69740ms[0m
[32m2026-09-06 12:40:18.563[0m | [1mINFO    [0m | [36msrc.application.index_runner[0m:[36m41[0m - [1m开始向量化文档 doc_id=983448e0-b2a7-43ae-b32a-e5b9f8916415[0m
[32m2026-09-06 12:40:29.874[0m | [1mINFO    [0m | [36msrc.application.indexing_service[0m:[36m99[0m - [1m文档向量化完成 doc_id=072863a0-0c42-4dff-a083-cc72ae230c5f vectors=3 embedding=BGE3Embedding 耗时=11231ms[0m
[32m2026-09-06 12:40:29.883[0m | [1mINFO    [0m | [36msrc.application.index_runner[0m:[36m41[0m - [1m开始向量化文档 doc_id=c60dd2d8-707a-4a15-bac5-309f28700b6c[0m
[32m2026-09-06 12:40:40.278[0m | [1mINFO    [0m | [36msrc.application.indexing_service[0m:[36m99[0m - [1m文档向量化完成 doc_id=999cf4e3-f035-48a6-9427-517c67a75e4a vectors=3 embedding=BGE3Embedding 耗时=10340ms[0m
[32m2026-09-06 12:40:40.296[0m | [1mINFO    [0m | [36msrc.application.index_runner[0m:[36m41[0m - [1m开始向量化文档 doc_id=7f1c1171-66bf-4064-b625-a55afe6f35ae[0m
[32m2026-09-06 12:40:49.655[0m | [1mINFO    [0m | [36msrc.application.indexing_service[0m:[36m99[0m - [1m文档向量化完成 doc_id=c9e1b131-addd-41e8-aa36-b22d5904f5b0 vectors=3 embedding=BGE3Embedding 耗时=38340ms[0m
[32m2026-09-06 12:40:49.674[0m | [1mINFO    [0m | [36msrc.application.index_runner[0m:[36m41[0m - [1m开始向量化文档 doc_id=b10e5059-764f-420b-9345-4f85a634fd78[0m
[32m2026-09-06 12:41:01.228[0m | [1mINFO    [0m | [36msrc.application.indexing_service[0m:[36m99[0m - [1m文档向量化完成 doc_id=d2e0ddcf-1729-45b3-89b4-01c1320941a6 vectors=2 embedding=BGE3Embedding 耗时=11430ms[0m
[32m2026-09-06 12:41:01.245[0m | [1mINFO    [0m | [36msrc.application.index_runner[0m:[36m41[0m - [1m开始向量化文档 doc_id=eb45ff3e-aced-4763-a92e-ee42ade8e4dc[0m
[32m2026-09-06 12:41:10.926[0m | [1mINFO    [0m | [36msrc.application.indexing_service[0m:[36m99[0m - [1m文档向量化完成 doc_id=0ab7dbc8-eff8-456b-8fe5-31ad00f969bb vectors=2 embedding=BGE3Embedding 耗时=9623ms[0m
[32m2026-09-06 12:41:10.938[0m | [1mINFO    [0m | [36msrc.application.index_runner[0m:[36m41[0m - [1m开始向量化文档 doc_id=be0729c4-9e3b-4100-afc6-9549cb83ee21[0m
[32m2026-09-06 12:41:20.711[0m | [1mINFO    [0m | [36msrc.application.indexing_service[0m:[36m99[0m - [1m文档向量化完成 doc_id=5cc9f10a-fb10-4237-8870-c74efe47a79e vectors=2 embedding=BGE3Embedding 耗时=9713ms[0m
[32m2026-09-06 12:41:20.724[0m | [1mINFO    [0m | [36msrc.application.index_runner[0m:[36m41[0m - [1m开始向量化文档 doc_id=4cc6e9e5-a211-4a02-9c97-88e8f280e8e3[0m
[32m2026-09-06 12:41:30.800[0m | [1mINFO    [0m | [36msrc.application.indexing_service[0m:[36m99[0m - [1m文档向量化完成 doc_id=3e29e027-8607-4bd7-a73b-a04e44cdd95a vectors=2 embedding=BGE3Embedding 耗时=10010ms[0m
[32m2026-09-06 12:41:30.812[0m | [1mINFO    [0m | [36msrc.application.index_runner[0m:[36m41[0m - [1m开始向量化文档 doc_id=d8d2258b-4b4b-4619-aec6-2d9dbb532610[0m
[32m2026-09-06 12:41:41.223[0m | [1mINFO    [0m | [36msrc.application.indexing_service[0m:[36m99[0m - [1m文档向量化完成 doc_id=8737e6ba-e451-46ff-9fac-4996e57fbc09 vectors=3 embedding=BGE3Embedding 耗时=10351ms[0m
[32m2026-09-06 12:41:41.243[0m | [1mINFO    [0m | [36msrc.application.index_runner[0m:[36m41[0m - [1m开始向量化文档 doc_id=91e6080a-cabb-492c-a5f5-935e7a78b962[0m
[32m2026-09-06 12:41:51.628[0m | [1mINFO    [0m | [36msrc.application.indexing_service[0m:[36m99[0m - [1m文档向量化完成 doc_id=405e4ce7-cab0-4708-a6d3-3d67b3892249 vectors=3 embedding=BGE3Embedding 耗时=10320ms[0m
[32m2026-09-06 12:41:51.637[0m | [1mINFO    [0m | [36msrc.application.index_runner[0m:[36m41[0m - [1m开始向量化文档 doc_id=84eb39f9-59fe-4527-b8e6-838b503129df[0m
[32m2026-09-06 12:42:01.827[0m | [1mINFO    [0m | [36msrc.application.indexing_service[0m:[36m99[0m - [1m文档向量化完成 doc_id=9f4fe262-346b-4dec-89a2-1cec941ff04c vectors=4 embedding=BGE3Embedding 耗时=81475ms[0m
[32m2026-09-06 12:42:01.838[0m | [1mINFO    [0m | [36msrc.application.index_runner[0m:[36m41[0m - [1m开始向量化文档 doc_id=ce1494a5-a69f-4953-bba4-e29cb6164e1e[0m
[32m2026-09-06 12:42:08.993[0m | [1mINFO    [0m | [36msrc.application.indexing_service[0m:[36m99[0m - [1m文档向量化完成 doc_id=9a1b2345-f601-49cd-9fc6-b9e0c04609ea vectors=3 embedding=BGE3Embedding 耗时=17300ms[0m
[32m2026-09-06 12:42:09.010[0m | [1mINFO    [0m | [36msrc.application.index_runner[0m:[36m41[0m - [1m开始向量化文档 doc_id=6895ca11-4f56-4c3a-bb0f-6d19f737cf20[0m
[32m2026-09-06 12:42:19.977[0m | [1mINFO    [0m | [36msrc.application.indexing_service[0m:[36m99[0m - [1m文档向量化完成 doc_id=22a069b3-62cf-4cb6-b039-2ddd9613a42f vectors=3 embedding=BGE3Embedding 耗时=18082ms[0m
[32m2026-09-06 12:42:19.993[0m | [1mINFO    [0m | [36msrc.application.index_runner[0m:[36m41[0m - [1m开始向量化文档 doc_id=4bb74dc2-95e7-410b-acb2-3e30baf3f9ef[0m
[32m2026-09-06 12:42:31.223[0m | [1mINFO    [0m | [36msrc.application.indexing_service[0m:[36m99[0m - [1m文档向量化完成 doc_id=b5410c38-4581-41af-91dd-ac21bbe38ae3 vectors=2 embedding=BGE3Embedding 耗时=11086ms[0m
[32m2026-09-06 12:42:31.239[0m | [1mINFO    [0m | [36msrc.application.index_runner[0m:[36m41[0m - [1m开始向量化文档 doc_id=2ac70157-5d7f-4678-8283-ee5258927bed[0m
[32m2026-09-06 12:42:41.208[0m | [1mINFO    [0m | [36msrc.application.indexing_service[0m:[36m99[0m - [1m文档向量化完成 doc_id=693c93cc-a80c-48bc-b870-a9b896287627 vectors=2 embedding=BGE3Embedding 耗时=9911ms[0m
[32m2026-09-06 12:42:41.225[0m | [1mINFO    [0m | [36msrc.application.index_runner[0m:[36m41[0m - [1m开始向量化文档 doc_id=2cf2848e-dc07-4c98-a104-fbc13cc1731d[0m
[32m2026-09-06 12:42:51.217[0m | [1mINFO    [0m | [36msrc.application.indexing_service[0m:[36m99[0m - [1m文档向量化完成 doc_id=b455ee6d-7713-46fc-8ee3-5714fa22beb3 vectors=2 embedding=BGE3Embedding 耗时=9932ms[0m
[32m2026-09-06 12:42:51.228[0m | [1mINFO    [0m | [36msrc.application.index_runner[0m:[36m41[0m - [1m开始向量化文档 doc_id=b2635250-93a6-4b4c-96b8-729bd90902b5[0m
[32m2026-09-06 12:43:00.782[0m | [1mINFO    [0m | [36msrc.application.indexing_service[0m:[36m99[0m - [1m文档向量化完成 doc_id=359624f2-e92d-4ddb-88a3-3bbd52ec79c4 vectors=2 embedding=BGE3Embedding 耗时=9496ms[0m
[32m2026-09-06 12:43:00.798[0m | [1mINFO    [0m | [36msrc.application.index_runner[0m:[36m41[0m - [1m开始向量化文档 doc_id=e196e104-a260-4f37-84d0-864ebf40bbad[0m
[32m2026-09-06 12:43:12.826[0m | [1mINFO    [0m | [36msrc.application.indexing_service[0m:[36m99[0m - [1m文档向量化完成 doc_id=9639fbd5-79c4-41d8-bdf7-10bf9b95175a vectors=3 embedding=BGE3Embedding 耗时=11941ms[0m
[32m2026-09-06 12:43:12.838[0m | [1mINFO    [0m | [36msrc.application.index_runner[0m:[36m41[0m - [1m开始向量化文档 doc_id=1d66d76b-0983-4777-ac45-8b613855511f[0m
[32m2026-09-06 12:43:19.494[0m | [1mINFO    [0m | [36msrc.application.indexing_service[0m:[36m99[0m - [1m文档向量化完成 doc_id=9ac8d6c0-a016-44ff-8a70-b93a2d704892 vectors=4 embedding=BGE3Embedding 耗时=70399ms[0m
[32m2026-09-06 12:43:19.513[0m | [1mINFO    [0m | [36msrc.application.index_runner[0m:[36m41[0m - [1m开始向量化文档 doc_id=da8b219c-94c0-4ae6-ba0e-d3e3fe981298[0m
[32m2026-09-06 12:43:31.875[0m | [1mINFO    [0m | [36msrc.application.indexing_service[0m:[36m99[0m - [1m文档向量化完成 doc_id=c583a254-ec0d-498f-bea8-cdb5e17a9047 vectors=3 embedding=BGE3Embedding 耗时=12228ms[0m
[32m2026-09-06 12:43:31.887[0m | [1mINFO    [0m | [36msrc.application.index_runner[0m:[36m41[0m - [1m开始向量化文档 doc_id=70617587-4444-4532-bf0d-10f0d534f556[0m
[32m2026-09-06 12:43:41.815[0m | [1mINFO    [0m | [36msrc.application.indexing_service[0m:[36m99[0m - [1m文档向量化完成 doc_id=bbe0cd35-b5c2-475e-a931-79d3a327a634 vectors=3 embedding=BGE3Embedding 耗时=9865ms[0m
[32m2026-09-06 12:43:41.826[0m | [1mINFO    [0m | [36msrc.application.index_runner[0m:[36m41[0m - [1m开始向量化文档 doc_id=ab940b59-3c1e-4238-90e6-31fc72a09ec3[0m
[32m2026-09-06 12:43:50.052[0m | [1mINFO    [0m | [36msrc.application.indexing_service[0m:[36m99[0m - [1m文档向量化完成 doc_id=695831b1-8ec3-46d9-86eb-71b904f2e930 vectors=3 embedding=BGE3Embedding 耗时=37137ms[0m
[32m2026-09-06 12:43:50.074[0m | [1mINFO    [0m | [36msrc.application.index_runner[0m:[36m41[0m - [1m开始向量化文档 doc_id=772b96bc-0f1d-4f20-b7e5-cc5824c4d7f5[0m
[32m2026-09-06 12:44:01.892[0m | [1mINFO    [0m | [36msrc.application.indexing_service[0m:[36m99[0m - [1m文档向量化完成 doc_id=5b27a073-d52a-4351-9c97-192cf493424c vectors=2 embedding=BGE3Embedding 耗时=11697ms[0m
[32m2026-09-06 12:44:01.903[0m | [1mINFO    [0m | [36msrc.application.index_runner[0m:[36m41[0m - [1m开始向量化文档 doc_id=61c2c644-185d-4267-8ed2-967952e5d99d[0m
[32m2026-09-06 12:44:11.604[0m | [1mINFO    [0m | [36msrc.application.indexing_service[0m:[36m99[0m - [1m文档向量化完成 doc_id=8d31c78f-fdcf-433b-b89d-c16c20392367 vectors=2 embedding=BGE3Embedding 耗时=9646ms[0m
[32m2026-09-06 12:44:11.615[0m | [1mINFO    [0m | [36msrc.application.index_runner[0m:[36m41[0m - [1m开始向量化文档 doc_id=8ac460ab-e9b9-478d-90a7-1e527a156412[0m
[32m2026-09-06 12:44:21.376[0m | [1mINFO    [0m | [36msrc.application.indexing_service[0m:[36m99[0m - [1m文档向量化完成 doc_id=6eca154e-7fda-4579-84e6-01997deddac9 vectors=2 embedding=BGE3Embedding 耗时=9707ms[0m
[32m2026-09-06 12:44:21.388[0m | [1mINFO    [0m | [36msrc.application.index_runner[0m:[36m41[0m - [1m开始向量化文档 doc_id=fdbd2088-babf-48a6-9d61-302e7b26c538[0m
[32m2026-09-06 12:44:31.386[0m | [1mINFO    [0m | [36msrc.application.indexing_service[0m:[36m99[0m - [1m文档向量化完成 doc_id=ee0295c3-71dc-47d9-9626-036e82176615 vectors=2 embedding=BGE3Embedding 耗时=9943ms[0m
[32m2026-09-06 12:44:31.393[0m | [1mINFO    [0m | [36msrc.application.index_runner[0m:[36m41[0m - [1m开始向量化文档 doc_id=bc85b292-6bca-4fff-8dad-19e76a8f3375[0m
[32m2026-09-06 12:44:41.391[0m | [1mINFO    [0m | [36msrc.application.indexing_service[0m:[36m99[0m - [1m文档向量化完成 doc_id=49bed3af-4f94-482b-8250-828b2d20dd8b vectors=2 embedding=BGE3Embedding 耗时=9939ms[0m
[32m2026-09-06 12:44:41.399[0m | [1mINFO    [0m | [36msrc.application.index_runner[0m:[36m41[0m - [1m开始向量化文档 doc_id=e9579001-128e-4538-b08d-3e2a3778edff[0m
[32m2026-09-06 12:44:50.938[0m | [1mINFO    [0m | [36msrc.application.indexing_service[0m:[36m99[0m - [1m文档向量化完成 doc_id=03874916-3187-46a8-b346-cff01e46a5f8 vectors=4 embedding=BGE3Embedding 耗时=69054ms[0m
[32m2026-09-06 12:44:50.953[0m | [1mINFO    [0m | [36msrc.application.index_runner[0m:[36m41[0m - [1m开始向量化文档 doc_id=e076598a-c7cd-46f5-8326-1c71ab247565[0m
[32m2026-09-06 12:45:01.578[0m | [1mINFO    [0m | [36msrc.application.indexing_service[0m:[36m99[0m - [1m文档向量化完成 doc_id=3696e26a-3f4d-4a35-8b98-669c5abe81e9 vectors=2 embedding=BGE3Embedding 耗时=10553ms[0m
[32m2026-09-06 12:45:01.586[0m | [1mINFO    [0m | [36msrc.application.index_runner[0m:[36m41[0m - [1m开始向量化文档 doc_id=41abcb46-456e-430b-84a0-61b6ed3029fa[0m
[32m2026-09-06 12:45:10.870[0m | [1mINFO    [0m | [36msrc.application.indexing_service[0m:[36m99[0m - [1m文档向量化完成 doc_id=dca4b335-bbae-4094-9a50-bc5813f93bd9 vectors=2 embedding=BGE3Embedding 耗时=9229ms[0m
[32m2026-09-06 12:45:10.881[0m | [1mINFO    [0m | [36msrc.application.index_runner[0m:[36m41[0m - [1m开始向量化文档 doc_id=a4a524cd-1626-4fab-9717-e056e8bb6959[0m
[32m2026-09-06 12:45:20.851[0m | [1mINFO    [0m | [36msrc.application.indexing_service[0m:[36m99[0m - [1m文档向量化完成 doc_id=bd886746-9cf8-4969-9f38-85963b5e19de vectors=2 embedding=BGE3Embedding 耗时=9917ms[0m
[32m2026-09-06 12:45:30.580[0m | [1mINFO    [0m | [36msrc.application.indexing_service[0m:[36m99[0m - [1m文档向量化完成 doc_id=76c1943a-2f34-43d2-9b08-05b42301c1d3 vectors=2 embedding=BGE3Embedding 耗时=9660ms[0m
[32m2026-09-06 12:45:40.573[0m | [1mINFO    [0m | [36msrc.application.indexing_service[0m:[36m99[0m - [1m文档向量化完成 doc_id=a8452960-c1bb-4a97-897d-efc9ec76bad0 vectors=2 embedding=BGE3Embedding 耗时=9928ms[0m
[32m2026-09-06 12:45:50.482[0m | [1mINFO    [0m | [36msrc.application.indexing_service[0m:[36m99[0m - [1m文档向量化完成 doc_id=ea0c9688-eaae-4fda-a4ff-874a6516b267 vectors=2 embedding=BGE3Embedding 耗时=69027ms[0m
[32m2026-09-06 12:46:00.865[0m | [1mINFO    [0m | [36msrc.application.indexing_service[0m:[36m99[0m - [1m文档向量化完成 doc_id=efb03b51-15ce-44f3-af50-e73e0d720e96 vectors=3 embedding=BGE3Embedding 耗时=10320ms[0m
[32m2026-09-06 12:46:11.130[0m | [1mINFO    [0m | [36msrc.application.indexing_service[0m:[36m99[0m - [1m文档向量化完成 doc_id=9143299e-edce-49dd-aca1-1231b7f0ad30 vectors=2 embedding=BGE3Embedding 耗时=30491ms[0m
[32m2026-09-06 12:46:21.852[0m | [1mINFO    [0m | [36msrc.application.indexing_service[0m:[36m99[0m - [1m文档向量化完成 doc_id=351642cf-0877-4cf9-8494-7e0de724aaa5 vectors=3 embedding=BGE3Embedding 耗时=10658ms[0m
[32m2026-09-06 12:46:31.809[0m | [1mINFO    [0m | [36msrc.application.indexing_service[0m:[36m99[0m - [1m文档向量化完成 doc_id=06dc6aa2-d237-4765-88db-a564e3f7d4ec vectors=3 embedding=BGE3Embedding 耗时=9896ms[0m
[32m2026-09-06 12:46:39.462[0m | [1mINFO    [0m | [36msrc.application.indexing_service[0m:[36m99[0m - [1m文档向量化完成 doc_id=815d15cc-51ea-4ed2-8a15-6486dbc8fcdd vectors=3 embedding=BGE3Embedding 耗时=38528ms[0m
[32m2026-09-06 12:46:50.399[0m | [1mINFO    [0m | [36msrc.application.indexing_service[0m:[36m99[0m - [1m文档向量化完成 doc_id=e108af9a-0500-4e23-92e5-3d74c8ad82ec vectors=4 embedding=BGE3Embedding 耗时=18528ms[0m
C:\bi ye she ji\backend\venv\Lib\site-packages\jwt\api_jwt.py:147: InsecureKeyLengthWarning: The HMAC key is 23 bytes long, which is below the minimum recommended length of 32 bytes for SHA256. See RFC 7518 Section 3.2.
  return self._jws.encode(
[32m2026-09-06 12:46:53.476[0m | [1mINFO    [0m | [36msrc.infrastructure.hyde[0m:[36m88[0m - [1mHyDE 客户端就绪 model=deepseek-chat base_url=https://api.deepseek.com/v1[0m
[32m2026-09-06 12:46:55.541[0m | [1mINFO    [0m | [36msrc.application.rag_service[0m:[36m157[0m - [1mHyDE 改写: ????????????... -> 在分布式系统中，节点间通信的可靠性通常通过超时与重试机制保障，但需注意区分“请求失败”与“响应丢失”...[0m
[32m2026-09-06 12:46:57.976[0m | [1mINFO    [0m | [36msrc.application.rag_service[0m:[36m196[0m - [1m混合检索 dense=5 sparse=5 fused=5 reranked=5[0m
[32m2026-09-06 12:47:02.641[0m | [1mINFO    [0m | [36msrc.application.rag_service[0m:[36m347[0m - [1mRAG 流式问答完成 conv=7a688d09-6994-4bf1-bd46-f57271168c9c hits=5 citations=5 cache=miss 耗时=9242ms[0m
[32m2026-09-06 12:47:02.798[0m | [1mINFO    [0m | [36msrc.application.indexing_service[0m:[36m99[0m - [1m文档向量化完成 doc_id=c60dd2d8-707a-4a15-bac5-309f28700b6c vectors=2 embedding=BGE3Embedding 耗时=12272ms[0m
[32m2026-09-06 12:47:09.897[0m | [1mINFO    [0m | [36msrc.application.indexing_service[0m:[36m99[0m - [1m文档向量化完成 doc_id=983448e0-b2a7-43ae-b32a-e5b9f8916415 vectors=2 embedding=BGE3Embedding 耗时=30270ms[0m
[32m2026-09-06 12:47:21.840[0m | [1mINFO    [0m | [36msrc.application.indexing_service[0m:[36m99[0m - [1m文档向量化完成 doc_id=b10e5059-764f-420b-9345-4f85a634fd78 vectors=2 embedding=BGE3Embedding 耗时=11851ms[0m
[32m2026-09-06 12:47:32.188[0m | [1mINFO    [0m | [36msrc.application.indexing_service[0m:[36m99[0m - [1m文档向量化完成 doc_id=eb45ff3e-aced-4763-a92e-ee42ade8e4dc vectors=2 embedding=BGE3Embedding 耗时=10283ms[0m
[32m2026-09-06 12:47:42.990[0m | [1mINFO    [0m | [36msrc.application.indexing_service[0m:[36m99[0m - [1m文档向量化完成 doc_id=be0729c4-9e3b-4100-afc6-9549cb83ee21 vectors=2 embedding=BGE3Embedding 耗时=10726ms[0m
[32m2026-09-06 12:47:50.051[0m | [1mINFO    [0m | [36msrc.application.indexing_service[0m:[36m99[0m - [1m文档向量化完成 doc_id=7f1c1171-66bf-4064-b625-a55afe6f35ae vectors=2 embedding=BGE3Embedding 耗时=47182ms[0m
[32m2026-09-06 12:48:09.249[0m | [1mINFO    [0m | [36msrc.application.indexing_service[0m:[36m99[0m - [1m文档向量化完成 doc_id=d8d2258b-4b4b-4619-aec6-2d9dbb532610 vectors=3 embedding=BGE3Embedding 耗时=19072ms[0m
[32m2026-09-06 12:48:23.644[0m | [1mINFO    [0m | [36msrc.application.indexing_service[0m:[36m99[0m - [1m文档向量化完成 doc_id=4cc6e9e5-a211-4a02-9c97-88e8f280e8e3 vectors=5 embedding=BGE3Embedding 耗时=40587ms[0m
[32m2026-09-06 12:48:33.584[0m | [1mINFO    [0m | [36msrc.application.indexing_service[0m:[36m99[0m - [1m文档向量化完成 doc_id=84eb39f9-59fe-4527-b8e6-838b503129df vectors=3 embedding=BGE3Embedding 耗时=9878ms[0m
[32m2026-09-06 12:48:43.195[0m | [1mINFO    [0m | [36msrc.application.indexing_service[0m:[36m99[0m - [1m文档向量化完成 doc_id=ce1494a5-a69f-4953-bba4-e29cb6164e1e vectors=3 embedding=BGE3Embedding 耗时=9540ms[0m
[32m2026-09-06 12:48:52.817[0m | [1mINFO    [0m | [36msrc.application.indexing_service[0m:[36m99[0m - [1m文档向量化完成 doc_id=91e6080a-cabb-492c-a5f5-935e7a78b962 vectors=3 embedding=BGE3Embedding 耗时=43387ms[0m
[32m2026-09-06 12:49:03.370[0m | [1mINFO    [0m | [36msrc.application.indexing_service[0m:[36m99[0m - [1m文档向量化完成 doc_id=6895ca11-4f56-4c3a-bb0f-6d19f737cf20 vectors=4 embedding=BGE3Embedding 耗时=20084ms[0m
[32m2026-09-06 12:49:13.716[0m | [1mINFO    [0m | [36msrc.application.indexing_service[0m:[36m99[0m - [1m文档向量化完成 doc_id=4bb74dc2-95e7-410b-acb2-3e30baf3f9ef vectors=3 embedding=BGE3Embedding 耗时=20770ms[0m
[32m2026-09-06 12:49:22.813[0m | [1mINFO    [0m | [36msrc.application.indexing_service[0m:[36m99[0m - [1m文档向量化完成 doc_id=2ac70157-5d7f-4678-8283-ee5258927bed vectors=3 embedding=BGE3Embedding 耗时=19381ms[0m
[32m2026-09-06 12:49:32.824[0m | [1mINFO    [0m | [36msrc.application.indexing_service[0m:[36m99[0m - [1m文档向量化完成 doc_id=2cf2848e-dc07-4c98-a104-fbc13cc1731d vectors=3 embedding=BGE3Embedding 耗时=19045ms[0m
[32m2026-09-06 12:49:42.403[0m | [1mINFO    [0m | [36msrc.application.indexing_service[0m:[36m99[0m - [1m文档向量化完成 doc_id=b2635250-93a6-4b4c-96b8-729bd90902b5 vectors=3 embedding=BGE3Embedding 耗时=19529ms[0m
[32m2026-09-06 12:49:52.371[0m | [1mINFO    [0m | [36msrc.application.indexing_service[0m:[36m99[0m - [1m文档向量化完成 doc_id=e196e104-a260-4f37-84d0-864ebf40bbad vectors=3 embedding=BGE3Embedding 耗时=19486ms[0m
[32m2026-09-06 12:50:02.761[0m | [1mINFO    [0m | [36msrc.application.indexing_service[0m:[36m99[0m - [1m文档向量化完成 doc_id=da8b219c-94c0-4ae6-ba0e-d3e3fe981298 vectors=3 embedding=BGE3Embedding 耗时=10331ms[0m
[32m2026-09-06 12:50:15.184[0m | [1mINFO    [0m | [36msrc.application.indexing_service[0m:[36m99[0m - [1m文档向量化完成 doc_id=70617587-4444-4532-bf0d-10f0d534f556 vectors=4 embedding=BGE3Embedding 耗时=12355ms[0m
[32m2026-09-06 12:50:22.606[0m | [1mINFO    [0m | [36msrc.application.indexing_service[0m:[36m99[0m - [1m文档向量化完成 doc_id=1d66d76b-0983-4777-ac45-8b613855511f vectors=3 embedding=BGE3Embedding 耗时=40142ms[0m
[32m2026-09-06 12:50:37.994[0m | [1mINFO    [0m | [36msrc.application.indexing_service[0m:[36m99[0m - [1m文档向量化完成 doc_id=772b96bc-0f1d-4f20-b7e5-cc5824c4d7f5 vectors=3 embedding=BGE3Embedding 耗时=15262ms[0m
[32m2026-09-06 12:50:53.190[0m | [1mINFO    [0m | [36msrc.application.indexing_service[0m:[36m99[0m - [1m文档向量化完成 doc_id=ab940b59-3c1e-4238-90e6-31fc72a09ec3 vectors=5 embedding=BGE3Embedding 耗时=37934ms[0m
[32m2026-09-06 12:51:02.587[0m | [1mINFO    [0m | [36msrc.application.indexing_service[0m:[36m99[0m - [1m文档向量化完成 doc_id=8ac460ab-e9b9-478d-90a7-1e527a156412 vectors=3 embedding=BGE3Embedding 耗时=9335ms[0m
[32m2026-09-06 12:51:11.875[0m | [1mINFO    [0m | [36msrc.application.indexing_service[0m:[36m99[0m - [1m文档向量化完成 doc_id=61c2c644-185d-4267-8ed2-967952e5d99d vectors=3 embedding=BGE3Embedding 耗时=33734ms[0m
[32m2026-09-06 12:51:22.178[0m | [1mINFO    [0m | [36msrc.application.indexing_service[0m:[36m99[0m - [1m文档向量化完成 doc_id=fdbd2088-babf-48a6-9d61-302e7b26c538 vectors=3 embedding=BGE3Embedding 耗时=19514ms[0m
[32m2026-09-06 12:51:32.346[0m | [1mINFO    [0m | [36msrc.application.indexing_service[0m:[36m99[0m - [1m文档向量化完成 doc_id=bc85b292-6bca-4fff-8dad-19e76a8f3375 vectors=4 embedding=BGE3Embedding 耗时=20411ms[0m
[32m2026-09-06 12:51:42.575[0m | [1mINFO    [0m | [36msrc.application.indexing_service[0m:[36m99[0m - [1m文档向量化完成 doc_id=e9579001-128e-4538-b08d-3e2a3778edff vectors=3 embedding=BGE3Embedding 耗时=20262ms[0m
[32m2026-09-06 12:51:51.767[0m | [1mINFO    [0m | [36msrc.application.indexing_service[0m:[36m99[0m - [1m文档向量化完成 doc_id=e076598a-c7cd-46f5-8326-1c71ab247565 vectors=3 embedding=BGE3Embedding 耗时=19360ms[0m
[32m2026-09-06 12:52:01.758[0m | [1mINFO    [0m | [36msrc.application.indexing_service[0m:[36m99[0m - [1m文档向量化完成 doc_id=41abcb46-456e-430b-84a0-61b6ed3029fa vectors=3 embedding=BGE3Embedding 耗时=19120ms[0m
[32m2026-09-06 12:52:11.615[0m | [1mINFO    [0m | [36msrc.application.indexing_service[0m:[36m99[0m - [1m文档向量化完成 doc_id=a4a524cd-1626-4fab-9717-e056e8bb6959 vectors=4 embedding=BGE3Embedding 耗时=19787ms[0m
[32m2026-09-06 15:10:00.158[0m | [1mINFO    [0m | [36msrc.infrastructure.hyde[0m:[36m88[0m - [1mHyDE 客户端就绪 model=deepseek-chat base_url=https://api.deepseek.com/v1[0m
[32m2026-09-06 15:10:02.111[0m | [1mINFO    [0m | [36msrc.application.rag_service[0m:[36m157[0m - [1mHyDE 改写: 你好... -> 你好。本手册旨在协助你快速了解系统的基础操作与常见问题排查。若你遇到界面无响应，请先尝试刷新页面或重...[0m
[32m2026-09-06 15:10:06.015[0m | [1mINFO    [0m | [36msrc.application.rag_service[0m:[36m196[0m - [1m混合检索 dense=5 sparse=5 fused=5 reranked=5[0m
[32m2026-09-06 15:10:08.753[0m | [1mINFO    [0m | [36msrc.application.rag_service[0m:[36m347[0m - [1mRAG 流式问答完成 conv=48b8cdd4-b247-4659-a916-af7789b2e623 hits=5 citations=5 cache=miss 耗时=8695ms[0m
[32m2026-09-06 15:11:05.842[0m | [1mINFO    [0m | [36msrc.infrastructure.hyde[0m:[36m88[0m - [1mHyDE 客户端就绪 model=deepseek-chat base_url=https://api.deepseek.com/v1[0m
[32m2026-09-06 15:11:08.718[0m | [1mINFO    [0m | [36msrc.application.rag_service[0m:[36m157[0m - [1mHyDE 改写: 产品介绍... -> **产品介绍**  
本产品是一款面向中小型企业的智能数据协作平台，集数据接入、清洗、可视化分析与权...[0m
[32m2026-09-06 15:11:11.692[0m | [1mINFO    [0m | [36msrc.application.rag_service[0m:[36m196[0m - [1m混合检索 dense=5 sparse=5 fused=5 reranked=5[0m
[32m2026-09-06 15:11:17.088[0m | [1mINFO    [0m | [36msrc.application.rag_service[0m:[36m347[0m - [1mRAG 流式问答完成 conv=48b8cdd4-b247-4659-a916-af7789b2e623 hits=5 citations=5 cache=hit 耗时=11269ms[0m
[32m2026-09-06 15:11:36.766[0m | [1mINFO    [0m | [36msrc.infrastructure.hyde[0m:[36m88[0m - [1mHyDE 客户端就绪 model=deepseek-chat base_url=https://api.deepseek.com/v1[0m
[32m2026-09-06 15:11:39.133[0m | [1mINFO    [0m | [36msrc.application.rag_service[0m:[36m157[0m - [1mHyDE 改写: 产品概述... -> 本产品是一款面向企业级应用的高性能分布式数据同步中间件，核心解决异构数据源间的实时、可靠、双向同步问...[0m
[32m2026-09-06 15:11:41.262[0m | [1mINFO    [0m | [36msrc.application.rag_service[0m:[36m196[0m - [1m混合检索 dense=5 sparse=5 fused=5 reranked=5[0m
[32m2026-09-06 15:11:45.899[0m | [1mINFO    [0m | [36msrc.application.rag_service[0m:[36m347[0m - [1mRAG 流式问答完成 conv=48b8cdd4-b247-4659-a916-af7789b2e623 hits=5 citations=5 cache=hit 耗时=9154ms[0m
[32m2026-09-06 15:12:21.601[0m | [1mINFO    [0m | [36msrc.infrastructure.hyde[0m:[36m88[0m - [1mHyDE 客户端就绪 model=deepseek-chat base_url=https://api.deepseek.com/v1[0m
[32m2026-09-06 15:12:23.166[0m | [1mINFO    [0m | [36msrc.application.rag_service[0m:[36m157[0m - [1mHyDE 改写: 你觉得这款产品如何... -> 根据实测数据与竞品对比，该产品在核心功能上表现稳定，响应速度优于同类均值约15%，但交互逻辑存在一定...[0m
[32m2026-09-06 15:12:25.082[0m | [1mINFO    [0m | [36msrc.application.rag_service[0m:[36m196[0m - [1m混合检索 dense=5 sparse=5 fused=5 reranked=5[0m
[32m2026-09-06 15:12:31.658[0m | [1mINFO    [0m | [36msrc.application.rag_service[0m:[36m347[0m - [1mRAG 流式问答完成 conv=48b8cdd4-b247-4659-a916-af7789b2e623 hits=5 citations=5 cache=hit 耗时=10109ms[0m
[32m2026-09-06 15:26:56.532[0m | [1mINFO    [0m | [36msrc.infrastructure.hyde[0m:[36m88[0m - [1mHyDE 客户端就绪 model=deepseek-chat base_url=https://api.deepseek.com/v1[0m
[32m2026-09-06 15:27:00.328[0m | [1mINFO    [0m | [36msrc.application.rag_service[0m:[36m157[0m - [1mHyDE 改写: 公司去年的销售额是多少... -> 根据财务系统归档数据，公司上一财年（2024年1月1日至12月31日）经审计的总销售额为 **¥2....[0m
[32m2026-09-06 15:27:02.883[0m | [1mINFO    [0m | [36msrc.application.rag_service[0m:[36m196[0m - [1m混合检索 dense=5 sparse=5 fused=5 reranked=5[0m
[32m2026-09-06 15:27:06.825[0m | [1mINFO    [0m | [36msrc.application.rag_service[0m:[36m347[0m - [1mRAG 流式问答完成 conv=48b8cdd4-b247-4659-a916-af7789b2e623 hits=5 citations=5 cache=hit 耗时=10314ms[0m
WARNING:  WatchFiles detected changes in 'src\core\config.py'. Reloading...
INFO:     Shutting down
INFO:     Waiting for application shutdown.
[32m2026-09-06 15:53:00.533[0m | [1mINFO    [0m | [36msrc.main[0m:[36m29[0m - [1m应用关闭[0m
INFO:     Application shutdown complete.
INFO:     Finished server process [5564]
WARNING:  WatchFiles detected changes in 'src\application\rag_service.py'. Reloading...
INFO:     Started server process [30788]
INFO:     Waiting for application startup.
[32m2026-09-06 15:53:14.965[0m | [1mINFO    [0m | [36msrc.infrastructure.database[0m:[36m54[0m - [1m数据库表结构同步完成（create_all）[0m
[32m2026-09-06 15:53:14.990[0m | [1mINFO    [0m | [36msrc.main[0m:[36m27[0m - [1mKnowledge Platform API v0.1.0 启动完成（环境：dev）[0m
INFO:     Application startup complete.
INFO:     Shutting down
INFO:     Waiting for application shutdown.
[32m2026-09-06 15:53:15.103[0m | [1mINFO    [0m | [36msrc.main[0m:[36m29[0m - [1m应用关闭[0m
INFO:     Application shutdown complete.
INFO:     Finished server process [30788]
INFO:     Started server process [30604]
INFO:     Waiting for application startup.
[32m2026-09-06 15:53:20.198[0m | [1mINFO    [0m | [36msrc.infrastructure.database[0m:[36m54[0m - [1m数据库表结构同步完成（create_all）[0m
[32m2026-09-06 15:53:20.234[0m | [1mINFO    [0m | [36msrc.main[0m:[36m27[0m - [1mKnowledge Platform API v0.1.0 启动完成（环境：dev）[0m
INFO:     Application startup complete.
WARNING:  WatchFiles detected changes in 'src\application\rag_service.py'. Reloading...
INFO:     Shutting down
INFO:     Waiting for application shutdown.
[32m2026-09-06 15:58:15.738[0m | [1mINFO    [0m | [36msrc.main[0m:[36m29[0m - [1m应用关闭[0m
INFO:     Application shutdown complete.
INFO:     Finished server process [30604]
WARNING:  WatchFiles detected changes in 'src\application\rag_service.py'. Reloading...
INFO:     Started server process [13332]
INFO:     Waiting for application startup.
[32m2026-09-06 15:58:23.166[0m | [1mINFO    [0m | [36msrc.infrastructure.database[0m:[36m54[0m - [1m数据库表结构同步完成（create_all）[0m
[32m2026-09-06 15:58:23.196[0m | [1mINFO    [0m | [36msrc.main[0m:[36m27[0m - [1mKnowledge Platform API v0.1.0 启动完成（环境：dev）[0m
INFO:     Application startup complete.
INFO:     Shutting down
INFO:     Waiting for application shutdown.
[32m2026-09-06 15:58:23.313[0m | [1mINFO    [0m | [36msrc.main[0m:[36m29[0m - [1m应用关闭[0m
INFO:     Application shutdown complete.
INFO:     Finished server process [13332]
INFO:     Started server process [13976]
INFO:     Waiting for application startup.
[32m2026-09-06 15:58:32.304[0m | [1mINFO    [0m | [36msrc.infrastructure.database[0m:[36m54[0m - [1m数据库表结构同步完成（create_all）[0m
[32m2026-09-06 15:58:32.336[0m | [1mINFO    [0m | [36msrc.main[0m:[36m27[0m - [1mKnowledge Platform API v0.1.0 启动完成（环境：dev）[0m
INFO:     Application startup complete.
WARNING:  WatchFiles detected changes in 'tests\_verify_refusal.py'. Reloading...
C:\bi ye she ji\backend\venv\Lib\site-packages\jwt\api_jwt.py:147: InsecureKeyLengthWarning: The HMAC key is 23 bytes long, which is below the minimum recommended length of 32 bytes for SHA256. See RFC 7518 Section 3.2.
  return self._jws.encode(
C:\bi ye she ji\backend\venv\Lib\site-packages\jwt\api_jwt.py:368: InsecureKeyLengthWarning: The HMAC key is 23 bytes long, which is below the minimum recommended length of 32 bytes for SHA256. See RFC 7518 Section 3.2.
  decoded = self.decode_complete(
[32m2026-09-06 16:01:52.091[0m | [1mINFO    [0m | [36msrc.infrastructure.embedding[0m:[36m50[0m - [1m加载 BGE-M3 模型（device=cpu）…[0m
Loading weights:   0%|          | 0/391 [00:00<?, ?it/s]Loading weights: 100%|██████████| 391/391 [00:00<00:00, 5339.15it/s]
INFO:     Shutting down
INFO:     Waiting for connections to close. (CTRL+C to force quit)
[32m2026-09-06 16:02:03.605[0m | [1mINFO    [0m | [36msrc.infrastructure.hyde[0m:[36m88[0m - [1mHyDE 客户端就绪 model=deepseek-chat base_url=https://api.deepseek.com/v1[0m
[32m2026-09-06 16:02:08.390[0m | [1mINFO    [0m | [36msrc.application.rag_service[0m:[36m175[0m - [1mHyDE 改写: 你觉得这款产品如何... -> 本产品在核心功能上表现稳定，交互逻辑清晰，学习成本较低，适合快速上手。性能方面，在标准负载下响应及时...[0m
C:\bi ye she ji\backend\venv\Lib\site-packages\pymilvus\client\__init__.py:6: UserWarning: pkg_resources is deprecated as an API. See https://setuptools.pypa.io/en/latest/pkg_resources.html. The pkg_resources package is slated for removal as early as 2025-11-30. Refrain from using this package or pin to Setuptools<81.
  from pkg_resources import DistributionNotFound, get_distribution
[32m2026-09-06 16:02:11.707[0m | [1mINFO    [0m | [36msrc.application.rag_service[0m:[36m217[0m - [1m混合检索 dense=5 sparse=5 fused=5 reranked=5[0m
[32m2026-09-06 16:02:14.138[0m | [1mINFO    [0m | [36msrc.application.rag_service[0m:[36m311[0m - [1mRAG 问答完成 conv=5d3ffd73-4d4e-4d20-98db-a71fb7a84f6a hits=5 citations=5 cache=miss 耗时=54632ms[0m
INFO:     Waiting for background tasks to complete. (CTRL+C to force quit)
INFO:     Waiting for application shutdown.
[32m2026-09-06 16:02:14.328[0m | [1mINFO    [0m | [36msrc.main[0m:[36m29[0m - [1m应用关闭[0m
INFO:     Application shutdown complete.
INFO:     Finished server process [13976]
WARNING:  WatchFiles detected changes in 'tests\_verify_refusal.py'. Reloading...
INFO:     Started server process [23436]
INFO:     Waiting for application startup.
[32m2026-09-06 16:02:23.088[0m | [1mINFO    [0m | [36msrc.infrastructure.database[0m:[36m54[0m - [1m数据库表结构同步完成（create_all）[0m
[32m2026-09-06 16:02:23.124[0m | [1mINFO    [0m | [36msrc.main[0m:[36m27[0m - [1mKnowledge Platform API v0.1.0 启动完成（环境：dev）[0m
INFO:     Application startup complete.
INFO:     Shutting down
INFO:     Waiting for application shutdown.
[32m2026-09-06 16:02:23.251[0m | [1mINFO    [0m | [36msrc.main[0m:[36m29[0m - [1m应用关闭[0m
INFO:     Application shutdown complete.
INFO:     Finished server process [23436]
INFO:     Started server process [5196]
INFO:     Waiting for application startup.
[32m2026-09-06 16:02:28.413[0m | [1mINFO    [0m | [36msrc.infrastructure.database[0m:[36m54[0m - [1m数据库表结构同步完成（create_all）[0m
[32m2026-09-06 16:02:28.453[0m | [1mINFO    [0m | [36msrc.main[0m:[36m27[0m - [1mKnowledge Platform API v0.1.0 启动完成（环境：dev）[0m
INFO:     Application startup complete.
C:\bi ye she ji\backend\venv\Lib\site-packages\jwt\api_jwt.py:368: InsecureKeyLengthWarning: The HMAC key is 23 bytes long, which is below the minimum recommended length of 32 bytes for SHA256. See RFC 7518 Section 3.2.
  decoded = self.decode_complete(
[32m2026-09-06 16:03:00.918[0m | [1mINFO    [0m | [36msrc.infrastructure.embedding[0m:[36m50[0m - [1m加载 BGE-M3 模型（device=cpu）…[0m
Loading weights:   0%|          | 0/391 [00:00<?, ?it/s]Loading weights: 100%|██████████| 391/391 [00:00<00:00, 6551.22it/s]
[32m2026-09-06 16:03:12.186[0m | [1mINFO    [0m | [36msrc.infrastructure.hyde[0m:[36m88[0m - [1mHyDE 客户端就绪 model=deepseek-chat base_url=https://api.deepseek.com/v1[0m
[32m2026-09-06 16:03:17.468[0m | [1mINFO    [0m | [36msrc.application.rag_service[0m:[36m175[0m - [1mHyDE 改写: 你觉得这款产品怎么样？好用吗... -> **产品评估摘要（v2.3.1）**  
在为期两周的集成测试中，该产品核心功能运行稳定，API响应...[0m
C:\bi ye she ji\backend\venv\Lib\site-packages\pymilvus\client\__init__.py:6: UserWarning: pkg_resources is deprecated as an API. See https://setuptools.pypa.io/en/latest/pkg_resources.html. The pkg_resources package is slated for removal as early as 2025-11-30. Refrain from using this package or pin to Setuptools<81.
  from pkg_resources import DistributionNotFound, get_distribution
[32m2026-09-06 16:03:21.484[0m | [1mINFO    [0m | [36msrc.application.rag_service[0m:[36m217[0m - [1m混合检索 dense=5 sparse=5 fused=5 reranked=5[0m
[32m2026-09-06 16:03:24.379[0m | [1mINFO    [0m | [36msrc.application.rag_service[0m:[36m311[0m - [1mRAG 问答完成 conv=cd332200-c7a1-493e-b54c-dd123d0e6089 hits=5 citations=5 cache=miss 耗时=55528ms[0m
C:\bi ye she ji\backend\venv\Lib\site-packages\jwt\api_jwt.py:368: InsecureKeyLengthWarning: The HMAC key is 23 bytes long, which is below the minimum recommended length of 32 bytes for SHA256. See RFC 7518 Section 3.2.
  decoded = self.decode_complete(
[32m2026-09-06 16:03:27.628[0m | [1mINFO    [0m | [36msrc.infrastructure.hyde[0m:[36m88[0m - [1mHyDE 客户端就绪 model=deepseek-chat base_url=https://api.deepseek.com/v1[0m
[32m2026-09-06 16:03:30.423[0m | [1mINFO    [0m | [36msrc.application.rag_service[0m:[36m175[0m - [1mHyDE 改写: 这个系统是做什么用的... -> 本系统用于对多源异构数据进行统一采集、清洗、融合与可视化分析，支撑业务决策与实时监控。它通过标准化接...[0m
[32m2026-09-06 16:03:32.746[0m | [1mINFO    [0m | [36msrc.application.rag_service[0m:[36m217[0m - [1m混合检索 dense=5 sparse=5 fused=5 reranked=5[0m
[32m2026-09-06 16:03:37.183[0m | [1mINFO    [0m | [36msrc.application.rag_service[0m:[36m311[0m - [1mRAG 问答完成 conv=0e1ddcc5-d3f0-4b8f-b974-17fb4e918516 hits=5 citations=2 cache=miss 耗时=9580ms[0m
WARNING:  WatchFiles detected changes in 'tests\_verify_refusal.py'. Reloading...
C:\bi ye she ji\backend\venv\Lib\site-packages\jwt\api_jwt.py:368: InsecureKeyLengthWarning: The HMAC key is 23 bytes long, which is below the minimum recommended length of 32 bytes for SHA256. See RFC 7518 Section 3.2.
  decoded = self.decode_complete(
[32m2026-09-06 16:05:43.614[0m | [1mINFO    [0m | [36msrc.infrastructure.hyde[0m:[36m88[0m - [1mHyDE 客户端就绪 model=deepseek-chat base_url=https://api.deepseek.com/v1[0m
[32m2026-09-06 16:05:45.383[0m | [1mINFO    [0m | [36msrc.application.rag_service[0m:[36m175[0m - [1mHyDE 改写: 你觉得产品如何... -> 本产品在功能完整性上表现良好，核心流程闭环清晰，但存在两点需关注：一是首屏加载耗时约2.3秒，超出性...[0m
INFO:     Shutting down
[32m2026-09-06 16:05:47.163[0m | [1mINFO    [0m | [36msrc.application.rag_service[0m:[36m217[0m - [1m混合检索 dense=5 sparse=5 fused=5 reranked=5[0m
INFO:     Waiting for connections to close. (CTRL+C to force quit)
[32m2026-09-06 16:05:49.986[0m | [1mINFO    [0m | [36msrc.application.rag_service[0m:[36m398[0m - [1mRAG 流式问答完成 conv=0611d5e7-7ea5-46b3-8919-c4795c3c22d0 hits=5 citations=5 cache=miss 耗时=6431ms[0m
INFO:     Waiting for application shutdown.
[32m2026-09-06 16:05:50.126[0m | [1mINFO    [0m | [36msrc.main[0m:[36m29[0m - [1m应用关闭[0m
INFO:     Application shutdown complete.
INFO:     Finished server process [5196]
INFO:     Started server process [32112]
INFO:     Waiting for application startup.
[32m2026-09-06 16:05:55.903[0m | [1mINFO    [0m | [36msrc.infrastructure.database[0m:[36m54[0m - [1m数据库表结构同步完成（create_all）[0m
[32m2026-09-06 16:05:55.918[0m | [1mINFO    [0m | [36msrc.main[0m:[36m27[0m - [1mKnowledge Platform API v0.1.0 启动完成（环境：dev）[0m
INFO:     Application startup complete.
C:\bi ye she ji\backend\venv\Lib\site-packages\jwt\api_jwt.py:368: InsecureKeyLengthWarning: The HMAC key is 23 bytes long, which is below the minimum recommended length of 32 bytes for SHA256. See RFC 7518 Section 3.2.
  decoded = self.decode_complete(
[32m2026-09-06 16:06:28.720[0m | [1mINFO    [0m | [36msrc.infrastructure.embedding[0m:[36m50[0m - [1m加载 BGE-M3 模型（device=cpu）…[0m
Loading weights:   0%|          | 0/391 [00:00<?, ?it/s]Loading weights: 100%|██████████| 391/391 [00:00<00:00, 6912.83it/s]
[32m2026-09-06 16:06:39.325[0m | [1mINFO    [0m | [36msrc.infrastructure.hyde[0m:[36m88[0m - [1mHyDE 客户端就绪 model=deepseek-chat base_url=https://api.deepseek.com/v1[0m
C:\bi ye she ji\backend\venv\Lib\site-packages\jwt\api_jwt.py:368: InsecureKeyLengthWarning: The HMAC key is 23 bytes long, which is below the minimum recommended length of 32 bytes for SHA256. See RFC 7518 Section 3.2.
  decoded = self.decode_complete(
[32m2026-09-06 16:07:44.601[0m | [1mINFO    [0m | [36msrc.infrastructure.hyde[0m:[36m88[0m - [1mHyDE 客户端就绪 model=deepseek-chat base_url=https://api.deepseek.com/v1[0m
[32m2026-09-06 16:07:47.241[0m | [1mINFO    [0m | [36msrc.application.rag_service[0m:[36m175[0m - [1mHyDE 改写: 产品概述... -> 本产品是一款面向企业级用户的智能数据集成与处理平台，旨在解决多源异构数据在采集、清洗、转换及加载过程...[0m
C:\bi ye she ji\backend\venv\Lib\site-packages\pymilvus\client\__init__.py:6: UserWarning: pkg_resources is deprecated as an API. See https://setuptools.pypa.io/en/latest/pkg_resources.html. The pkg_resources package is slated for removal as early as 2025-11-30. Refrain from using this package or pin to Setuptools<81.
  from pkg_resources import DistributionNotFound, get_distribution
[32m2026-09-06 16:07:50.907[0m | [1mINFO    [0m | [36msrc.application.rag_service[0m:[36m217[0m - [1m混合检索 dense=5 sparse=5 fused=5 reranked=5[0m
[32m2026-09-06 16:07:56.496[0m | [1mINFO    [0m | [36msrc.application.rag_service[0m:[36m398[0m - [1mRAG 流式问答完成 conv=0611d5e7-7ea5-46b3-8919-c4795c3c22d0 hits=5 citations=5 cache=hit 耗时=11917ms[0m
C:\bi ye she ji\backend\venv\Lib\site-packages\jwt\api_jwt.py:368: InsecureKeyLengthWarning: The HMAC key is 23 bytes long, which is below the minimum recommended length of 32 bytes for SHA256. See RFC 7518 Section 3.2.
  decoded = self.decode_complete(
